{
"type": "FeatureCollection",
"name": "tl_2024_13_tract",
"xy_coordinate_resolution": 1e-06,
"features": [
{"type":"Feature","properties":{"GEOID":"13089021411"},"geometry":{"type":"MultiPolygon","coordinates":[[[[-84.337961,33.86277],[-84.338921,33.860744],[-84.338924,33.860724],[-84.338587,33.860706],[-84.338529,33.860699],[-84.338139,33.860651],[-84.337347,33.860589],[-84.336125,33.860461],[-84.335257,33.860349],[-84.334893,33.860316],[-84.334396,33.860348],[-84.333928,33.860405],[-84.332666,33.860589],[-84.332107,33.860661],[-84.330636,33.860876],[-84.329797,33.860966],[-84.328973,33.861084],[-84.328362,33.86118],[-84.327963,33.861298],[-84.327483,33.861423],[-84.327105,33.86155],[-84.326785,33.86163],[-84.326495,33.861643],[-84.325839,33.861655],[-84.325586,33.86164],[-84.324854,33.861611],[-84.32474,33.861615],[-84.324083,33.861637],[-84.323687,33.861654],[-84.323361,33.861714],[-84.322727,33.861912],[-84.322093,33.862092],[-84.322422,33.862697],[-84.322752,33.863223],[-84.323389,33.864073],[-84.322799,33.864474],[-84.322003,33.864972],[-84.321283,33.865523],[-84.320879,33.865832],[-84.320417,33.86613],[-84.321175,33.866797],[-84.322982,33.868269],[-84.323359,33.868577],[-84.323447,33.868697],[-84.323523,33.868868],[-84.323743,33.869608],[-84.323758,33.869777],[-84.324835,33.874447],[-84.325036,33.875169],[-84.325193,33.875877],[-84.325421,33.876357],[-84.325441,33.876398],[-84.325501,33.876525],[-84.325971,33.876243],[-84.326746,33.875789],[-84.327198,33.875534],[-84.327958,33.87508],[-84.328581,33.874708],[-84.329151,33.874377],[-84.329587,33.874096],[-84.329908,33.873863],[-84.330144,33.873684],[-84.330304,33.873565],[-84.330468,33.873441],[-84.330917,33.873029],[-84.331189,33.872757],[-84.331808,33.87205],[-84.332105,33.871678],[-84.333235,33.870271],[-84.33368,33.869671],[-84.333947,33.869311],[-84.335268,33.867468],[-84.336507,33.865717],[-84.336829,33.865078],[-84.337427,33.863898],[-84.337961,33.86277]]]]}},
{"type":"Feature","properties":{"GEOID":"13121010108"},"geometry":{"type":"MultiPolygon","coordinates":[[[[-84.302523,33.96284],[-84.302543,33.962675],[-84.302531,33.961829],[-84.302502,33.960065],[-84.301021,33.959529],[-84.300865,33.959484],[-84.300602,33.959423],[-84.300331,33.959378],[-84.300058,33.959351],[-84.299824,33.959343],[-84.299525,33.95942],[-84.299113,33.959547],[-84.298665,33.959706],[-84.298614,33.959719],[-84.298321,33.95979],[-84.29796,33.959828],[-84.297795,33.959833],[-84.297027,33.959775],[-84.296809,33.959763],[-84.296545,33.959754],[-84.296284,33.959746],[-84.295074,33.959788],[-84.294945,33.959792],[-84.294532,33.959773],[-84.294108,33.959724],[-84.293522,33.95956],[-84.29341,33.959525],[-84.292984,33.959351],[-84.292588,33.959152],[-84.291993,33.958797],[-84.291786,33.958705],[-84.291052,33.958379],[-84.290885,33.958327],[-84.290646,33.958252],[-84.290581,33.958242],[-84.290176,33.95818],[-84.289813,33.958134],[-84.288743,33.957994],[-84.288699,33.957996],[-84.288454,33.957973],[-84.287954,33.957887],[-84.287833,33.957853],[-84.287455,33.957745],[-84.286862,33.957496],[-84.286213,33.957185],[-84.286112,33.957136],[-84.284903,33.956583],[-84.284624,33.956477],[-84.284346,33.956397],[-84.284271,33.956376],[-84.283898,33.956315],[-84.283576,33.956282],[-84.283489,33.956277],[-84.28272,33.956234],[-84.282253,33.956209],[-84.280497,33.95602],[-84.280368,33.956045],[-84.278745,33.957088],[-84.2784,33.957251],[-84.278075,33.957421],[-84.277664,33.957611],[-84.27725,33.957802],[-84.277195,33.957827],[-84.277093,33.957614],[-84.277063,33.957623],[-84.276895,33.957676],[-84.276874,33.957683],[-84.276822,33.9577],[-84.276436,33.957777],[-84.276319,33.9578],[-84.275194,33.958056],[-84.274122,33.9583],[-84.274053,33.958391],[-84.273734,33.958804],[-84.273021,33.959396],[-84.272495,33.95884],[-84.272352,33.95895],[-84.271932,33.959271],[-84.271697,33.959426],[-84.271538,33.959548],[-84.271174,33.959803],[-84.270659,33.960153],[-84.26939,33.961006],[-84.269089,33.961253],[-84.268814,33.961524],[-84.268741,33.961597],[-84.268536,33.961925],[-84.268383,33.962219],[-84.268265,33.962445],[-84.267748,33.963516],[-84.267622,33.963776],[-84.267559,33.963796],[-84.267335,33.963868],[-84.266627,33.964208],[-84.265747,33.964631],[-84.265522,33.96475],[-84.265218,33.964911],[-84.264729,33.965159],[-84.264431,33.965313],[-84.264095,33.965493],[-84.263381,33.965881],[-84.262885,33.966144],[-84.262172,33.966523],[-84.261335,33.966967],[-84.260217,33.967552],[-84.259848,33.967688],[-84.259444,33.967812],[-84.259122,33.967906],[-84.259081,33.967906],[-84.258913,33.967964],[-84.258297,33.968135],[-84.258089,33.968184],[-84.258168,33.968235],[-84.25847,33.968429],[-84.260066,33.969862],[-84.260418,33.970207],[-84.260781,33.970626],[-84.260854,33.970697],[-84.260962,33.970852],[-84.261078,33.971004],[-84.261254,33.971271],[-84.261727,33.97199],[-84.261972,33.972392],[-84.262176,33.972712],[-84.262496,33.973181],[-84.262654,33.973401],[-84.262698,33.973365],[-84.263061,33.973145],[-84.263115,33.973113],[-84.264093,33.972672],[-84.264584,33.972412],[-84.265457,33.971986],[-84.26596,33.971809],[-84.266182,33.971753],[-84.266602,33.971728],[-84.266915,33.971761],[-84.267207,33.971811],[-84.267748,33.971945],[-84.268084,33.972055],[-84.268121,33.972067],[-84.268704,33.972355],[-84.269241,33.972611],[-84.269788,33.972851],[-84.270873,33.973355],[-84.271254,33.973547],[-84.271634,33.973782],[-84.271984,33.973991],[-84.27223,33.974153],[-84.272403,33.974332],[-84.272523,33.974491],[-84.272616,33.974699],[-84.272712,33.974998],[-84.272796,33.975314],[-84.272838,33.975647],[-84.2729,33.975997],[-84.272981,33.976401],[-84.273077,33.976691],[-84.273467,33.977607],[-84.273621,33.977868],[-84.273781,33.97809],[-84.274024,33.978366],[-84.274452,33.97876],[-84.274778,33.979029],[-84.275055,33.979227],[-84.275558,33.979553],[-84.275878,33.979708],[-84.276095,33.979818],[-84.276314,33.979894],[-84.276499,33.979953],[-84.276705,33.980003],[-84.276901,33.980025],[-84.277076,33.980038],[-84.27735,33.980026],[-84.277505,33.979993],[-84.277626,33.979959],[-84.277826,33.979882],[-84.277948,33.979821],[-84.278071,33.979732],[-84.278173,33.979643],[-84.278263,33.979554],[-84.278469,33.979276],[-84.278561,33.979123],[-84.278733,33.97888],[-84.278883,33.978646],[-84.27902,33.978467],[-84.279338,33.978109],[-84.279507,33.977976],[-84.279965,33.977667],[-84.280235,33.97748],[-84.279883,33.976895],[-84.279747,33.976702],[-84.279692,33.976624],[-84.279664,33.976563],[-84.279626,33.976481],[-84.27959,33.976355],[-84.279336,33.975831],[-84.27931,33.975784],[-84.279241,33.975662],[-84.279057,33.975475],[-84.2789,33.975371],[-84.278812,33.975294],[-84.278796,33.975185],[-84.278838,33.975102],[-84.279004,33.974922],[-84.27917,33.974759],[-84.279232,33.974685],[-84.279237,33.974527],[-84.279271,33.974427],[-84.279353,33.974346],[-84.279497,33.974232],[-84.279641,33.974135],[-84.280061,33.973835],[-84.280369,33.973592],[-84.280517,33.97337],[-84.28052,33.973261],[-84.280464,33.973151],[-84.280348,33.973015],[-84.280206,33.972898],[-84.280431,33.972712],[-84.280714,33.972582],[-84.280865,33.972557],[-84.281034,33.972561],[-84.281239,33.972532],[-84.281459,33.972457],[-84.282618,33.97214],[-84.283236,33.971967],[-84.283565,33.971889],[-84.283878,33.971856],[-84.284145,33.971811],[-84.284211,33.971788],[-84.284272,33.971767],[-84.284454,33.971705],[-84.284872,33.971604],[-84.285004,33.971533],[-84.285081,33.971438],[-84.285181,33.971299],[-84.285224,33.971221],[-84.285343,33.971121],[-84.285494,33.971074],[-84.285528,33.97107],[-84.285549,33.971067],[-84.285562,33.971065],[-84.285692,33.97105],[-84.28579,33.971052],[-84.286087,33.971024],[-84.286448,33.970778],[-84.286811,33.970497],[-84.287301,33.97025],[-84.287502,33.970129],[-84.28753,33.970113],[-84.287897,33.970121],[-84.287972,33.970106],[-84.288063,33.970029],[-84.288072,33.969955],[-84.288218,33.969862],[-84.288513,33.969739],[-84.288748,33.969642],[-84.288941,33.969567],[-84.289037,33.969546],[-84.289254,33.969551],[-84.289541,33.969506],[-84.289761,33.969432],[-84.289942,33.9693],[-84.290076,33.969144],[-84.290184,33.968954],[-84.290332,33.968799],[-84.290379,33.968727],[-84.290453,33.968614],[-84.290471,33.968446],[-84.290507,33.968425],[-84.290564,33.968357],[-84.290653,33.968309],[-84.290902,33.968023],[-84.290935,33.967983],[-84.291039,33.967858],[-84.291183,33.967601],[-84.291226,33.967547],[-84.291297,33.967458],[-84.291372,33.967341],[-84.291413,33.967247],[-84.291503,33.96718],[-84.291764,33.967045],[-84.292136,33.966884],[-84.292303,33.966779],[-84.292464,33.9667],[-84.292646,33.966645],[-84.292779,33.966589],[-84.292962,33.96652],[-84.293125,33.966453],[-84.293609,33.966204],[-84.293821,33.966072],[-84.294055,33.965904],[-84.294221,33.965793],[-84.294581,33.965551],[-84.294675,33.965494],[-84.294885,33.965355],[-84.295,33.96518],[-84.295025,33.965071],[-84.295041,33.965047],[-84.296324,33.965096],[-84.297489,33.965124],[-84.300776,33.965203],[-84.300882,33.965205],[-84.301734,33.964023],[-84.30186,33.963849],[-84.302343,33.963249],[-84.302422,33.963119],[-84.302482,33.962982],[-84.302523,33.96284]]]]}},
{"type":"Feature","properties":{"GEOID":"13067030331"},"geometry":{"type":"MultiPolygon","coordinates":[[[[-84.464129,34.004524],[-84.464238,34.003859],[-84.464242,34.003723],[-84.464237,34.003554],[-84.464192,34.003334],[-84.464042,34.003113],[-84.464021,34.00305],[-84.463822,34.002827],[-84.463746,34.00264],[-84.463681,34.002436],[-84.463647,34.002232],[-84.463784,34.001711],[-84.463935,34.000717],[-84.463995,34.000357],[-84.46403,33.999846],[-84.464019,33.999514],[-84.464015,33.999376],[-84.463983,33.999129],[-84.463977,33.999111],[-84.463905,33.998671],[-84.463842,33.99839],[-84.463737,33.998185],[-84.463619,33.998031],[-84.463501,33.997927],[-84.463061,33.99769],[-84.462843,33.997533],[-84.462564,33.997358],[-84.462209,33.996987],[-84.461924,33.996703],[-84.461658,33.996322],[-84.461328,33.995834],[-84.461251,33.995697],[-84.461175,33.995492],[-84.46112,33.995297],[-84.461081,33.994924],[-84.461013,33.994475],[-84.460976,33.994009],[-84.460982,33.993798],[-84.461019,33.993579],[-84.461036,33.993521],[-84.461099,33.993302],[-84.461214,33.992831],[-84.461224,33.992777],[-84.46125,33.992637],[-84.461295,33.992486],[-84.461279,33.99235],[-84.461243,33.991876],[-84.461202,33.991529],[-84.461157,33.991334],[-84.461085,33.991178],[-84.460922,33.990806],[-84.460431,33.98977],[-84.459884,33.988799],[-84.459547,33.987966],[-84.459334,33.98746],[-84.459259,33.987146],[-84.459227,33.987011],[-84.458944,33.986082],[-84.458881,33.985473],[-84.458789,33.985086],[-84.456866,33.985164],[-84.456425,33.985137],[-84.456021,33.985133],[-84.455797,33.985147],[-84.455572,33.985197],[-84.45529,33.985304],[-84.45493,33.985479],[-84.454634,33.985634],[-84.454548,33.98568],[-84.454308,33.98583],[-84.454219,33.985914],[-84.454125,33.986037],[-84.454061,33.986168],[-84.454008,33.986312],[-84.453962,33.986552],[-84.453843,33.987059],[-84.453607,33.98812],[-84.453522,33.988442],[-84.453469,33.988591],[-84.453399,33.988715],[-84.453256,33.988863],[-84.453015,33.989074],[-84.452244,33.989655],[-84.451624,33.990108],[-84.451072,33.990492],[-84.450684,33.990712],[-84.450416,33.990906],[-84.450258,33.991066],[-84.450169,33.991148],[-84.45012,33.991206],[-84.450087,33.991245],[-84.449715,33.991547],[-84.449382,33.991793],[-84.449207,33.991908],[-84.448929,33.992021],[-84.448567,33.992129],[-84.448428,33.992171],[-84.447864,33.992345],[-84.447526,33.992456],[-84.44539,33.993308],[-84.445051,33.993453],[-84.444775,33.993523],[-84.444306,33.9936],[-84.443756,33.993646],[-84.443404,33.993616],[-84.442766,33.993576],[-84.442714,33.993573],[-84.441622,33.993507],[-84.44103,33.993516],[-84.440773,33.99351],[-84.44045,33.993557],[-84.43986,33.99376],[-84.439527,33.993881],[-84.438908,33.994084],[-84.43868,33.994185],[-84.438174,33.994371],[-84.436714,33.994601],[-84.435014,33.994904],[-84.434804,33.994941],[-84.433948,33.99519],[-84.434105,33.995396],[-84.43431,33.99584],[-84.434405,33.996099],[-84.434451,33.996271],[-84.434485,33.996443],[-84.434504,33.996669],[-84.434509,33.996926],[-84.434425,33.997589],[-84.434403,33.997849],[-84.434291,33.998604],[-84.434251,33.999096],[-84.434247,33.999453],[-84.434282,33.999761],[-84.43434,33.999976],[-84.434399,34.000159],[-84.434508,34.000387],[-84.434654,34.000636],[-84.43474,34.000768],[-84.43479,34.000843],[-84.434867,34.000951],[-84.435061,34.001223],[-84.435158,34.001355],[-84.435308,34.00156],[-84.43553,34.001876],[-84.435727,34.002191],[-84.435897,34.002476],[-84.435935,34.002538],[-84.435968,34.002619],[-84.436222,34.003239],[-84.436261,34.003379],[-84.436292,34.003488],[-84.436365,34.004057],[-84.436344,34.004357],[-84.436279,34.00476],[-84.436005,34.005353],[-84.435747,34.005804],[-84.435538,34.006028],[-84.434959,34.006717],[-84.434088,34.007646],[-84.433494,34.008368],[-84.433358,34.008555],[-84.433146,34.008899],[-84.433073,34.009058],[-84.432994,34.009231],[-84.432903,34.009534],[-84.432866,34.009764],[-84.432846,34.009974],[-84.432833,34.010112],[-84.432824,34.01078],[-84.432812,34.011184],[-84.432773,34.011464],[-84.432674,34.011804],[-84.432571,34.012045],[-84.432529,34.012143],[-84.432389,34.012347],[-84.432173,34.012677],[-84.431633,34.013351],[-84.430115,34.015295],[-84.431447,34.015298],[-84.432148,34.0153],[-84.432651,34.015306],[-84.434491,34.01533],[-84.436276,34.015353],[-84.437184,34.015365],[-84.438369,34.015436],[-84.438549,34.015446],[-84.439624,34.015562],[-84.440279,34.015588],[-84.440691,34.015589],[-84.440941,34.015574],[-84.441394,34.015472],[-84.441534,34.015415],[-84.441814,34.015233],[-84.441954,34.015129],[-84.44212,34.014994],[-84.44247,34.014661],[-84.443436,34.013677],[-84.444522,34.012562],[-84.445387,34.011608],[-84.445555,34.011434],[-84.446257,34.011018],[-84.446546,34.010872],[-84.446814,34.01075],[-84.447541,34.01052],[-84.448042,34.010396],[-84.448709,34.010255],[-84.449156,34.010157],[-84.449871,34.009994],[-84.451134,34.009826],[-84.451692,34.009837],[-84.452439,34.009997],[-84.452697,34.010179],[-84.452906,34.010302],[-84.453285,34.010547],[-84.454339,34.01127],[-84.454768,34.011524],[-84.455289,34.011754],[-84.45574,34.011933],[-84.456319,34.012105],[-84.456571,34.012161],[-84.456854,34.012209],[-84.457203,34.012276],[-84.457895,34.012357],[-84.45834,34.0124],[-84.459621,34.012359],[-84.459814,34.012338],[-84.460125,34.012323],[-84.46018,34.01232],[-84.460576,34.012311],[-84.461509,34.012347],[-84.46329,34.012378],[-84.463253,34.012034],[-84.463225,34.011712],[-84.463236,34.011524],[-84.463232,34.011293],[-84.463252,34.010785],[-84.463207,34.010176],[-84.46319,34.009379],[-84.463217,34.007464],[-84.463212,34.007312],[-84.463217,34.007146],[-84.463264,34.006939],[-84.463363,34.006694],[-84.463818,34.005891],[-84.463951,34.005645],[-84.464051,34.005368],[-84.46411,34.005082],[-84.46413,34.004752],[-84.464129,34.004524]]]]}},
{"type":"Feature","properties":{"GEOID":"13067030332"},"geometry":{"type":"MultiPolygon","coordinates":[[[[-84.454548,33.98568],[-84.454634,33.985634],[-84.454615,33.985539],[-84.454481,33.985276],[-84.454312,33.985168],[-84.454203,33.985152],[-84.454127,33.985059],[-84.454086,33.984863],[-84.454014,33.984639],[-84.453863,33.984466],[-84.453759,33.984268],[-84.453656,33.984057],[-84.453584,33.983834],[-84.453621,33.983638],[-84.453565,33.983428],[-84.453491,33.98327],[-84.453169,33.983041],[-84.453139,33.982976],[-84.453209,33.982742],[-84.453199,33.982685],[-84.453182,33.982585],[-84.453065,33.982321],[-84.452897,33.982174],[-84.452711,33.982079],[-84.452389,33.981837],[-84.452224,33.981586],[-84.452076,33.981295],[-84.452053,33.981033],[-84.451885,33.980886],[-84.451873,33.980756],[-84.45185,33.979954],[-84.451924,33.979568],[-84.451892,33.979243],[-84.451879,33.97911],[-84.447961,33.979021],[-84.447545,33.979035],[-84.447201,33.979027],[-84.44608,33.979012],[-84.445032,33.978968],[-84.44497,33.978966],[-84.444456,33.97891],[-84.444201,33.978876],[-84.44397,33.978847],[-84.443574,33.978779],[-84.443197,33.978688],[-84.442757,33.978574],[-84.442103,33.978379],[-84.441646,33.978234],[-84.441072,33.978087],[-84.440541,33.977985],[-84.44022,33.977947],[-84.43992,33.977897],[-84.439341,33.977847],[-84.438918,33.977838],[-84.438626,33.977863],[-84.438273,33.977885],[-84.437704,33.977911],[-84.437132,33.97802],[-84.436668,33.978108],[-84.436129,33.978292],[-84.435607,33.978492],[-84.435185,33.978695],[-84.433774,33.979572],[-84.432728,33.980135],[-84.43144,33.980861],[-84.430115,33.981632],[-84.430023,33.981685],[-84.428973,33.982309],[-84.427082,33.98355],[-84.427094,33.983742],[-84.427131,33.984388],[-84.427156,33.98474],[-84.427157,33.984782],[-84.427187,33.985844],[-84.427195,33.986156],[-84.427181,33.986629],[-84.427165,33.986716],[-84.427052,33.987293],[-84.426989,33.988038],[-84.426984,33.988284],[-84.427088,33.988907],[-84.427125,33.989058],[-84.427178,33.989229],[-84.427196,33.989285],[-84.427322,33.98959],[-84.427746,33.990441],[-84.428013,33.990976],[-84.428186,33.99134],[-84.428399,33.991789],[-84.428536,33.992069],[-84.42866,33.992253],[-84.428805,33.992438],[-84.428996,33.992663],[-84.429203,33.992862],[-84.429344,33.99299],[-84.429846,33.993282],[-84.430462,33.993547],[-84.430798,33.993646],[-84.431272,33.993745],[-84.431501,33.993792],[-84.432168,33.994018],[-84.432649,33.994221],[-84.433124,33.994448],[-84.433483,33.994676],[-84.433683,33.994873],[-84.433948,33.99519],[-84.434804,33.994941],[-84.435014,33.994904],[-84.436714,33.994601],[-84.438174,33.994371],[-84.43868,33.994185],[-84.438908,33.994084],[-84.439527,33.993881],[-84.43986,33.99376],[-84.44045,33.993557],[-84.440773,33.99351],[-84.44103,33.993516],[-84.441622,33.993507],[-84.442714,33.993573],[-84.442766,33.993576],[-84.443404,33.993616],[-84.443756,33.993646],[-84.444306,33.9936],[-84.444775,33.993523],[-84.445051,33.993453],[-84.44539,33.993308],[-84.447526,33.992456],[-84.447864,33.992345],[-84.448428,33.992171],[-84.448567,33.992129],[-84.448929,33.992021],[-84.449207,33.991908],[-84.449382,33.991793],[-84.449715,33.991547],[-84.450087,33.991245],[-84.45012,33.991206],[-84.450169,33.991148],[-84.450258,33.991066],[-84.450416,33.990906],[-84.450684,33.990712],[-84.451072,33.990492],[-84.451624,33.990108],[-84.452244,33.989655],[-84.453015,33.989074],[-84.453256,33.988863],[-84.453399,33.988715],[-84.453469,33.988591],[-84.453522,33.988442],[-84.453607,33.98812],[-84.453843,33.987059],[-84.453962,33.986552],[-84.454008,33.986312],[-84.454061,33.986168],[-84.454125,33.986037],[-84.454219,33.985914],[-84.454308,33.98583],[-84.454548,33.98568]]]]}},
{"type":"Feature","properties":{"GEOID":"13067030319"},"geometry":{"type":"MultiPolygon","coordinates":[[[[-84.411486,33.966452],[-84.411893,33.966447],[-84.411723,33.966038],[-84.411678,33.965842],[-84.411654,33.965647],[-84.411644,33.965309],[-84.41165,33.965133],[-84.411643,33.964667],[-84.411641,33.963052],[-84.411658,33.961241],[-84.411675,33.959518],[-84.411684,33.95938],[-84.411699,33.95914],[-84.411699,33.958119],[-84.4117,33.956765],[-84.411795,33.95605],[-84.411704,33.955286],[-84.411633,33.953654],[-84.411561,33.952959],[-84.411555,33.952509],[-84.411543,33.952109],[-84.411483,33.951036],[-84.411432,33.950359],[-84.41141,33.950259],[-84.41135,33.949986],[-84.411287,33.949838],[-84.410993,33.949391],[-84.41035,33.9484],[-84.409973,33.947911],[-84.409666,33.947624],[-84.409421,33.947429],[-84.409184,33.94731],[-84.408653,33.947198],[-84.40811,33.947046],[-84.407598,33.946856],[-84.406858,33.946213],[-84.406578,33.945434],[-84.406447,33.945025],[-84.405483,33.944045],[-84.405194,33.943769],[-84.405089,33.943851],[-84.404974,33.943944],[-84.404865,33.944047],[-84.404784,33.944124],[-84.404692,33.94418],[-84.404586,33.944275],[-84.404519,33.944353],[-84.404416,33.944435],[-84.404344,33.944512],[-84.404295,33.944566],[-84.40427,33.944589],[-84.404104,33.944772],[-84.403991,33.944854],[-84.403939,33.944929],[-84.403882,33.945016],[-84.403821,33.945093],[-84.403764,33.945148],[-84.403699,33.945215],[-84.403596,33.9453],[-84.403523,33.945356],[-84.403456,33.945423],[-84.403411,33.945481],[-84.403368,33.945553],[-84.403304,33.945629],[-84.403185,33.945726],[-84.403105,33.945786],[-84.402958,33.945869],[-84.402882,33.945946],[-84.402778,33.94604],[-84.402747,33.946065],[-84.402639,33.946168],[-84.402573,33.94623],[-84.402493,33.946309],[-84.402407,33.946406],[-84.402334,33.946464],[-84.402224,33.946539],[-84.402091,33.946666],[-84.401909,33.946904],[-84.401858,33.946988],[-84.401703,33.947167],[-84.401697,33.947196],[-84.401553,33.9473],[-84.401478,33.947407],[-84.401453,33.947455],[-84.401341,33.947569],[-84.40116,33.947804],[-84.401112,33.947837],[-84.401065,33.947869],[-84.400948,33.948028],[-84.400834,33.948162],[-84.400774,33.94821],[-84.400689,33.948373],[-84.400543,33.948551],[-84.400417,33.948751],[-84.400196,33.949027],[-84.400088,33.949178],[-84.399979,33.94933],[-84.399723,33.949624],[-84.399534,33.949824],[-84.399507,33.949863],[-84.39947,33.949905],[-84.399229,33.950176],[-84.39895,33.950417],[-84.398866,33.95052],[-84.398824,33.950557],[-84.398444,33.950883],[-84.398022,33.951282],[-84.397758,33.951563],[-84.397483,33.951774],[-84.397294,33.951908],[-84.396951,33.952104],[-84.396649,33.952311],[-84.396567,33.952364],[-84.396481,33.952448],[-84.396332,33.952535],[-84.396117,33.952638],[-84.396056,33.952671],[-84.395974,33.952717],[-84.395691,33.952897],[-84.395621,33.952937],[-84.395546,33.952963],[-84.395486,33.95299],[-84.395433,33.953014],[-84.395369,33.953043],[-84.395222,33.953134],[-84.395086,33.953215],[-84.39483,33.953286],[-84.394792,33.953296],[-84.394085,33.953677],[-84.394053,33.953734],[-84.39396,33.953792],[-84.393941,33.953814],[-84.393792,33.953854],[-84.393642,33.953921],[-84.393487,33.954006],[-84.393416,33.954052],[-84.393367,33.9541],[-84.3933,33.954144],[-84.393208,33.954231],[-84.393159,33.954266],[-84.393132,33.954313],[-84.393074,33.954339],[-84.392987,33.954393],[-84.392832,33.954499],[-84.392581,33.954646],[-84.392518,33.954728],[-84.392182,33.954984],[-84.392068,33.955079],[-84.391807,33.955259],[-84.39178,33.955274],[-84.391751,33.955294],[-84.391655,33.955371],[-84.391609,33.955402],[-84.391577,33.955427],[-84.391472,33.955508],[-84.391396,33.955568],[-84.391316,33.95563],[-84.391195,33.955718],[-84.391037,33.955832],[-84.390974,33.955878],[-84.390901,33.95593],[-84.390779,33.956049],[-84.39047,33.956279],[-84.390338,33.956334],[-84.390247,33.956445],[-84.390181,33.956494],[-84.390097,33.956556],[-84.390021,33.956613],[-84.38994,33.956673],[-84.389867,33.956739],[-84.389789,33.956792],[-84.389717,33.956849],[-84.38963,33.956915],[-84.389569,33.956967],[-84.389504,33.957025],[-84.389482,33.957045],[-84.389441,33.957091],[-84.389403,33.957134],[-84.389069,33.957433],[-84.388867,33.957684],[-84.388701,33.957852],[-84.388581,33.958028],[-84.388535,33.958089],[-84.388248,33.958459],[-84.388107,33.958601],[-84.38805,33.958695],[-84.3877,33.959147],[-84.386894,33.959928],[-84.386403,33.96032],[-84.386365,33.960376],[-84.386262,33.960495],[-84.386106,33.960643],[-84.385948,33.960791],[-84.385867,33.960868],[-84.385831,33.960933],[-84.385775,33.961009],[-84.385678,33.9611],[-84.385641,33.961162],[-84.385531,33.96127],[-84.385374,33.961401],[-84.385159,33.96161],[-84.385097,33.961699],[-84.385002,33.961779],[-84.384958,33.961795],[-84.384702,33.962018],[-84.384558,33.962142],[-84.384521,33.962164],[-84.384506,33.962185],[-84.38448,33.962205],[-84.384444,33.962223],[-84.384402,33.96224],[-84.384144,33.962405],[-84.384116,33.962424],[-84.384025,33.962502],[-84.383952,33.962579],[-84.38379,33.962743],[-84.383724,33.962827],[-84.383661,33.962925],[-84.383593,33.962997],[-84.383487,33.963135],[-84.383437,33.963207],[-84.383389,33.963253],[-84.383253,33.963394],[-84.383245,33.963404],[-84.383242,33.963418],[-84.3832,33.963491],[-84.383158,33.963564],[-84.383096,33.963673],[-84.383066,33.963772],[-84.383035,33.963826],[-84.383024,33.963866],[-84.383002,33.963945],[-84.382975,33.964043],[-84.382935,33.964119],[-84.382906,33.964217],[-84.38288,33.964316],[-84.382855,33.964415],[-84.38285,33.964497],[-84.382822,33.964595],[-84.3828,33.964674],[-84.382802,33.964845],[-84.382803,33.964956],[-84.382804,33.965052],[-84.382785,33.965163],[-84.382777,33.965273],[-84.382778,33.965369],[-84.382779,33.965479],[-84.382781,33.965661],[-84.382782,33.965737],[-84.382808,33.965757],[-84.382837,33.965779],[-84.382865,33.965793],[-84.382877,33.96581],[-84.382877,33.965839],[-84.382889,33.965867],[-84.382907,33.965888],[-84.382971,33.965907],[-84.383079,33.965932],[-84.383227,33.965971],[-84.383269,33.966002],[-84.383289,33.966049],[-84.383315,33.966065],[-84.383349,33.966065],[-84.383378,33.966061],[-84.383414,33.966071],[-84.383559,33.966127],[-84.383687,33.966188],[-84.383704,33.966199],[-84.383721,33.966229],[-84.383733,33.966244],[-84.383742,33.966261],[-84.38375,33.966285],[-84.38375,33.966315],[-84.383745,33.966368],[-84.383794,33.966636],[-84.3838,33.966703],[-84.383766,33.967297],[-84.383754,33.967578],[-84.383872,33.96799],[-84.383922,33.968085],[-84.383934,33.968106],[-84.383975,33.9682],[-84.384053,33.968231],[-84.384095,33.968253],[-84.384206,33.96832],[-84.384274,33.968373],[-84.384335,33.968433],[-84.384388,33.968497],[-84.384432,33.968565],[-84.38448,33.968676],[-84.384511,33.96878],[-84.384538,33.968885],[-84.38456,33.96899],[-84.384579,33.969096],[-84.384592,33.969203],[-84.384601,33.969309],[-84.384606,33.969416],[-84.384606,33.969523],[-84.384602,33.96963],[-84.384594,33.969737],[-84.38458,33.969838],[-84.384606,33.970011],[-84.38459,33.970264],[-84.384561,33.97056],[-84.384545,33.970748],[-84.384502,33.970957],[-84.384455,33.971076],[-84.384359,33.971218],[-84.384193,33.971387],[-84.384028,33.971514],[-84.383923,33.971577],[-84.383743,33.971665],[-84.383676,33.971695],[-84.383258,33.97188],[-84.383156,33.971922],[-84.383051,33.971987],[-84.382944,33.972048],[-84.382845,33.972115],[-84.382781,33.972159],[-84.382664,33.972159],[-84.382603,33.972209],[-84.382477,33.972256],[-84.382351,33.972298],[-84.382223,33.972337],[-84.382093,33.972373],[-84.381962,33.972405],[-84.38183,33.972433],[-84.381697,33.972457],[-84.381563,33.972478],[-84.381491,33.972487],[-84.381292,33.972508],[-84.381156,33.972517],[-84.381019,33.972522],[-84.380883,33.972523],[-84.380746,33.972521],[-84.380611,33.972521],[-84.380491,33.972504],[-84.380388,33.972507],[-84.380285,33.972511],[-84.380227,33.972496],[-84.380162,33.972494],[-84.379967,33.972498],[-84.379748,33.972504],[-84.379662,33.972533],[-84.379559,33.972537],[-84.379456,33.97254],[-84.379355,33.97257],[-84.379306,33.972571],[-84.379155,33.972609],[-84.379057,33.972638],[-84.37896,33.972669],[-84.378864,33.972703],[-84.37877,33.97274],[-84.378677,33.97278],[-84.378589,33.972827],[-84.378544,33.972843],[-84.378502,33.972871],[-84.37841,33.972914],[-84.378325,33.972964],[-84.378242,33.973016],[-84.378161,33.973071],[-84.378083,33.973128],[-84.378007,33.973187],[-84.377942,33.973257],[-84.377862,33.973311],[-84.377796,33.97339],[-84.377703,33.973465],[-84.377633,33.973537],[-84.377567,33.973613],[-84.377496,33.973699],[-84.377471,33.973728],[-84.37739,33.973845],[-84.376597,33.974918],[-84.37642,33.975151],[-84.376264,33.975415],[-84.376105,33.975766],[-84.375714,33.976698],[-84.375413,33.977375],[-84.375174,33.978192],[-84.375116,33.978543],[-84.37514,33.979313],[-84.375167,33.980026],[-84.375157,33.980168],[-84.37516,33.980206],[-84.375207,33.980921],[-84.375222,33.981261],[-84.375288,33.981858],[-84.375318,33.982076],[-84.375339,33.982225],[-84.375349,33.982447],[-84.375332,33.98283],[-84.375304,33.98307],[-84.375308,33.983098],[-84.375315,33.983192],[-84.375326,33.983262],[-84.37534,33.983361],[-84.375354,33.983456],[-84.375332,33.983559],[-84.375335,33.98363],[-84.375344,33.983705],[-84.375362,33.98378],[-84.375378,33.983848],[-84.375427,33.983945],[-84.37544,33.984029],[-84.375374,33.984137],[-84.375344,33.98423],[-84.375295,33.984344],[-84.375239,33.984459],[-84.375265,33.984505],[-84.37525,33.98467],[-84.375185,33.984749],[-84.375141,33.984869],[-84.375146,33.984993],[-84.375114,33.98508],[-84.375085,33.985175],[-84.375008,33.985279],[-84.374966,33.985364],[-84.374928,33.985482],[-84.37488,33.985552],[-84.374866,33.985591],[-84.374817,33.985653],[-84.374779,33.985768],[-84.374751,33.985851],[-84.374728,33.985918],[-84.374666,33.986105],[-84.374668,33.986183],[-84.374683,33.986338],[-84.374766,33.98665],[-84.374815,33.986803],[-84.374846,33.986906],[-84.374873,33.986977],[-84.374944,33.987147],[-84.375029,33.987312],[-84.375272,33.987668],[-84.375628,33.988225],[-84.375793,33.988458],[-84.375813,33.988483],[-84.376769,33.989373],[-84.379118,33.991033],[-84.38017,33.991614],[-84.380905,33.991876],[-84.381815,33.991991],[-84.382297,33.992268],[-84.382415,33.992296],[-84.382514,33.992342],[-84.382684,33.992428],[-84.382767,33.992485],[-84.382982,33.992639],[-84.383109,33.99273],[-84.383217,33.992785],[-84.383329,33.992804],[-84.38347,33.992827],[-84.383535,33.992824],[-84.383654,33.992796],[-84.383897,33.992702],[-84.384201,33.992583],[-84.384221,33.992578],[-84.384246,33.992574],[-84.384336,33.992551],[-84.384648,33.992518],[-84.384876,33.992506],[-84.38523,33.992497],[-84.385403,33.992494],[-84.385551,33.992477],[-84.385711,33.992467],[-84.3859,33.992472],[-84.38602,33.992491],[-84.386232,33.992544],[-84.386411,33.992589],[-84.386435,33.992597],[-84.386471,33.992609],[-84.386481,33.992575],[-84.386665,33.991954],[-84.386402,33.991949],[-84.385959,33.991829],[-84.385729,33.991723],[-84.384848,33.991332],[-84.384144,33.991131],[-84.383863,33.991007],[-84.383714,33.990911],[-84.383616,33.990807],[-84.383549,33.990671],[-84.383514,33.990476],[-84.383521,33.990273],[-84.383601,33.989962],[-84.383791,33.989408],[-84.383976,33.988998],[-84.384136,33.988722],[-84.384337,33.988465],[-84.384642,33.988116],[-84.384895,33.987817],[-84.386399,33.986074],[-84.386827,33.985605],[-84.387026,33.985302],[-84.387561,33.984539],[-84.388037,33.983802],[-84.388448,33.983141],[-84.388623,33.982852],[-84.388707,33.982735],[-84.389722,33.98158],[-84.389826,33.981462],[-84.390042,33.981217],[-84.390616,33.980688],[-84.390867,33.980457],[-84.391059,33.98014],[-84.391234,33.979729],[-84.391264,33.979633],[-84.391481,33.978957],[-84.392097,33.977372],[-84.392145,33.977128],[-84.392119,33.976948],[-84.392112,33.976899],[-84.392057,33.976687],[-84.391982,33.976499],[-84.391794,33.976151],[-84.391343,33.975464],[-84.391173,33.975199],[-84.391082,33.975056],[-84.390982,33.9749],[-84.390641,33.974223],[-84.390551,33.973857],[-84.390566,33.973706],[-84.390615,33.973578],[-84.390696,33.973438],[-84.390831,33.973322],[-84.391038,33.973209],[-84.392051,33.972694],[-84.392987,33.972266],[-84.393656,33.971933],[-84.396034,33.970815],[-84.397095,33.970299],[-84.398176,33.969781],[-84.400493,33.968738],[-84.401339,33.9683],[-84.401864,33.968049],[-84.403449,33.967288],[-84.404248,33.966949],[-84.404556,33.966794],[-84.405134,33.966533],[-84.40526,33.966485],[-84.40586,33.966171],[-84.406237,33.966004],[-84.406544,33.965882],[-84.406773,33.965816],[-84.406974,33.96579],[-84.407187,33.965778],[-84.40742,33.965783],[-84.407724,33.965814],[-84.408864,33.966024],[-84.409728,33.966184],[-84.410877,33.966375],[-84.411081,33.966409],[-84.411486,33.966452]]]]}},
{"type":"Feature","properties":{"GEOID":"13067030334"},"geometry":{"type":"MultiPolygon","coordinates":[[[[-84.439252,33.971873],[-84.439396,33.97157],[-84.439419,33.971228],[-84.43924,33.970221],[-84.439247,33.969976],[-84.439243,33.969773],[-84.439258,33.969283],[-84.439224,33.969071],[-84.439178,33.968901],[-84.439063,33.968696],[-84.438897,33.968481],[-84.43871,33.968275],[-84.438536,33.968092],[-84.438315,33.967911],[-84.438293,33.967895],[-84.437981,33.967558],[-84.437753,33.967384],[-84.437534,33.967236],[-84.437336,33.967088],[-84.436977,33.966878],[-84.436636,33.966727],[-84.436437,33.966596],[-84.43624,33.966406],[-84.435996,33.966105],[-84.435815,33.965904],[-84.435701,33.965778],[-84.435616,33.965667],[-84.435346,33.965367],[-84.435321,33.965357],[-84.435199,33.965178],[-84.43505,33.965065],[-84.434881,33.964952],[-84.434681,33.964872],[-84.434409,33.964815],[-84.434368,33.964814],[-84.434318,33.964812],[-84.434015,33.964756],[-84.433105,33.964661],[-84.432894,33.964598],[-84.432744,33.964527],[-84.432624,33.964448],[-84.432446,33.964293],[-84.432329,33.964155],[-84.432251,33.964027],[-84.432225,33.963938],[-84.432188,33.963763],[-84.432167,33.963475],[-84.432191,33.963324],[-84.432247,33.963147],[-84.432346,33.962913],[-84.432413,33.962703],[-84.432444,33.962485],[-84.43245,33.962467],[-84.432464,33.962349],[-84.432449,33.96218],[-84.432383,33.962001],[-84.432278,33.961796],[-84.432102,33.961564],[-84.431973,33.961468],[-84.431825,33.961347],[-84.431648,33.961166],[-84.431349,33.96099],[-84.431163,33.960898],[-84.430414,33.960527],[-84.429916,33.96107],[-84.429645,33.96131],[-84.429334,33.961531],[-84.428962,33.961769],[-84.428323,33.96211],[-84.428025,33.962222],[-84.427731,33.962325],[-84.427584,33.962374],[-84.426848,33.96257],[-84.426357,33.962695],[-84.425621,33.962899],[-84.425242,33.963009],[-84.424524,33.963183],[-84.424157,33.96326],[-84.423658,33.963317],[-84.422641,33.963414],[-84.419314,33.963716],[-84.418015,33.963902],[-84.417561,33.964],[-84.416105,33.964638],[-84.41572,33.964858],[-84.415223,33.965185],[-84.414758,33.965454],[-84.414284,33.965698],[-84.413863,33.965884],[-84.413411,33.966052],[-84.412838,33.966234],[-84.412111,33.96643],[-84.411893,33.966447],[-84.412027,33.966649],[-84.412125,33.966769],[-84.412899,33.967335],[-84.413246,33.967604],[-84.413373,33.967776],[-84.413398,33.967821],[-84.41346,33.967913],[-84.413545,33.968118],[-84.413591,33.968288],[-84.413606,33.968449],[-84.413598,33.96871],[-84.413526,33.96941],[-84.413456,33.970384],[-84.413404,33.971098],[-84.413299,33.971899],[-84.413261,33.972847],[-84.413255,33.973014],[-84.413307,33.973302],[-84.413382,33.97349],[-84.413536,33.973772],[-84.413612,33.973934],[-84.41374,33.97408],[-84.414065,33.9744],[-84.414213,33.974521],[-84.414352,33.974643],[-84.414469,33.974772],[-84.415055,33.975536],[-84.415541,33.976231],[-84.415809,33.976693],[-84.415851,33.976728],[-84.41613,33.977122],[-84.416355,33.97738],[-84.416593,33.977571],[-84.41697,33.97785],[-84.417618,33.978207],[-84.420315,33.979003],[-84.420916,33.979189],[-84.421921,33.979534],[-84.422853,33.979909],[-84.425414,33.980898],[-84.425581,33.980963],[-84.426031,33.981167],[-84.42614,33.981254],[-84.426219,33.98134],[-84.426436,33.981547],[-84.426524,33.981651],[-84.426632,33.981788],[-84.426767,33.981994],[-84.426862,33.982215],[-84.426956,33.982462],[-84.427018,33.982785],[-84.427083,33.983293],[-84.427082,33.98355],[-84.428973,33.982309],[-84.430023,33.981685],[-84.430115,33.981632],[-84.43144,33.980861],[-84.432728,33.980135],[-84.433774,33.979572],[-84.435185,33.978695],[-84.435607,33.978492],[-84.436129,33.978292],[-84.436668,33.978108],[-84.437132,33.97802],[-84.437124,33.975665],[-84.437161,33.975438],[-84.437249,33.97522],[-84.437377,33.97502],[-84.43769,33.97455],[-84.437735,33.974469],[-84.438049,33.973738],[-84.438145,33.973571],[-84.438274,33.973411],[-84.438501,33.973211],[-84.438661,33.97299],[-84.438873,33.972678],[-84.439108,33.972197],[-84.439252,33.971873]]]]}},
{"type":"Feature","properties":{"GEOID":"13067030335"},"geometry":{"type":"MultiPolygon","coordinates":[[[[-84.435747,34.005804],[-84.436005,34.005353],[-84.436279,34.00476],[-84.434504,34.004804],[-84.433904,34.004796],[-84.433592,34.004778],[-84.433159,34.004746],[-84.432923,34.00473],[-84.432743,34.004682],[-84.432506,34.004606],[-84.432298,34.004518],[-84.431512,34.004265],[-84.431376,34.004233],[-84.431244,34.004225],[-84.430895,34.004245],[-84.429716,34.00439],[-84.429396,34.004414],[-84.429191,34.004438],[-84.428694,34.004506],[-84.428426,34.004526],[-84.428354,34.004526],[-84.428253,34.004526],[-84.427989,34.004514],[-84.427801,34.004526],[-84.427727,34.004546],[-84.427486,34.004562],[-84.426781,34.004636],[-84.426666,34.004659],[-84.426546,34.004682],[-84.42621,34.004717],[-84.425804,34.004725],[-84.425419,34.004684],[-84.424924,34.004622],[-84.424369,34.004518],[-84.423644,34.004317],[-84.423299,34.004248],[-84.423053,34.004178],[-84.422342,34.004148],[-84.421941,34.004108],[-84.42182,34.004082],[-84.421609,34.004031],[-84.421546,34.004016],[-84.421509,34.004007],[-84.421375,34.003974],[-84.421274,34.00395],[-84.420868,34.003785],[-84.420449,34.003597],[-84.419831,34.003408],[-84.419619,34.003435],[-84.419377,34.003502],[-84.418829,34.003812],[-84.418298,34.002993],[-84.418157,34.002776],[-84.417829,34.002346],[-84.417721,34.002213],[-84.417654,34.001987],[-84.417669,34.00181],[-84.417749,34.001524],[-84.416987,34.001204],[-84.415908,34.000649],[-84.415438,34.000427],[-84.415119,34.000362],[-84.415024,34.000351],[-84.414761,34.000364],[-84.414069,34.000399],[-84.413714,34.000383],[-84.413269,34.000323],[-84.412826,34.000229],[-84.412219,34.00007],[-84.412025,34.000022],[-84.41171,33.999893],[-84.41136,33.999716],[-84.411071,33.99955],[-84.410883,33.999377],[-84.410665,33.999194],[-84.410617,33.99914],[-84.410429,33.998961],[-84.410211,33.998788],[-84.409862,33.998586],[-84.409611,33.998496],[-84.40941,33.998433],[-84.408975,33.998373],[-84.408419,33.998302],[-84.407984,33.998251],[-84.407668,33.998244],[-84.407435,33.998262],[-84.407275,33.998274],[-84.40681,33.999017],[-84.406442,33.999514],[-84.406116,33.999816],[-84.405727,34.000124],[-84.405321,34.000387],[-84.405137,34.000474],[-84.404679,34.000667],[-84.404304,34.000802],[-84.403821,34.000928],[-84.403131,34.001026],[-84.402431,34.00114],[-84.401459,34.001277],[-84.401234,34.001304],[-84.40007,34.001444],[-84.398967,34.001607],[-84.398253,34.001714],[-84.396661,34.002012],[-84.395825,34.002152],[-84.394352,34.002654],[-84.394229,34.002714],[-84.394247,34.002753],[-84.394266,34.002788],[-84.394298,34.002829],[-84.394349,34.002876],[-84.394407,34.002905],[-84.394474,34.002924],[-84.394519,34.002939],[-84.394559,34.002948],[-84.39458,34.002956],[-84.39459,34.002961],[-84.39461,34.002974],[-84.394768,34.00317],[-84.394831,34.003336],[-84.394847,34.003398],[-84.394846,34.003458],[-84.394834,34.003562],[-84.394827,34.003644],[-84.394829,34.003711],[-84.394844,34.003821],[-84.394858,34.003895],[-84.394879,34.004001],[-84.394894,34.004036],[-84.394917,34.004063],[-84.394972,34.004152],[-84.395019,34.004234],[-84.395074,34.004316],[-84.395128,34.004381],[-84.395177,34.004474],[-84.395193,34.004559],[-84.395196,34.004647],[-84.395235,34.004715],[-84.395269,34.0048],[-84.395288,34.004836],[-84.39531,34.00487],[-84.395345,34.004908],[-84.39538,34.004938],[-84.395412,34.004962],[-84.395446,34.004981],[-84.395486,34.004995],[-84.395531,34.005003],[-84.395569,34.005003],[-84.395608,34.004999],[-84.39564,34.004998],[-84.39564,34.005046],[-84.395837,34.005047],[-84.396131,34.005048],[-84.396248,34.005049],[-84.396316,34.005073],[-84.396407,34.005122],[-84.396516,34.005214],[-84.396637,34.005338],[-84.396722,34.005428],[-84.396842,34.005624],[-84.396868,34.005689],[-84.396889,34.005786],[-84.396888,34.005847],[-84.396926,34.006008],[-84.396961,34.006068],[-84.397018,34.006157],[-84.397104,34.006235],[-84.39717,34.006289],[-84.397265,34.006574],[-84.397262,34.006668],[-84.397245,34.006726],[-84.397196,34.006801],[-84.397174,34.006865],[-84.397153,34.006933],[-84.39715,34.006992],[-84.397155,34.007054],[-84.397171,34.007155],[-84.397177,34.007227],[-84.39717,34.007296],[-84.39714,34.007348],[-84.397068,34.00745],[-84.396994,34.007555],[-84.39689,34.007647],[-84.396852,34.007702],[-84.396818,34.00773],[-84.39675,34.007778],[-84.396699,34.007819],[-84.396608,34.007844],[-84.396529,34.007874],[-84.396424,34.007923],[-84.396318,34.007966],[-84.396275,34.00801],[-84.396271,34.008059],[-84.396313,34.008121],[-84.39637,34.008152],[-84.39643,34.008147],[-84.396523,34.008134],[-84.396578,34.008136],[-84.396656,34.008145],[-84.396737,34.00817],[-84.396816,34.008257],[-84.396864,34.008296],[-84.396934,34.008342],[-84.397016,34.008361],[-84.397096,34.008369],[-84.397189,34.008369],[-84.397298,34.008359],[-84.39737,34.008351],[-84.397487,34.008329],[-84.397584,34.00832],[-84.397708,34.008328],[-84.397885,34.00835],[-84.397971,34.008357],[-84.398012,34.008351],[-84.3981,34.008304],[-84.398267,34.008213],[-84.398383,34.008151],[-84.398496,34.008096],[-84.39858,34.008064],[-84.398682,34.008032],[-84.398803,34.008009],[-84.398975,34.007993],[-84.399207,34.007973],[-84.399328,34.00797],[-84.399563,34.007943],[-84.39967,34.007916],[-84.399817,34.00787],[-84.399907,34.007839],[-84.399956,34.007814],[-84.400048,34.007778],[-84.400143,34.007747],[-84.400256,34.007744],[-84.400364,34.007792],[-84.400436,34.007838],[-84.40046,34.007867],[-84.400487,34.007894],[-84.400687,34.008095],[-84.400692,34.008116],[-84.40073,34.008151],[-84.400787,34.008208],[-84.400829,34.008265],[-84.400859,34.008336],[-84.400882,34.008385],[-84.400891,34.008423],[-84.40089,34.008453],[-84.400886,34.008515],[-84.400856,34.008581],[-84.400816,34.008644],[-84.400793,34.008697],[-84.400783,34.008744],[-84.400785,34.00878],[-84.400796,34.008886],[-84.400787,34.008972],[-84.400791,34.009032],[-84.400791,34.009086],[-84.40075,34.009147],[-84.400704,34.009199],[-84.400684,34.009243],[-84.400681,34.009293],[-84.400675,34.009387],[-84.400648,34.009483],[-84.40064,34.009542],[-84.400607,34.009589],[-84.400545,34.009579],[-84.400499,34.009584],[-84.400473,34.009608],[-84.400438,34.009665],[-84.400386,34.009682],[-84.400283,34.009705],[-84.400231,34.00972],[-84.40018,34.009738],[-84.400055,34.00977],[-84.399972,34.009777],[-84.399868,34.009774],[-84.399655,34.009746],[-84.399528,34.009715],[-84.399452,34.009691],[-84.399397,34.009688],[-84.399355,34.009698],[-84.399315,34.009717],[-84.399257,34.009763],[-84.399192,34.009825],[-84.399153,34.009892],[-84.399147,34.00993],[-84.399155,34.009987],[-84.399182,34.010044],[-84.399229,34.010099],[-84.39925,34.01014],[-84.399303,34.010308],[-84.399302,34.010334],[-84.399297,34.010411],[-84.399303,34.010465],[-84.399323,34.010531],[-84.39937,34.010614],[-84.399434,34.010672],[-84.399483,34.0107],[-84.399615,34.010768],[-84.39967,34.010834],[-84.399744,34.01091],[-84.399794,34.010953],[-84.399875,34.011026],[-84.399961,34.011106],[-84.400046,34.011183],[-84.400128,34.011247],[-84.400233,34.011283],[-84.400326,34.011309],[-84.400425,34.011355],[-84.400567,34.011464],[-84.400755,34.011607],[-84.400812,34.011657],[-84.400905,34.011752],[-84.400948,34.011808],[-84.400973,34.01185],[-84.400999,34.011905],[-84.401018,34.011938],[-84.401032,34.011969],[-84.401036,34.012002],[-84.401057,34.012201],[-84.401062,34.012298],[-84.401102,34.012419],[-84.401115,34.012512],[-84.401104,34.012604],[-84.401048,34.012734],[-84.400999,34.012824],[-84.40092,34.012912],[-84.400839,34.01296],[-84.400758,34.01299],[-84.400616,34.013014],[-84.400498,34.013051],[-84.400371,34.013115],[-84.400291,34.013173],[-84.400214,34.013233],[-84.400149,34.013259],[-84.400039,34.01329],[-84.4,34.013315],[-84.399992,34.013352],[-84.400009,34.0134],[-84.400044,34.013464],[-84.400114,34.013564],[-84.400238,34.013724],[-84.400339,34.013832],[-84.40048,34.01391],[-84.400727,34.014001],[-84.400833,34.014041],[-84.400903,34.01406],[-84.400992,34.014077],[-84.401117,34.014093],[-84.401196,34.01413],[-84.401215,34.014177],[-84.401237,34.014231],[-84.401227,34.014267],[-84.40116,34.014379],[-84.401135,34.01444],[-84.401123,34.014515],[-84.401139,34.014559],[-84.401114,34.014617],[-84.401032,34.014651],[-84.400891,34.014693],[-84.400856,34.0147],[-84.400687,34.014738],[-84.400554,34.014755],[-84.4005,34.01475],[-84.400349,34.014759],[-84.400205,34.014768],[-84.400089,34.014786],[-84.400039,34.014806],[-84.400058,34.014858],[-84.400068,34.014891],[-84.400187,34.015041],[-84.400304,34.015336],[-84.400507,34.015904],[-84.400746,34.016374],[-84.400995,34.016729],[-84.401177,34.01692],[-84.401351,34.017077],[-84.401518,34.017219],[-84.401652,34.017274],[-84.401802,34.017347],[-84.402039,34.01743],[-84.402226,34.017477],[-84.402622,34.017602],[-84.403517,34.017788],[-84.404481,34.018012],[-84.40556,34.018288],[-84.406368,34.018469],[-84.406769,34.018526],[-84.407209,34.01856],[-84.407601,34.01856],[-84.408003,34.018544],[-84.408325,34.018575],[-84.408617,34.018671],[-84.40911,34.018869],[-84.40947,34.018966],[-84.410093,34.018935],[-84.410606,34.018812],[-84.410627,34.018807],[-84.411814,34.018549],[-84.412206,34.018464],[-84.412454,34.018426],[-84.412693,34.018412],[-84.413206,34.01842],[-84.413369,34.018423],[-84.413818,34.018401],[-84.413915,34.018397],[-84.414148,34.018359],[-84.414443,34.018259],[-84.414815,34.018043],[-84.415204,34.017777],[-84.415474,34.017522],[-84.41607,34.016812],[-84.416232,34.016639],[-84.416521,34.016352],[-84.416987,34.015911],[-84.417285,34.015693],[-84.417604,34.015532],[-84.41798,34.015453],[-84.418227,34.015433],[-84.418577,34.015472],[-84.418866,34.015552],[-84.419279,34.015716],[-84.419835,34.01598],[-84.420306,34.01622],[-84.420697,34.016396],[-84.421044,34.016516],[-84.421444,34.016624],[-84.421771,34.016693],[-84.421916,34.016711],[-84.422532,34.01674],[-84.422876,34.016728],[-84.423007,34.016706],[-84.423188,34.016669],[-84.424359,34.016333],[-84.424766,34.01621],[-84.42515,34.016094],[-84.426336,34.015693],[-84.427076,34.015456],[-84.427401,34.015373],[-84.427761,34.015298],[-84.430115,34.015295],[-84.431633,34.013351],[-84.432173,34.012677],[-84.432389,34.012347],[-84.432529,34.012143],[-84.432571,34.012045],[-84.432674,34.011804],[-84.432773,34.011464],[-84.432812,34.011184],[-84.432824,34.01078],[-84.432833,34.010112],[-84.432846,34.009974],[-84.432866,34.009764],[-84.432903,34.009534],[-84.432994,34.009231],[-84.433073,34.009058],[-84.433146,34.008899],[-84.433358,34.008555],[-84.433494,34.008368],[-84.434088,34.007646],[-84.434959,34.006717],[-84.435538,34.006028],[-84.435747,34.005804]]]]}},
{"type":"Feature","properties":{"GEOID":"13067030337"},"geometry":{"type":"MultiPolygon","coordinates":[[[[-84.413526,33.96941],[-84.413598,33.96871],[-84.413606,33.968449],[-84.413591,33.968288],[-84.413545,33.968118],[-84.41346,33.967913],[-84.413398,33.967821],[-84.413373,33.967776],[-84.413246,33.967604],[-84.412899,33.967335],[-84.412125,33.966769],[-84.412027,33.966649],[-84.411893,33.966447],[-84.411486,33.966452],[-84.411081,33.966409],[-84.410877,33.966375],[-84.409728,33.966184],[-84.408864,33.966024],[-84.407724,33.965814],[-84.40742,33.965783],[-84.407187,33.965778],[-84.406974,33.96579],[-84.406773,33.965816],[-84.406544,33.965882],[-84.406237,33.966004],[-84.40586,33.966171],[-84.40526,33.966485],[-84.405134,33.966533],[-84.404556,33.966794],[-84.404248,33.966949],[-84.403449,33.967288],[-84.401864,33.968049],[-84.401339,33.9683],[-84.400493,33.968738],[-84.398176,33.969781],[-84.397095,33.970299],[-84.396034,33.970815],[-84.393656,33.971933],[-84.392987,33.972266],[-84.392051,33.972694],[-84.391038,33.973209],[-84.390831,33.973322],[-84.390696,33.973438],[-84.390615,33.973578],[-84.390566,33.973706],[-84.390551,33.973857],[-84.390641,33.974223],[-84.390982,33.9749],[-84.391082,33.975056],[-84.391173,33.975199],[-84.391343,33.975464],[-84.391794,33.976151],[-84.391982,33.976499],[-84.392057,33.976687],[-84.392112,33.976899],[-84.392119,33.976948],[-84.392145,33.977128],[-84.392097,33.977372],[-84.391481,33.978957],[-84.391264,33.979633],[-84.391234,33.979729],[-84.391059,33.98014],[-84.390867,33.980457],[-84.390616,33.980688],[-84.390042,33.981217],[-84.389826,33.981462],[-84.389722,33.98158],[-84.388707,33.982735],[-84.388623,33.982852],[-84.388448,33.983141],[-84.388037,33.983802],[-84.387561,33.984539],[-84.387026,33.985302],[-84.386827,33.985605],[-84.386399,33.986074],[-84.384895,33.987817],[-84.384642,33.988116],[-84.384337,33.988465],[-84.384136,33.988722],[-84.383976,33.988998],[-84.383791,33.989408],[-84.383601,33.989962],[-84.383521,33.990273],[-84.383514,33.990476],[-84.383549,33.990671],[-84.383616,33.990807],[-84.383714,33.990911],[-84.383863,33.991007],[-84.384144,33.991131],[-84.384848,33.991332],[-84.385729,33.991723],[-84.385959,33.991829],[-84.386402,33.991949],[-84.386665,33.991954],[-84.386801,33.991978],[-84.38702,33.991979],[-84.387192,33.991991],[-84.387363,33.992028],[-84.387745,33.992155],[-84.388118,33.992239],[-84.388573,33.992282],[-84.389231,33.992338],[-84.389565,33.992362],[-84.389915,33.99232],[-84.39019,33.992283],[-84.390892,33.992222],[-84.39099,33.992219],[-84.39135,33.992207],[-84.391695,33.99218],[-84.392485,33.992197],[-84.392709,33.99221],[-84.393283,33.992202],[-84.393716,33.992179],[-84.394187,33.992205],[-84.394565,33.992233],[-84.394867,33.992284],[-84.395317,33.992366],[-84.395655,33.99245],[-84.39586,33.992521],[-84.396077,33.992577],[-84.396512,33.99272],[-84.396559,33.99274],[-84.397364,33.992968],[-84.399439,33.99346],[-84.400327,33.993622],[-84.400771,33.993708],[-84.401266,33.993777],[-84.401762,33.993822],[-84.402475,33.993851],[-84.402583,33.993839],[-84.40264,33.993196],[-84.402635,33.993067],[-84.402588,33.992913],[-84.402455,33.992694],[-84.402042,33.992211],[-84.401505,33.991478],[-84.401357,33.991215],[-84.40139,33.99105],[-84.401487,33.990182],[-84.401524,33.989971],[-84.401614,33.98981],[-84.401731,33.989652],[-84.401896,33.98943],[-84.402035,33.989196],[-84.402079,33.98907],[-84.402144,33.988936],[-84.402145,33.988717],[-84.402173,33.988658],[-84.402176,33.988561],[-84.402153,33.988294],[-84.402117,33.988158],[-84.402052,33.987971],[-84.401937,33.987732],[-84.401882,33.987544],[-84.401856,33.9874],[-84.401882,33.987198],[-84.401939,33.986996],[-84.401994,33.986878],[-84.40208,33.986695],[-84.402149,33.986426],[-84.402193,33.986325],[-84.402218,33.986174],[-84.402287,33.985435],[-84.402297,33.985376],[-84.402297,33.985063],[-84.402379,33.984685],[-84.402478,33.98445],[-84.40267,33.984133],[-84.402914,33.9838],[-84.403177,33.983476],[-84.403629,33.982962],[-84.404132,33.982778],[-84.404961,33.982533],[-84.405513,33.982401],[-84.405911,33.982317],[-84.40642,33.98226],[-84.407437,33.982172],[-84.407572,33.982155],[-84.407916,33.982114],[-84.408192,33.982035],[-84.4085,33.981923],[-84.408666,33.981817],[-84.408864,33.981627],[-84.408936,33.981515],[-84.408992,33.981427],[-84.409157,33.981152],[-84.409194,33.98111],[-84.409249,33.981001],[-84.409614,33.980341],[-84.409922,33.979874],[-84.410017,33.979749],[-84.410145,33.979622],[-84.410308,33.97951],[-84.410494,33.979405],[-84.410927,33.979177],[-84.411052,33.979078],[-84.411209,33.978921],[-84.411314,33.978796],[-84.411425,33.978494],[-84.411435,33.978157],[-84.411433,33.976889],[-84.41144,33.976644],[-84.411466,33.976475],[-84.411901,33.975842],[-84.41206,33.975609],[-84.412341,33.975057],[-84.412437,33.974881],[-84.412546,33.974622],[-84.412666,33.974371],[-84.41275,33.974262],[-84.41289,33.974144],[-84.413051,33.974041],[-84.413248,33.973901],[-84.413536,33.973772],[-84.413382,33.97349],[-84.413307,33.973302],[-84.413255,33.973014],[-84.413261,33.972847],[-84.413299,33.971899],[-84.413404,33.971098],[-84.413456,33.970384],[-84.413526,33.96941]]]]}},
{"type":"Feature","properties":{"GEOID":"13067030405"},"geometry":{"type":"MultiPolygon","coordinates":[[[[-84.4706,33.926095],[-84.4706,33.92393],[-84.470534,33.923941],[-84.470493,33.923948],[-84.470218,33.923996],[-84.470108,33.924007],[-84.469994,33.924012],[-84.469892,33.924012],[-84.469728,33.924002],[-84.46957,33.923991],[-84.469415,33.923976],[-84.469287,33.923963],[-84.468736,33.923919],[-84.468796,33.924031],[-84.468982,33.924209],[-84.469152,33.924449],[-84.469329,33.92467],[-84.469813,33.925276],[-84.469924,33.925391],[-84.4706,33.926095]]]]}},
{"type":"Feature","properties":{"GEOID":"13067030327"},"geometry":{"type":"MultiPolygon","coordinates":[[[[-84.4706,34.01759],[-84.4706,34.012186],[-84.469545,34.012429],[-84.469238,34.01249],[-84.468994,34.01251],[-84.468548,34.012509],[-84.468,34.01249],[-84.467524,34.012446],[-84.4674,34.012446],[-84.467357,34.012447],[-84.467337,34.012447],[-84.466903,34.01245],[-84.46656,34.012452],[-84.466215,34.012425],[-84.464938,34.012376],[-84.4648,34.012376],[-84.46329,34.012378],[-84.461509,34.012347],[-84.460576,34.012311],[-84.46018,34.01232],[-84.460125,34.012323],[-84.459814,34.012338],[-84.459621,34.012359],[-84.459625,34.012473],[-84.459599,34.012554],[-84.459523,34.012696],[-84.459419,34.012795],[-84.459315,34.012886],[-84.458848,34.013223],[-84.458681,34.013363],[-84.458473,34.013545],[-84.458357,34.013677],[-84.458074,34.014222],[-84.457971,34.014379],[-84.457885,34.014547],[-84.457661,34.014905],[-84.457482,34.015121],[-84.457272,34.015362],[-84.457079,34.015514],[-84.456939,34.015626],[-84.456565,34.015905],[-84.456407,34.016051],[-84.456231,34.016223],[-84.456006,34.016422],[-84.455603,34.016713],[-84.455251,34.01691],[-84.455073,34.017016],[-84.454824,34.017146],[-84.45469,34.017223],[-84.454596,34.017283],[-84.454537,34.017355],[-84.454477,34.017453],[-84.454439,34.017547],[-84.454423,34.017648],[-84.454435,34.017835],[-84.454459,34.017897],[-84.454546,34.018078],[-84.454689,34.018417],[-84.454705,34.01849],[-84.454711,34.018574],[-84.454727,34.018672],[-84.45471,34.018904],[-84.454682,34.019189],[-84.454627,34.0194],[-84.454523,34.019585],[-84.454384,34.019737],[-84.454285,34.019838],[-84.454106,34.01994],[-84.453593,34.020189],[-84.453181,34.020394],[-84.452109,34.021091],[-84.452061,34.021122],[-84.451838,34.021287],[-84.45173,34.021368],[-84.451509,34.021543],[-84.451336,34.02176],[-84.451196,34.021926],[-84.45102,34.022247],[-84.450897,34.022418],[-84.450795,34.022531],[-84.450714,34.022592],[-84.450669,34.022624],[-84.450346,34.02285],[-84.449591,34.023421],[-84.44929,34.023635],[-84.448751,34.023959],[-84.448202,34.024315],[-84.447121,34.025004],[-84.44677,34.025264],[-84.446451,34.025479],[-84.446127,34.025665],[-84.445816,34.025817],[-84.44553,34.025922],[-84.445449,34.025945],[-84.445264,34.026016],[-84.445039,34.026075],[-84.444378,34.026228],[-84.443976,34.026325],[-84.4435,34.026402],[-84.443128,34.026457],[-84.442837,34.026509],[-84.44278,34.027066],[-84.442587,34.02844],[-84.467888,34.02844],[-84.468216,34.027701],[-84.46825,34.027632],[-84.468316,34.027384],[-84.468342,34.027231],[-84.468351,34.027046],[-84.468339,34.026857],[-84.46833,34.026793],[-84.468305,34.02672],[-84.468235,34.026501],[-84.468183,34.026355],[-84.468069,34.026106],[-84.468003,34.025989],[-84.467937,34.02586],[-84.467884,34.025743],[-84.467809,34.025472],[-84.467806,34.025436],[-84.467779,34.025316],[-84.467766,34.025096],[-84.46782,34.023897],[-84.467812,34.023871],[-84.467818,34.02366],[-84.467856,34.022988],[-84.467881,34.022537],[-84.467963,34.022113],[-84.468017,34.02193],[-84.468084,34.021748],[-84.468217,34.021469],[-84.468358,34.02122],[-84.468428,34.021116],[-84.468539,34.020928],[-84.468794,34.020536],[-84.46904,34.020127],[-84.469797,34.018963],[-84.470029,34.018609],[-84.470272,34.018169],[-84.470555,34.017656],[-84.4706,34.01759]]]]}},
{"type":"Feature","properties":{"GEOID":"13089021405"},"geometry":{"type":"MultiPolygon","coordinates":[[[[-84.33997,33.8586],[-84.313685,33.8586],[-84.313696,33.858606],[-84.313832,33.8587],[-84.313956,33.85883],[-84.314007,33.858958],[-84.314021,33.859095],[-84.313999,33.859581],[-84.313962,33.859986],[-84.313946,33.860894],[-84.313949,33.861188],[-84.31394,33.86121],[-84.313927,33.86216],[-84.313951,33.862355],[-84.313995,33.862584],[-84.314079,33.862806],[-84.314202,33.863001],[-84.314449,33.863287],[-84.314609,33.863458],[-84.314675,33.863603],[-84.314737,33.863763],[-84.314942,33.864701],[-84.315342,33.864657],[-84.315627,33.864587],[-84.315925,33.864482],[-84.316099,33.864403],[-84.316397,33.864283],[-84.317321,33.863934],[-84.317512,33.863891],[-84.318111,33.863763],[-84.318445,33.863714],[-84.318649,33.863682],[-84.318874,33.86364],[-84.318935,33.863629],[-84.319068,33.86359],[-84.319221,33.863507],[-84.319325,33.863443],[-84.319626,33.863243],[-84.319764,33.863159],[-84.319916,33.863075],[-84.320299,33.862834],[-84.320472,33.862725],[-84.32074,33.862595],[-84.320987,33.862482],[-84.321672,33.862255],[-84.322093,33.862092],[-84.322727,33.861912],[-84.323361,33.861714],[-84.323687,33.861654],[-84.324083,33.861637],[-84.32474,33.861615],[-84.324854,33.861611],[-84.325586,33.86164],[-84.325839,33.861655],[-84.326495,33.861643],[-84.326785,33.86163],[-84.327105,33.86155],[-84.327483,33.861423],[-84.327963,33.861298],[-84.328362,33.86118],[-84.328973,33.861084],[-84.329797,33.860966],[-84.330636,33.860876],[-84.332107,33.860661],[-84.332666,33.860589],[-84.333928,33.860405],[-84.334396,33.860348],[-84.334893,33.860316],[-84.335257,33.860349],[-84.336125,33.860461],[-84.337347,33.860589],[-84.338139,33.860651],[-84.338529,33.860699],[-84.338587,33.860706],[-84.338924,33.860724],[-84.338939,33.860708],[-84.339541,33.859436],[-84.339794,33.858916],[-84.33997,33.8586]]]]}},
{"type":"Feature","properties":{"GEOID":"13135050335"},"geometry":{"type":"MultiPolygon","coordinates":[[[[-84.264431,33.965313],[-84.264729,33.965159],[-84.264704,33.965129],[-84.264638,33.965077],[-84.264482,33.964998],[-84.264423,33.964947],[-84.264365,33.964876],[-84.264375,33.964782],[-84.264371,33.964688],[-84.264358,33.964618],[-84.264329,33.964567],[-84.264255,33.964528],[-84.26401,33.964416],[-84.263966,33.964364],[-84.263915,33.964313],[-84.263827,33.964248],[-84.26382,33.964204],[-84.263827,33.964016],[-84.26382,33.963978],[-84.263768,33.963958],[-84.263738,33.963951],[-84.263604,33.963885],[-84.263502,33.963795],[-84.263451,33.963718],[-84.263407,33.963673],[-84.263259,33.963594],[-84.263134,33.963491],[-84.262996,33.963312],[-84.262918,33.963178],[-84.262898,33.963089],[-84.26288,33.962957],[-84.262853,33.96285],[-84.262817,33.96278],[-84.262517,33.962496],[-84.262408,33.962356],[-84.262374,33.96226],[-84.262354,33.962153],[-84.262306,33.962061],[-84.262285,33.962041],[-84.262155,33.961916],[-84.262119,33.961852],[-84.262107,33.961745],[-84.262079,33.961676],[-84.261995,33.961592],[-84.261761,33.961373],[-84.261608,33.961187],[-84.261478,33.961002],[-84.261354,33.96088],[-84.261281,33.96079],[-84.261254,33.960714],[-84.26125,33.960601],[-84.261238,33.960494],[-84.26121,33.960443],[-84.261031,33.960351],[-84.260943,33.96028],[-84.260902,33.960159],[-84.260874,33.960096],[-84.260821,33.960082],[-84.260746,33.96008],[-84.260654,33.960122],[-84.260541,33.960126],[-84.260428,33.960111],[-84.260309,33.960045],[-84.260163,33.959904],[-84.25998,33.959717],[-84.259841,33.959601],[-84.25973,33.95953],[-84.259488,33.95943],[-84.259302,33.959344],[-84.259078,33.959264],[-84.258944,33.959229],[-84.2585,33.959175],[-84.258155,33.959124],[-84.257982,33.959082],[-84.257624,33.958955],[-84.257476,33.958888],[-84.257402,33.95883],[-84.257187,33.958706],[-84.257084,33.958622],[-84.256995,33.958595],[-84.256927,33.958599],[-84.256804,33.958647],[-84.256658,33.958738],[-84.256588,33.958793],[-84.256505,33.95881],[-84.25646,33.958803],[-84.256332,33.958691],[-84.255976,33.958377],[-84.25591,33.958294],[-84.255834,33.958108],[-84.255703,33.958044],[-84.255578,33.957966],[-84.255474,33.957913],[-84.255259,33.957783],[-84.255178,33.957705],[-84.255001,33.957582],[-84.254775,33.957486],[-84.253593,33.95786],[-84.253252,33.957986],[-84.253051,33.958091],[-84.252871,33.958222],[-84.252756,33.958384],[-84.252623,33.958633],[-84.252479,33.958902],[-84.252342,33.959064],[-84.251957,33.959434],[-84.251631,33.959793],[-84.251334,33.960146],[-84.251213,33.960302],[-84.251097,33.960452],[-84.250696,33.960956],[-84.250552,33.961099],[-84.25038,33.961229],[-84.250238,33.961311],[-84.249746,33.961581],[-84.249618,33.961675],[-84.249457,33.961462],[-84.249287,33.961237],[-84.248954,33.96092],[-84.248664,33.960689],[-84.248449,33.960555],[-84.248274,33.960418],[-84.247145,33.959537],[-84.246725,33.959146],[-84.246045,33.959666],[-84.24558,33.96007],[-84.244367,33.961025],[-84.243109,33.962015],[-84.242367,33.962621],[-84.24205,33.9629],[-84.241032,33.963654],[-84.240424,33.964126],[-84.240121,33.964362],[-84.23922,33.96509],[-84.240034,33.966106],[-84.242477,33.969706],[-84.243098,33.96997],[-84.243768,33.970122],[-84.244142,33.970156],[-84.244382,33.970161],[-84.244607,33.970154],[-84.246091,33.970286],[-84.247868,33.970377],[-84.248558,33.970367],[-84.24895,33.970313],[-84.249809,33.97017],[-84.250822,33.969905],[-84.25228,33.969562],[-84.255724,33.968755],[-84.257028,33.968463],[-84.257585,33.968329],[-84.258089,33.968184],[-84.258297,33.968135],[-84.258913,33.967964],[-84.259081,33.967906],[-84.259122,33.967906],[-84.259444,33.967812],[-84.259848,33.967688],[-84.260217,33.967552],[-84.261335,33.966967],[-84.262172,33.966523],[-84.262885,33.966144],[-84.263381,33.965881],[-84.264095,33.965493],[-84.264431,33.965313]]]]}},
{"type":"Feature","properties":{"GEOID":"13135050332"},"geometry":{"type":"MultiPolygon","coordinates":[[[[-84.270023,33.945233],[-84.270295,33.944406],[-84.270466,33.944008],[-84.270185,33.94337],[-84.26978,33.94245],[-84.269263,33.941334],[-84.269166,33.941134],[-84.26902,33.941204],[-84.268761,33.940853],[-84.268332,33.941059],[-84.268089,33.94071],[-84.269257,33.940146],[-84.268179,33.938115],[-84.267938,33.937648],[-84.267889,33.937441],[-84.267854,33.937389],[-84.26773,33.937205],[-84.267296,33.936515],[-84.26725,33.936443],[-84.267207,33.936374],[-84.267145,33.936275],[-84.267012,33.936007],[-84.266892,33.935764],[-84.266745,33.935467],[-84.266663,33.935298],[-84.266606,33.935181],[-84.266381,33.93472],[-84.26626,33.934471],[-84.266235,33.93442],[-84.265885,33.933701],[-84.265854,33.933636],[-84.265742,33.933407],[-84.265499,33.932908],[-84.265337,33.932576],[-84.265312,33.932493],[-84.265243,33.932261],[-84.264928,33.931205],[-84.264917,33.931158],[-84.264888,33.931041],[-84.264876,33.930865],[-84.264865,33.930796],[-84.264851,33.930709],[-84.264838,33.930631],[-84.2646,33.929843],[-84.264522,33.929701],[-84.264502,33.929648],[-84.264493,33.929623],[-84.264485,33.929601],[-84.263525,33.927005],[-84.263315,33.926523],[-84.262574,33.924832],[-84.262295,33.924195],[-84.262009,33.923544],[-84.261937,33.923379],[-84.261802,33.923071],[-84.261664,33.922755],[-84.261542,33.922475],[-84.261517,33.922417],[-84.261422,33.922201],[-84.261344,33.922039],[-84.261211,33.921763],[-84.260125,33.919508],[-84.259822,33.918901],[-84.25945,33.919025],[-84.259261,33.919088],[-84.259222,33.919101],[-84.259137,33.918988],[-84.259023,33.918836],[-84.259013,33.918824],[-84.259005,33.918812],[-84.258959,33.91875],[-84.258922,33.918702],[-84.258877,33.918657],[-84.258832,33.918611],[-84.258798,33.918577],[-84.258777,33.918556],[-84.258668,33.918426],[-84.258345,33.917973],[-84.258285,33.91789],[-84.258086,33.918091],[-84.257726,33.918452],[-84.257399,33.918779],[-84.256321,33.919811],[-84.256177,33.919951],[-84.255976,33.920121],[-84.255547,33.920477],[-84.255246,33.920732],[-84.254584,33.921284],[-84.254061,33.921689],[-84.252791,33.922568],[-84.25238,33.922835],[-84.251232,33.923606],[-84.250374,33.924167],[-84.249568,33.924681],[-84.248618,33.925294],[-84.248084,33.925595],[-84.247145,33.926058],[-84.246898,33.92617],[-84.246703,33.92626],[-84.245881,33.926599],[-84.245803,33.926631],[-84.24539,33.92678],[-84.244885,33.926927],[-84.244729,33.926972],[-84.244425,33.927056],[-84.243294,33.927326],[-84.242463,33.927511],[-84.241207,33.927813],[-84.240622,33.927944],[-84.240123,33.928069],[-84.239719,33.92817],[-84.238262,33.928506],[-84.238307,33.928606],[-84.238344,33.928689],[-84.238381,33.928764],[-84.238518,33.929042],[-84.238547,33.929102],[-84.238582,33.929096],[-84.240569,33.928753],[-84.240698,33.928925],[-84.240879,33.929098],[-84.241442,33.929434],[-84.243256,33.930841],[-84.243451,33.931085],[-84.243508,33.931411],[-84.243548,33.931749],[-84.243563,33.932327],[-84.243589,33.932567],[-84.243681,33.932837],[-84.24381,33.933155],[-84.243886,33.933339],[-84.24417,33.933919],[-84.244432,33.934386],[-84.24528,33.936183],[-84.24528,33.936216],[-84.245898,33.937465],[-84.246063,33.937581],[-84.246279,33.937699],[-84.246611,33.937889],[-84.246877,33.938022],[-84.24711,33.938154],[-84.247476,33.938331],[-84.247744,33.938408],[-84.247944,33.938548],[-84.248438,33.939096],[-84.248525,33.939218],[-84.24861,33.939336],[-84.248728,33.939488],[-84.249052,33.940064],[-84.249248,33.940513],[-84.249581,33.941134],[-84.250028,33.94232],[-84.250309,33.943167],[-84.250374,33.943468],[-84.250584,33.944244],[-84.250885,33.945307],[-84.251803,33.94511],[-84.252076,33.945091],[-84.252236,33.945148],[-84.252387,33.945188],[-84.252509,33.945195],[-84.25295,33.945471],[-84.253533,33.945741],[-84.253893,33.945946],[-84.254123,33.946178],[-84.254506,33.946384],[-84.255376,33.946561],[-84.256061,33.946606],[-84.256535,33.946596],[-84.256636,33.946587],[-84.257128,33.946541],[-84.258358,33.946321],[-84.258878,33.946215],[-84.260162,33.945997],[-84.260683,33.945984],[-84.261421,33.946072],[-84.261582,33.946107],[-84.262178,33.946337],[-84.263295,33.946917],[-84.263724,33.947031],[-84.264366,33.94705],[-84.26509,33.947071],[-84.265497,33.947038],[-84.265858,33.947001],[-84.266251,33.947012],[-84.266787,33.947121],[-84.267254,33.947135],[-84.269908,33.945914],[-84.270023,33.945233]]]]}},
{"type":"Feature","properties":{"GEOID":"13135050336"},"geometry":{"type":"MultiPolygon","coordinates":[[[[-84.23737,33.950987],[-84.23737,33.967468],[-84.238288,33.967876],[-84.240524,33.968828],[-84.241415,33.969207],[-84.242477,33.969706],[-84.240034,33.966106],[-84.23922,33.96509],[-84.240121,33.964362],[-84.240424,33.964126],[-84.241032,33.963654],[-84.24205,33.9629],[-84.242367,33.962621],[-84.243109,33.962015],[-84.244367,33.961025],[-84.24558,33.96007],[-84.246045,33.959666],[-84.246725,33.959146],[-84.245855,33.958064],[-84.24567,33.957846],[-84.245527,33.957633],[-84.245404,33.957428],[-84.245366,33.957365],[-84.245203,33.95699],[-84.245121,33.95676],[-84.245058,33.956585],[-84.244942,33.95624],[-84.244728,33.955687],[-84.24468,33.955563],[-84.244547,33.955345],[-84.244521,33.955303],[-84.244313,33.954963],[-84.244216,33.954803],[-84.24375,33.954061],[-84.243451,33.953619],[-84.243314,33.953417],[-84.242924,33.952929],[-84.242286,33.952267],[-84.242058,33.951994],[-84.241507,33.951264],[-84.241201,33.951341],[-84.240726,33.951373],[-84.239375,33.951328],[-84.238247,33.951204],[-84.23737,33.950987]]]]}},
{"type":"Feature","properties":{"GEOID":"13135050331"},"geometry":{"type":"MultiPolygon","coordinates":[[[[-84.23737,33.906041],[-84.23737,33.913603],[-84.238266,33.914861],[-84.2403,33.917717],[-84.241076,33.918822],[-84.243485,33.922253],[-84.244661,33.923928],[-84.244959,33.924132],[-84.245422,33.924414],[-84.245848,33.924732],[-84.24635,33.925053],[-84.24668,33.925455],[-84.247145,33.926058],[-84.248084,33.925595],[-84.248618,33.925294],[-84.249568,33.924681],[-84.250374,33.924167],[-84.251232,33.923606],[-84.25238,33.922835],[-84.252791,33.922568],[-84.254061,33.921689],[-84.254584,33.921284],[-84.255246,33.920732],[-84.255547,33.920477],[-84.255976,33.920121],[-84.256177,33.919951],[-84.256321,33.919811],[-84.257399,33.918779],[-84.257726,33.918452],[-84.258086,33.918091],[-84.258285,33.91789],[-84.257656,33.916976],[-84.257597,33.916891],[-84.257122,33.916201],[-84.256321,33.91489],[-84.256022,33.914401],[-84.254369,33.913116],[-84.254316,33.913075],[-84.254118,33.912921],[-84.254103,33.912909],[-84.254022,33.912846],[-84.252421,33.911601],[-84.25232,33.911561],[-84.250738,33.91094],[-84.250413,33.910812],[-84.250087,33.910684],[-84.249621,33.910501],[-84.248821,33.910201],[-84.24872,33.910169],[-84.248057,33.909953],[-84.246868,33.909565],[-84.246268,33.909149],[-84.2462,33.909102],[-84.246179,33.909088],[-84.246129,33.909053],[-84.24513,33.908361],[-84.244953,33.908238],[-84.244922,33.908217],[-84.244668,33.908042],[-84.244644,33.908025],[-84.244635,33.908019],[-84.244321,33.907802],[-84.244266,33.907748],[-84.244211,33.907693],[-84.244189,33.90767],[-84.244023,33.907502],[-84.242766,33.906991],[-84.242746,33.906987],[-84.238611,33.905302],[-84.238342,33.905463],[-84.238281,33.9055],[-84.237998,33.905677],[-84.237637,33.905886],[-84.23737,33.906041]]]]}},
{"type":"Feature","properties":{"GEOID":"13135050456"},"geometry":{"type":"MultiPolygon","coordinates":[[[[-84.23737,33.904608],[-84.23737,33.90506],[-84.237479,33.905003],[-84.237756,33.904859],[-84.237521,33.904702],[-84.23737,33.904608]]]]}},
{"type":"Feature","properties":{"GEOID":"13121009802"},"geometry":{"type":"MultiPolygon","coordinates":[[[[-84.433759,33.8586],[-84.40374,33.8586],[-84.40367,33.858753],[-84.403596,33.858917],[-84.40345,33.859317],[-84.403426,33.859441],[-84.403419,33.859563],[-84.40344,33.859831],[-84.403456,33.859932],[-84.403558,33.860393],[-84.403671,33.860746],[-84.404435,33.862583],[-84.404728,33.863284],[-84.404754,33.863346],[-84.404778,33.863404],[-84.405256,33.864548],[-84.405329,33.864725],[-84.406115,33.866687],[-84.406249,33.866983],[-84.406397,33.867281],[-84.406907,33.868282],[-84.406949,33.86838],[-84.406952,33.868404],[-84.406964,33.868422],[-84.406997,33.868534],[-84.407026,33.868713],[-84.407055,33.869162],[-84.407073,33.869421],[-84.407075,33.869443],[-84.407094,33.869568],[-84.407128,33.869691],[-84.407177,33.86981],[-84.40724,33.869924],[-84.40733,33.870049],[-84.407716,33.87053],[-84.408301,33.871142],[-84.408377,33.871235],[-84.408442,33.871331],[-84.408524,33.871493],[-84.408694,33.871982],[-84.40878,33.872158],[-84.408911,33.872336],[-84.409396,33.872848],[-84.409485,33.872954],[-84.409601,33.873135],[-84.409707,33.873372],[-84.409732,33.873503],[-84.409726,33.873691],[-84.409598,33.874522],[-84.409615,33.874673],[-84.409666,33.874806],[-84.409748,33.874928],[-84.409979,33.875172],[-84.410074,33.875252],[-84.410596,33.875647],[-84.410882,33.875864],[-84.4113,33.87623],[-84.411719,33.876571],[-84.411778,33.876613],[-84.411972,33.876759],[-84.412047,33.876834],[-84.412108,33.87691],[-84.412218,33.877148],[-84.412272,33.87733],[-84.412359,33.87749],[-84.41238,33.877519],[-84.412434,33.877561],[-84.412524,33.877617],[-84.412811,33.877759],[-84.413055,33.877891],[-84.413244,33.878016],[-84.413419,33.878155],[-84.413639,33.878353],[-84.413656,33.878369],[-84.413838,33.878534],[-84.413924,33.878611],[-84.414013,33.878691],[-84.414063,33.878736],[-84.414148,33.878833],[-84.414407,33.879125],[-84.414676,33.879463],[-84.414933,33.879874],[-84.415463,33.880675],[-84.415686,33.881014],[-84.415748,33.88109],[-84.415945,33.88129],[-84.416273,33.881544],[-84.41653,33.881708],[-84.4167,33.881828],[-84.416873,33.881931],[-84.417141,33.882074],[-84.417247,33.882117],[-84.417358,33.882148],[-84.417889,33.88225],[-84.418027,33.882271],[-84.418244,33.882283],[-84.418474,33.882275],[-84.418578,33.882253],[-84.418672,33.882211],[-84.418747,33.882157],[-84.419494,33.881452],[-84.419632,33.881358],[-84.419765,33.881281],[-84.419919,33.881205],[-84.420072,33.881143],[-84.420345,33.881059],[-84.421735,33.880746],[-84.421852,33.880713],[-84.422114,33.88062],[-84.422802,33.88032],[-84.423023,33.88024],[-84.423241,33.880173],[-84.424278,33.879971],[-84.424844,33.88015],[-84.424984,33.880174],[-84.425112,33.880178],[-84.425319,33.880161],[-84.425456,33.880138],[-84.426561,33.879864],[-84.426671,33.879853],[-84.426777,33.879854],[-84.426882,33.879865],[-84.426999,33.87989],[-84.427083,33.879917],[-84.427177,33.879958],[-84.427291,33.880018],[-84.427373,33.880077],[-84.427697,33.88041],[-84.428173,33.880906],[-84.428312,33.881021],[-84.428444,33.881098],[-84.428605,33.881162],[-84.428759,33.881199],[-84.428936,33.881216],[-84.429079,33.881211],[-84.429232,33.881187],[-84.43031,33.880952],[-84.430518,33.880892],[-84.430662,33.880834],[-84.430798,33.880766],[-84.431035,33.880617],[-84.431602,33.880286],[-84.43178,33.88021],[-84.43195,33.880162],[-84.432194,33.879829],[-84.432541,33.879374],[-84.432848,33.878987],[-84.432885,33.878947],[-84.432972,33.878853],[-84.433112,33.878732],[-84.433314,33.878599],[-84.433535,33.878484],[-84.434885,33.878488],[-84.435574,33.87849],[-84.436015,33.878957],[-84.43617,33.87912],[-84.436157,33.880384],[-84.436346,33.88018],[-84.436746,33.880104],[-84.437099,33.879947],[-84.437234,33.879686],[-84.437133,33.879427],[-84.437599,33.879481],[-84.437913,33.879371],[-84.438018,33.879252],[-84.438179,33.87934],[-84.438558,33.87946],[-84.438696,33.879377],[-84.438788,33.879436],[-84.438741,33.879768],[-84.438887,33.879884],[-84.439251,33.879935],[-84.439338,33.879908],[-84.439404,33.87989],[-84.440023,33.879268],[-84.439847,33.879106],[-84.440164,33.879014],[-84.44025,33.878785],[-84.44035,33.878585],[-84.440335,33.878519],[-84.441374,33.878524],[-84.442402,33.878522],[-84.442692,33.878525],[-84.443344,33.878529],[-84.443472,33.878533],[-84.443528,33.878535],[-84.443797,33.878542],[-84.443811,33.878532],[-84.444294,33.87843],[-84.445234,33.877874],[-84.44536,33.877799],[-84.446534,33.877167],[-84.44747,33.87655],[-84.448013,33.876],[-84.448003,33.87599],[-84.448254,33.875753],[-84.448574,33.875415],[-84.449106,33.87484],[-84.449929,33.874187],[-84.450242,33.873942],[-84.450695,33.873531],[-84.451116,33.873162],[-84.451211,33.873073],[-84.451282,33.873003],[-84.451349,33.872931],[-84.451687,33.872574],[-84.451723,33.872513],[-84.45176,33.872443],[-84.451796,33.872371],[-84.451827,33.872299],[-84.451857,33.872226],[-84.451891,33.872155],[-84.451928,33.872078],[-84.451961,33.871849],[-84.451975,33.871758],[-84.451985,33.871659],[-84.45199,33.871569],[-84.45199,33.871532],[-84.45199,33.87147],[-84.451987,33.871379],[-84.451978,33.87128],[-84.451964,33.871181],[-84.451925,33.871116],[-84.451888,33.870886],[-84.451855,33.870772],[-84.451833,33.870656],[-84.451813,33.87054],[-84.451798,33.870457],[-84.45178,33.87036],[-84.451752,33.870273],[-84.451742,33.870193],[-84.451734,33.870143],[-84.451729,33.870075],[-84.451796,33.869887],[-84.45192,33.869549],[-84.452043,33.869212],[-84.452261,33.869037],[-84.452316,33.868962],[-84.452405,33.868911],[-84.452496,33.868866],[-84.452569,33.86883],[-84.45263,33.868761],[-84.452711,33.868702],[-84.452845,33.868589],[-84.452925,33.868526],[-84.452997,33.868466],[-84.45308,33.868404],[-84.453157,33.868336],[-84.45323,33.86827],[-84.453303,33.868202],[-84.453405,33.868181],[-84.453477,33.868135],[-84.453526,33.868054],[-84.453569,33.867977],[-84.453631,33.8679],[-84.453713,33.867848],[-84.453827,33.867826],[-84.453968,33.867699],[-84.453953,33.867682],[-84.453909,33.86764],[-84.453779,33.867505],[-84.452846,33.866479],[-84.45233,33.865895],[-84.45218,33.865738],[-84.451983,33.865553],[-84.451761,33.865368],[-84.451526,33.865194],[-84.45119,33.864979],[-84.450948,33.864845],[-84.450697,33.864723],[-84.450445,33.864615],[-84.450179,33.864516],[-84.449906,33.864429],[-84.449758,33.86439],[-84.449628,33.864356],[-84.449345,33.864295],[-84.449059,33.864248],[-84.448769,33.864215],[-84.446946,33.864046],[-84.446146,33.863972],[-84.444914,33.863858],[-84.440053,33.863409],[-84.439367,33.863345],[-84.439154,33.863325],[-84.438888,33.86329],[-84.438538,33.863227],[-84.438111,33.863129],[-84.438062,33.863112],[-84.437857,33.863039],[-84.437617,33.862941],[-84.436686,33.861869],[-84.435934,33.861004],[-84.435882,33.86094],[-84.434177,33.859102],[-84.433923,33.858801],[-84.433759,33.8586]]]]}},
{"type":"Feature","properties":{"GEOID":"13121009700"},"geometry":{"type":"MultiPolygon","coordinates":[[[[-84.454555,33.8586],[-84.433759,33.8586],[-84.433923,33.858801],[-84.434177,33.859102],[-84.435882,33.86094],[-84.435934,33.861004],[-84.436686,33.861869],[-84.437617,33.862941],[-84.437857,33.863039],[-84.438062,33.863112],[-84.438111,33.863129],[-84.438538,33.863227],[-84.438888,33.86329],[-84.439154,33.863325],[-84.439367,33.863345],[-84.440053,33.863409],[-84.444914,33.863858],[-84.446146,33.863972],[-84.446946,33.864046],[-84.448769,33.864215],[-84.449059,33.864248],[-84.449345,33.864295],[-84.449628,33.864356],[-84.449758,33.86439],[-84.449906,33.864429],[-84.450179,33.864516],[-84.450445,33.864615],[-84.450697,33.864723],[-84.450948,33.864845],[-84.45119,33.864979],[-84.451526,33.865194],[-84.451761,33.865368],[-84.451983,33.865553],[-84.45218,33.865738],[-84.45233,33.865895],[-84.452846,33.866479],[-84.453779,33.867505],[-84.453909,33.86764],[-84.453953,33.867682],[-84.453968,33.867699],[-84.454313,33.867386],[-84.454367,33.867308],[-84.454431,33.867243],[-84.454497,33.86717],[-84.454564,33.8671],[-84.454618,33.86702],[-84.454667,33.866946],[-84.454746,33.866866],[-84.454815,33.866796],[-84.454885,33.866725],[-84.454913,33.866697],[-84.454958,33.866651],[-84.455015,33.866583],[-84.455073,33.866514],[-84.45514,33.866449],[-84.455161,33.866342],[-84.45525,33.866303],[-84.455321,33.866219],[-84.455464,33.866011],[-84.455684,33.865675],[-84.455719,33.865591],[-84.455744,33.865532],[-84.455759,33.865495],[-84.455794,33.86541],[-84.455829,33.865325],[-84.455859,33.865254],[-84.455894,33.86517],[-84.455927,33.865089],[-84.45596,33.86501],[-84.455995,33.864926],[-84.456032,33.864836],[-84.456053,33.864787],[-84.456116,33.864671],[-84.45614,33.86458],[-84.456176,33.864491],[-84.456177,33.864402],[-84.456183,33.86431],[-84.456181,33.864223],[-84.456185,33.864164],[-84.456187,33.864137],[-84.456202,33.864053],[-84.456178,33.863985],[-84.456178,33.863915],[-84.456182,33.86388],[-84.456179,33.863793],[-84.45615,33.863711],[-84.45612,33.863627],[-84.456087,33.863535],[-84.456057,33.86345],[-84.456041,33.863405],[-84.456019,33.863361],[-84.45598,33.863277],[-84.455927,33.863204],[-84.455899,33.863123],[-84.455837,33.863052],[-84.455775,33.86298],[-84.455704,33.862915],[-84.45565,33.862844],[-84.455589,33.862769],[-84.455542,33.862693],[-84.455529,33.862682],[-84.455474,33.862631],[-84.4554,33.862568],[-84.455336,33.862499],[-84.455277,33.862428],[-84.45521,33.862356],[-84.455157,33.8623],[-84.455087,33.862231],[-84.45503,33.862149],[-84.45501,33.86211],[-84.454999,33.862084],[-84.454958,33.861982],[-84.454686,33.861452],[-84.454667,33.861397],[-84.454648,33.861344],[-84.454622,33.861275],[-84.454594,33.861189],[-84.454598,33.861092],[-84.454527,33.861014],[-84.454487,33.860945],[-84.454458,33.860863],[-84.454474,33.860787],[-84.454442,33.860707],[-84.454406,33.860618],[-84.454379,33.860551],[-84.454372,33.860523],[-84.454351,33.860451],[-84.454309,33.860364],[-84.454297,33.860336],[-84.454268,33.860276],[-84.454239,33.860206],[-84.454232,33.86019],[-84.454239,33.860138],[-84.454259,33.859987],[-84.45425,33.859898],[-84.454237,33.859863],[-84.454237,33.859831],[-84.454195,33.859729],[-84.454237,33.859539],[-84.454241,33.859519],[-84.454243,33.85942],[-84.454246,33.859399],[-84.454256,33.859368],[-84.454287,33.859276],[-84.454312,33.8592],[-84.45434,33.859112],[-84.454355,33.859067],[-84.454375,33.859027],[-84.454406,33.858963],[-84.454449,33.858796],[-84.454467,33.858725],[-84.454546,33.858617],[-84.454555,33.8586]]]]}},
{"type":"Feature","properties":{"GEOID":"13121010107"},"geometry":{"type":"MultiPolygon","coordinates":[[[[-84.320429,33.978872],[-84.320725,33.978711],[-84.320875,33.978589],[-84.320682,33.9785],[-84.320409,33.978391],[-84.320281,33.97836],[-84.320085,33.97835],[-84.319904,33.978379],[-84.319641,33.97847],[-84.318767,33.978846],[-84.318317,33.979028],[-84.317678,33.979264],[-84.317522,33.979348],[-84.317079,33.979002],[-84.316961,33.978886],[-84.316878,33.978771],[-84.316556,33.978219],[-84.316224,33.977782],[-84.316117,33.977583],[-84.316004,33.977215],[-84.315957,33.977111],[-84.315905,33.977026],[-84.315796,33.976897],[-84.31552,33.976645],[-84.315073,33.97615],[-84.314792,33.975875],[-84.314438,33.975577],[-84.313973,33.975148],[-84.313864,33.975022],[-84.313788,33.9749],[-84.313714,33.974703],[-84.313689,33.974514],[-84.313744,33.973839],[-84.313768,33.973682],[-84.31383,33.973313],[-84.313841,33.973173],[-84.313839,33.973071],[-84.313815,33.972894],[-84.313787,33.972786],[-84.313747,33.972688],[-84.313694,33.972596],[-84.313461,33.972271],[-84.31332,33.972063],[-84.31322,33.971868],[-84.313133,33.971613],[-84.313121,33.971489],[-84.313127,33.971346],[-84.31315,33.971204],[-84.313563,33.969517],[-84.313586,33.969346],[-84.31359,33.969166],[-84.313575,33.968987],[-84.313403,33.968003],[-84.314217,33.967912],[-84.31454,33.967853],[-84.314741,33.9678],[-84.314937,33.967734],[-84.3151,33.967669],[-84.315351,33.967551],[-84.316114,33.967195],[-84.316237,33.967113],[-84.316348,33.967003],[-84.316423,33.966887],[-84.316474,33.96675],[-84.316562,33.966046],[-84.316407,33.966023],[-84.316337,33.966023],[-84.315756,33.966075],[-84.315628,33.966075],[-84.315513,33.966062],[-84.315333,33.966017],[-84.314079,33.965647],[-84.313556,33.965485],[-84.313292,33.965404],[-84.313128,33.965337],[-84.312968,33.965243],[-84.312593,33.964967],[-84.312478,33.964883],[-84.311932,33.96448],[-84.311886,33.964459],[-84.311689,33.964342],[-84.311486,33.964278],[-84.310793,33.964157],[-84.310444,33.96408],[-84.309817,33.963926],[-84.309532,33.963829],[-84.309348,33.963742],[-84.30918,33.963643],[-84.308628,33.963241],[-84.308485,33.963137],[-84.308286,33.963008],[-84.308231,33.962973],[-84.308176,33.962937],[-84.308067,33.962877],[-84.307823,33.962741],[-84.307292,33.962467],[-84.306425,33.962023],[-84.306288,33.961953],[-84.306114,33.961864],[-84.303318,33.960431],[-84.302911,33.960248],[-84.302879,33.960234],[-84.302502,33.960065],[-84.302531,33.961829],[-84.302543,33.962675],[-84.302523,33.96284],[-84.302482,33.962982],[-84.302422,33.963119],[-84.302343,33.963249],[-84.30186,33.963849],[-84.301734,33.964023],[-84.300882,33.965205],[-84.300776,33.965203],[-84.297489,33.965124],[-84.296324,33.965096],[-84.295041,33.965047],[-84.295025,33.965071],[-84.295,33.96518],[-84.294885,33.965355],[-84.294675,33.965494],[-84.294581,33.965551],[-84.294221,33.965793],[-84.294055,33.965904],[-84.293821,33.966072],[-84.293609,33.966204],[-84.293125,33.966453],[-84.292962,33.96652],[-84.292779,33.966589],[-84.292646,33.966645],[-84.292464,33.9667],[-84.292303,33.966779],[-84.292136,33.966884],[-84.291764,33.967045],[-84.291503,33.96718],[-84.291413,33.967247],[-84.291372,33.967341],[-84.291297,33.967458],[-84.291226,33.967547],[-84.291183,33.967601],[-84.291039,33.967858],[-84.290935,33.967983],[-84.290902,33.968023],[-84.290653,33.968309],[-84.290564,33.968357],[-84.290507,33.968425],[-84.290471,33.968446],[-84.290453,33.968614],[-84.290379,33.968727],[-84.290332,33.968799],[-84.290184,33.968954],[-84.290076,33.969144],[-84.289942,33.9693],[-84.289761,33.969432],[-84.289541,33.969506],[-84.289254,33.969551],[-84.289037,33.969546],[-84.288941,33.969567],[-84.288748,33.969642],[-84.288513,33.969739],[-84.288218,33.969862],[-84.288072,33.969955],[-84.288063,33.970029],[-84.287972,33.970106],[-84.287897,33.970121],[-84.28753,33.970113],[-84.287502,33.970129],[-84.287301,33.97025],[-84.286811,33.970497],[-84.286448,33.970778],[-84.286087,33.971024],[-84.28579,33.971052],[-84.285692,33.97105],[-84.285562,33.971065],[-84.285549,33.971067],[-84.285528,33.97107],[-84.285494,33.971074],[-84.285343,33.971121],[-84.285224,33.971221],[-84.285181,33.971299],[-84.285081,33.971438],[-84.285004,33.971533],[-84.284872,33.971604],[-84.284454,33.971705],[-84.284272,33.971767],[-84.284211,33.971788],[-84.284145,33.971811],[-84.283878,33.971856],[-84.283565,33.971889],[-84.283236,33.971967],[-84.282618,33.97214],[-84.281459,33.972457],[-84.281239,33.972532],[-84.281034,33.972561],[-84.280865,33.972557],[-84.280714,33.972582],[-84.280431,33.972712],[-84.280206,33.972898],[-84.280348,33.973015],[-84.280464,33.973151],[-84.28052,33.973261],[-84.280517,33.97337],[-84.280369,33.973592],[-84.280061,33.973835],[-84.279641,33.974135],[-84.279497,33.974232],[-84.279353,33.974346],[-84.279271,33.974427],[-84.279237,33.974527],[-84.279232,33.974685],[-84.27917,33.974759],[-84.279004,33.974922],[-84.278838,33.975102],[-84.278796,33.975185],[-84.278812,33.975294],[-84.2789,33.975371],[-84.279057,33.975475],[-84.279241,33.975662],[-84.27931,33.975784],[-84.279336,33.975831],[-84.27959,33.976355],[-84.279626,33.976481],[-84.279664,33.976563],[-84.279692,33.976624],[-84.279747,33.976702],[-84.279883,33.976895],[-84.280235,33.97748],[-84.280434,33.977338],[-84.280487,33.977333],[-84.280592,33.977313],[-84.280694,33.977283],[-84.280791,33.977243],[-84.280882,33.977194],[-84.280965,33.977137],[-84.281232,33.976983],[-84.281509,33.976843],[-84.281796,33.976716],[-84.282091,33.976604],[-84.282394,33.976507],[-84.28331,33.976232],[-84.284523,33.975848],[-84.284831,33.975762],[-84.285142,33.975685],[-84.285561,33.975595],[-84.285985,33.975522],[-84.286412,33.975464],[-84.286842,33.975423],[-84.287273,33.975397],[-84.287813,33.975373],[-84.288352,33.975336],[-84.28889,33.975286],[-84.289104,33.975262],[-84.28932,33.975249],[-84.289536,33.975248],[-84.289752,33.97526],[-84.289995,33.97528],[-84.290208,33.97531],[-84.290738,33.975399],[-84.291478,33.975534],[-84.291582,33.97556],[-84.291683,33.975591],[-84.291782,33.975628],[-84.291877,33.975671],[-84.291969,33.975719],[-84.292056,33.975772],[-84.292139,33.975829],[-84.292318,33.97593],[-84.292507,33.976019],[-84.29339,33.976382],[-84.293477,33.976418],[-84.293969,33.976604],[-84.29416,33.976689],[-84.294253,33.976735],[-84.294431,33.976837],[-84.294605,33.976944],[-84.294787,33.977042],[-84.295166,33.977215],[-84.295351,33.977309],[-84.295614,33.977467],[-84.295871,33.977633],[-84.296012,33.977713],[-84.296318,33.977886],[-84.29649,33.977995],[-84.296653,33.978114],[-84.297039,33.978429],[-84.297336,33.978691],[-84.297543,33.978899],[-84.297694,33.979071],[-84.297735,33.979118],[-84.297853,33.979268],[-84.297994,33.979468],[-84.298217,33.979781],[-84.2984,33.980016],[-84.298805,33.980537],[-84.298913,33.980694],[-84.29901,33.980855],[-84.299098,33.98102],[-84.299209,33.981274],[-84.299295,33.981534],[-84.299406,33.981975],[-84.299538,33.982596],[-84.299556,33.982776],[-84.299557,33.982956],[-84.299538,33.983136],[-84.299501,33.983313],[-84.299476,33.983401],[-84.299412,33.983573],[-84.29933,33.98374],[-84.299283,33.983821],[-84.299175,33.983977],[-84.298892,33.984315],[-84.298608,33.984351],[-84.297484,33.984327],[-84.296943,33.984329],[-84.296649,33.984336],[-84.296363,33.984381],[-84.296256,33.984394],[-84.29604,33.984408],[-84.295932,33.984409],[-84.295826,33.984426],[-84.295723,33.984453],[-84.295624,33.98449],[-84.295163,33.984725],[-84.294985,33.984828],[-84.294815,33.984939],[-84.294735,33.984999],[-84.294655,33.98506],[-84.294506,33.985191],[-84.294451,33.985269],[-84.294411,33.985352],[-84.294388,33.98544],[-84.294382,33.98553],[-84.294395,33.985619],[-84.294425,33.985706],[-84.294467,33.985789],[-84.294521,33.985867],[-84.294587,33.985938],[-84.294639,33.986017],[-84.294725,33.986183],[-84.29479,33.986354],[-84.294858,33.986619],[-84.294887,33.986705],[-84.294961,33.986875],[-84.295055,33.987037],[-84.295108,33.987115],[-84.295154,33.987197],[-84.295231,33.987366],[-84.295288,33.987539],[-84.295309,33.987628],[-84.295338,33.987714],[-84.295375,33.987799],[-84.295418,33.987882],[-84.295469,33.987961],[-84.295526,33.988038],[-84.295589,33.988111],[-84.295659,33.98818],[-84.295734,33.988244],[-84.295815,33.988304],[-84.296075,33.988466],[-84.296345,33.988617],[-84.296445,33.98865],[-84.296549,33.988673],[-84.296605,33.988678],[-84.296979,33.988715],[-84.297411,33.98874],[-84.297558,33.988754],[-84.297733,33.988771],[-84.297947,33.988796],[-84.298271,33.98882],[-84.298595,33.988831],[-84.298811,33.988831],[-84.299146,33.988873],[-84.299285,33.98886],[-84.299391,33.988842],[-84.299495,33.988816],[-84.299596,33.988784],[-84.299694,33.988745],[-84.299787,33.9887],[-84.299876,33.988649],[-84.29996,33.988592],[-84.300038,33.98853],[-84.300111,33.988462],[-84.300176,33.988391],[-84.300234,33.988315],[-84.300378,33.98818],[-84.300458,33.988119],[-84.300542,33.988063],[-84.300631,33.988011],[-84.300723,33.987965],[-84.300819,33.987923],[-84.301016,33.987848],[-84.301206,33.987762],[-84.301389,33.987666],[-84.301565,33.987561],[-84.301732,33.987447],[-84.30189,33.987323],[-84.302038,33.987192],[-84.302176,33.987053],[-84.302303,33.986907],[-84.302419,33.986755],[-84.302472,33.986677],[-84.302696,33.986103],[-84.302769,33.986034],[-84.302828,33.985959],[-84.302873,33.985876],[-84.302902,33.98579],[-84.302914,33.9857],[-84.302911,33.98561],[-84.302891,33.985522],[-84.30289,33.985432],[-84.302895,33.985342],[-84.302907,33.985252],[-84.302925,33.985163],[-84.30295,33.985076],[-84.302982,33.98499],[-84.30302,33.984905],[-84.303064,33.984823],[-84.303115,33.984743],[-84.303171,33.984666],[-84.303233,33.984592],[-84.303331,33.984512],[-84.303415,33.984456],[-84.303504,33.984405],[-84.303598,33.984361],[-84.303697,33.984323],[-84.303798,33.984293],[-84.303903,33.98427],[-84.304115,33.984235],[-84.304641,33.984129],[-84.305161,33.984007],[-84.305574,33.983897],[-84.305983,33.98378],[-84.306295,33.983706],[-84.306612,33.983646],[-84.306932,33.983601],[-84.307329,33.983567],[-84.30893,33.98388],[-84.308991,33.983896],[-84.309082,33.983914],[-84.309258,33.983949],[-84.309509,33.98406],[-84.309775,33.984248],[-84.310119,33.984467],[-84.310386,33.98462],[-84.310755,33.984809],[-84.311041,33.984937],[-84.311336,33.985049],[-84.31164,33.985144],[-84.311846,33.985199],[-84.312055,33.985246],[-84.312372,33.985302],[-84.312586,33.985329],[-84.313124,33.985376],[-84.313879,33.985427],[-84.314635,33.985462],[-84.314682,33.985463],[-84.315284,33.98548],[-84.316149,33.985486],[-84.316399,33.985466],[-84.316377,33.985269],[-84.316434,33.98507],[-84.31643,33.984686],[-84.316398,33.984491],[-84.316355,33.98442],[-84.316228,33.984336],[-84.316133,33.984264],[-84.316078,33.984139],[-84.316063,33.98402],[-84.316102,33.983794],[-84.316105,33.983692],[-84.316062,33.98362],[-84.315955,33.983537],[-84.31588,33.983455],[-84.315843,33.983384],[-84.31582,33.983286],[-84.315842,33.983195],[-84.315904,33.983093],[-84.315978,33.983003],[-84.316098,33.982893],[-84.316197,33.98283],[-84.316336,33.982733],[-84.316501,33.982634],[-84.316719,33.982515],[-84.316911,33.982379],[-84.317065,33.982231],[-84.317147,33.982082],[-84.317243,33.981933],[-84.317292,33.981804],[-84.317339,33.981751],[-84.317479,33.981625],[-84.317625,33.981515],[-84.317627,33.981439],[-84.317643,33.981364],[-84.317635,33.981183],[-84.317689,33.981119],[-84.3178,33.981089],[-84.317904,33.981086],[-84.318034,33.981089],[-84.318099,33.981074],[-84.318126,33.981026],[-84.318123,33.980929],[-84.318143,33.980692],[-84.318174,33.980547],[-84.31825,33.980398],[-84.31841,33.980228],[-84.318552,33.98007],[-84.318665,33.979964],[-84.318744,33.979907],[-84.318878,33.979777],[-84.319031,33.979667],[-84.319142,33.979621],[-84.319318,33.979576],[-84.319667,33.9794],[-84.319841,33.979248],[-84.320033,33.979095],[-84.320173,33.978964],[-84.320311,33.978929],[-84.320429,33.978872]]]]}},
{"type":"Feature","properties":{"GEOID":"13121011423"},"geometry":{"type":"MultiPolygon","coordinates":[[[[-84.391172,34.02844],[-84.397382,34.02844],[-84.39746,34.02838],[-84.397624,34.028236],[-84.397768,34.028092],[-84.397908,34.027932],[-84.398125,34.027628],[-84.398397,34.027145],[-84.398574,34.026812],[-84.398689,34.026667],[-84.398806,34.026559],[-84.398933,34.026462],[-84.39907,34.026376],[-84.399216,34.026302],[-84.3994,34.02623],[-84.399592,34.026175],[-84.400267,34.026023],[-84.401247,34.025883],[-84.401246,34.025834],[-84.401285,34.025759],[-84.40131,34.025727],[-84.401353,34.025683],[-84.401377,34.025663],[-84.401505,34.025561],[-84.401568,34.025503],[-84.401634,34.025413],[-84.401666,34.025342],[-84.401675,34.025258],[-84.401645,34.025179],[-84.401582,34.025098],[-84.401553,34.024943],[-84.401492,34.024815],[-84.40141,34.024628],[-84.401376,34.024577],[-84.401363,34.024494],[-84.401391,34.024392],[-84.401378,34.024325],[-84.401344,34.024253],[-84.401243,34.024197],[-84.401143,34.024176],[-84.401021,34.024209],[-84.400889,34.024272],[-84.40072,34.024318],[-84.400547,34.024375],[-84.400332,34.024478],[-84.400264,34.024501],[-84.400194,34.024509],[-84.400125,34.024509],[-84.400045,34.024494],[-84.399941,34.024459],[-84.399886,34.024427],[-84.399863,34.024427],[-84.399738,34.024335],[-84.399705,34.024269],[-84.39968,34.024242],[-84.39961,34.02416],[-84.399504,34.023964],[-84.399453,34.02385],[-84.399393,34.023759],[-84.399325,34.023677],[-84.399088,34.023473],[-84.398854,34.023287],[-84.398733,34.023174],[-84.398664,34.023064],[-84.398586,34.022906],[-84.398555,34.02275],[-84.398531,34.022673],[-84.398404,34.022395],[-84.398344,34.022305],[-84.398236,34.022166],[-84.398187,34.022081],[-84.39817,34.022034],[-84.398157,34.021976],[-84.398159,34.02193],[-84.398205,34.021856],[-84.39826,34.021811],[-84.3983,34.021801],[-84.398343,34.021791],[-84.398502,34.021764],[-84.398604,34.021677],[-84.398706,34.021612],[-84.398806,34.021555],[-84.398856,34.021482],[-84.398928,34.021394],[-84.399024,34.021273],[-84.399154,34.021117],[-84.399219,34.021023],[-84.399247,34.020945],[-84.399339,34.020846],[-84.399412,34.020796],[-84.399499,34.020744],[-84.399557,34.020678],[-84.399617,34.020567],[-84.399639,34.020451],[-84.399633,34.020351],[-84.399608,34.020297],[-84.399684,34.020156],[-84.3997,34.020071],[-84.399669,34.019977],[-84.399605,34.019864],[-84.399594,34.019828],[-84.399598,34.019795],[-84.399594,34.019778],[-84.399565,34.019738],[-84.399582,34.019694],[-84.399583,34.019676],[-84.399608,34.01964],[-84.399623,34.019549],[-84.399622,34.019353],[-84.399621,34.019087],[-84.399475,34.018712],[-84.39945,34.01858],[-84.399455,34.018555],[-84.39942,34.018504],[-84.399449,34.01847],[-84.399443,34.018448],[-84.39943,34.018426],[-84.399412,34.018397],[-84.399365,34.018308],[-84.399317,34.0182],[-84.399298,34.018168],[-84.399219,34.018107],[-84.399185,34.01806],[-84.399163,34.017982],[-84.39918,34.017953],[-84.399237,34.017894],[-84.399213,34.017738],[-84.39919,34.017694],[-84.399154,34.017512],[-84.399125,34.017384],[-84.399093,34.017309],[-84.399069,34.017271],[-84.399009,34.017181],[-84.398973,34.017129],[-84.398953,34.017111],[-84.398923,34.017084],[-84.39888,34.017057],[-84.398791,34.01702],[-84.398711,34.016997],[-84.398689,34.016991],[-84.398634,34.016982],[-84.398584,34.016976],[-84.398546,34.016986],[-84.398504,34.01699],[-84.398446,34.01698],[-84.398306,34.016943],[-84.398219,34.016868],[-84.398143,34.016827],[-84.398105,34.016813],[-84.398049,34.016775],[-84.398006,34.016701],[-84.39799,34.016668],[-84.397968,34.016607],[-84.397957,34.016568],[-84.397956,34.016521],[-84.39796,34.016472],[-84.39798,34.016421],[-84.398007,34.01638],[-84.398026,34.016341],[-84.398047,34.016303],[-84.398081,34.01628],[-84.398114,34.016267],[-84.398172,34.016286],[-84.398226,34.016327],[-84.39825,34.016363],[-84.398274,34.016429],[-84.3983,34.016461],[-84.398338,34.016484],[-84.398424,34.0165],[-84.398499,34.016446],[-84.39856,34.016368],[-84.39857,34.016302],[-84.39857,34.016221],[-84.398575,34.016121],[-84.398572,34.016088],[-84.398545,34.016055],[-84.398513,34.01603],[-84.398495,34.015985],[-84.398489,34.015952],[-84.398484,34.015928],[-84.398488,34.015886],[-84.398474,34.015884],[-84.398471,34.015857],[-84.398484,34.015812],[-84.398586,34.015735],[-84.398669,34.015687],[-84.398743,34.015676],[-84.398793,34.015645],[-84.398873,34.015545],[-84.398988,34.015478],[-84.399037,34.015443],[-84.3991,34.015414],[-84.399207,34.015371],[-84.399272,34.015346],[-84.399318,34.015312],[-84.399366,34.015268],[-84.399403,34.015226],[-84.399472,34.015189],[-84.399558,34.01518],[-84.399633,34.01522],[-84.399672,34.015213],[-84.399758,34.015173],[-84.399826,34.015093],[-84.399917,34.01498],[-84.39994,34.014944],[-84.399946,34.014927],[-84.399968,34.014866],[-84.400016,34.014816],[-84.400039,34.014806],[-84.400089,34.014786],[-84.400205,34.014768],[-84.400349,34.014759],[-84.4005,34.01475],[-84.400554,34.014755],[-84.400687,34.014738],[-84.400856,34.0147],[-84.400891,34.014693],[-84.401032,34.014651],[-84.401114,34.014617],[-84.401139,34.014559],[-84.401123,34.014515],[-84.401135,34.01444],[-84.40116,34.014379],[-84.401227,34.014267],[-84.401237,34.014231],[-84.401215,34.014177],[-84.401196,34.01413],[-84.401117,34.014093],[-84.400992,34.014077],[-84.400903,34.01406],[-84.400833,34.014041],[-84.400727,34.014001],[-84.40048,34.01391],[-84.400339,34.013832],[-84.400238,34.013724],[-84.400114,34.013564],[-84.400044,34.013464],[-84.400009,34.0134],[-84.399992,34.013352],[-84.4,34.013315],[-84.400039,34.01329],[-84.400149,34.013259],[-84.400214,34.013233],[-84.400291,34.013173],[-84.400371,34.013115],[-84.400498,34.013051],[-84.400616,34.013014],[-84.400758,34.01299],[-84.400839,34.01296],[-84.40092,34.012912],[-84.400999,34.012824],[-84.401048,34.012734],[-84.401104,34.012604],[-84.401115,34.012512],[-84.401102,34.012419],[-84.401062,34.012298],[-84.401057,34.012201],[-84.401036,34.012002],[-84.401032,34.011969],[-84.401018,34.011938],[-84.400999,34.011905],[-84.400973,34.01185],[-84.400948,34.011808],[-84.400905,34.011752],[-84.400812,34.011657],[-84.400755,34.011607],[-84.400567,34.011464],[-84.400425,34.011355],[-84.400326,34.011309],[-84.400233,34.011283],[-84.400128,34.011247],[-84.400046,34.011183],[-84.399961,34.011106],[-84.399875,34.011026],[-84.399794,34.010953],[-84.399744,34.01091],[-84.39967,34.010834],[-84.399615,34.010768],[-84.399483,34.0107],[-84.399434,34.010672],[-84.39937,34.010614],[-84.399323,34.010531],[-84.399303,34.010465],[-84.399297,34.010411],[-84.399302,34.010334],[-84.399303,34.010308],[-84.39925,34.01014],[-84.399229,34.010099],[-84.399182,34.010044],[-84.399155,34.009987],[-84.399147,34.00993],[-84.399153,34.009892],[-84.399192,34.009825],[-84.399257,34.009763],[-84.399315,34.009717],[-84.399355,34.009698],[-84.399397,34.009688],[-84.399452,34.009691],[-84.399528,34.009715],[-84.399655,34.009746],[-84.399868,34.009774],[-84.399972,34.009777],[-84.400055,34.00977],[-84.40018,34.009738],[-84.400231,34.00972],[-84.400283,34.009705],[-84.400386,34.009682],[-84.400438,34.009665],[-84.400473,34.009608],[-84.400499,34.009584],[-84.400545,34.009579],[-84.400607,34.009589],[-84.40064,34.009542],[-84.400648,34.009483],[-84.400675,34.009387],[-84.400681,34.009293],[-84.400684,34.009243],[-84.400704,34.009199],[-84.40075,34.009147],[-84.400791,34.009086],[-84.400791,34.009032],[-84.400787,34.008972],[-84.400796,34.008886],[-84.400785,34.00878],[-84.400783,34.008744],[-84.400793,34.008697],[-84.400816,34.008644],[-84.400856,34.008581],[-84.400886,34.008515],[-84.40089,34.008453],[-84.400891,34.008423],[-84.400882,34.008385],[-84.400859,34.008336],[-84.400829,34.008265],[-84.400787,34.008208],[-84.40073,34.008151],[-84.400692,34.008116],[-84.400687,34.008095],[-84.400487,34.007894],[-84.40046,34.007867],[-84.400436,34.007838],[-84.400364,34.007792],[-84.400256,34.007744],[-84.400143,34.007747],[-84.400048,34.007778],[-84.399956,34.007814],[-84.399907,34.007839],[-84.399817,34.00787],[-84.39967,34.007916],[-84.399563,34.007943],[-84.399328,34.00797],[-84.399207,34.007973],[-84.398975,34.007993],[-84.398803,34.008009],[-84.398682,34.008032],[-84.39858,34.008064],[-84.398496,34.008096],[-84.398383,34.008151],[-84.398267,34.008213],[-84.3981,34.008304],[-84.398012,34.008351],[-84.397971,34.008357],[-84.397885,34.00835],[-84.397708,34.008328],[-84.397584,34.00832],[-84.397487,34.008329],[-84.39737,34.008351],[-84.397298,34.008359],[-84.397189,34.008369],[-84.397096,34.008369],[-84.397016,34.008361],[-84.396934,34.008342],[-84.396864,34.008296],[-84.396816,34.008257],[-84.396737,34.00817],[-84.396656,34.008145],[-84.396578,34.008136],[-84.396523,34.008134],[-84.39643,34.008147],[-84.39637,34.008152],[-84.396313,34.008121],[-84.396271,34.008059],[-84.396275,34.00801],[-84.396318,34.007966],[-84.396424,34.007923],[-84.396529,34.007874],[-84.396608,34.007844],[-84.396699,34.007819],[-84.39675,34.007778],[-84.396818,34.00773],[-84.396852,34.007702],[-84.39689,34.007647],[-84.396994,34.007555],[-84.397068,34.00745],[-84.39714,34.007348],[-84.39717,34.007296],[-84.397177,34.007227],[-84.397171,34.007155],[-84.397155,34.007054],[-84.39715,34.006992],[-84.397153,34.006933],[-84.397174,34.006865],[-84.397196,34.006801],[-84.397245,34.006726],[-84.397262,34.006668],[-84.397265,34.006574],[-84.39717,34.006289],[-84.397104,34.006235],[-84.397018,34.006157],[-84.396961,34.006068],[-84.396926,34.006008],[-84.396888,34.005847],[-84.396889,34.005786],[-84.396868,34.005689],[-84.396842,34.005624],[-84.396722,34.005428],[-84.396637,34.005338],[-84.396516,34.005214],[-84.396407,34.005122],[-84.396316,34.005073],[-84.396248,34.005049],[-84.396131,34.005048],[-84.395837,34.005047],[-84.39564,34.005046],[-84.39564,34.004998],[-84.395608,34.004999],[-84.395569,34.005003],[-84.395531,34.005003],[-84.395486,34.004995],[-84.395446,34.004981],[-84.395412,34.004962],[-84.39538,34.004938],[-84.395345,34.004908],[-84.39531,34.00487],[-84.395288,34.004836],[-84.395269,34.0048],[-84.395235,34.004715],[-84.395196,34.004647],[-84.395193,34.004559],[-84.395177,34.004474],[-84.395128,34.004381],[-84.395074,34.004316],[-84.395019,34.004234],[-84.394972,34.004152],[-84.394917,34.004063],[-84.394894,34.004036],[-84.394879,34.004001],[-84.394858,34.003895],[-84.394844,34.003821],[-84.394829,34.003711],[-84.394827,34.003644],[-84.394834,34.003562],[-84.394846,34.003458],[-84.394847,34.003398],[-84.394831,34.003336],[-84.394768,34.00317],[-84.39461,34.002974],[-84.39459,34.002961],[-84.39458,34.002956],[-84.394559,34.002948],[-84.394519,34.002939],[-84.394474,34.002924],[-84.394407,34.002905],[-84.394349,34.002876],[-84.394298,34.002829],[-84.393066,34.003282],[-84.392534,34.003695],[-84.392515,34.003706],[-84.392187,34.003908],[-84.391793,34.004167],[-84.389859,34.005454],[-84.388411,34.006417],[-84.386985,34.007365],[-84.385978,34.008033],[-84.385963,34.008041],[-84.385667,34.008216],[-84.385285,34.008411],[-84.384908,34.008575],[-84.384642,34.008675],[-84.38433,34.008777],[-84.383287,34.009077],[-84.382246,34.009377],[-84.381965,34.009458],[-84.38189,34.00948],[-84.381737,34.009524],[-84.381617,34.009559],[-84.380568,34.00986],[-84.376678,34.01098],[-84.376224,34.011111],[-84.375685,34.011266],[-84.375144,34.011421],[-84.374172,34.011816],[-84.373512,34.011962],[-84.373408,34.011985],[-84.373014,34.012124],[-84.371466,34.01267],[-84.370722,34.012934],[-84.367851,34.013948],[-84.367741,34.013987],[-84.367333,34.014129],[-84.366938,34.01424],[-84.366589,34.014314],[-84.366217,34.014367],[-84.36592,34.014391],[-84.365621,34.014399],[-84.364281,34.014366],[-84.363632,34.014353],[-84.362889,34.014341],[-84.362896,34.014822],[-84.362869,34.015451],[-84.362834,34.016118],[-84.362801,34.01633],[-84.362747,34.016546],[-84.362667,34.016775],[-84.362565,34.016994],[-84.362471,34.01716],[-84.362239,34.017524],[-84.362127,34.017717],[-84.362025,34.017925],[-84.361941,34.018139],[-84.361876,34.01835],[-84.361825,34.018576],[-84.361787,34.018896],[-84.361749,34.019829],[-84.361673,34.021662],[-84.36163,34.022259],[-84.361564,34.022915],[-84.361551,34.023246],[-84.362666,34.023069],[-84.363198,34.023],[-84.364569,34.022723],[-84.364726,34.022705],[-84.364885,34.022707],[-84.364977,34.022716],[-84.365107,34.022741],[-84.365141,34.022752],[-84.36525,34.022786],[-84.36558,34.02294],[-84.365916,34.023136],[-84.366228,34.02336],[-84.36642,34.023522],[-84.367124,34.024166],[-84.367706,34.024698],[-84.36821,34.025151],[-84.368396,34.025267],[-84.368603,34.025355],[-84.36878,34.025403],[-84.368986,34.025433],[-84.369176,34.025437],[-84.369223,34.025438],[-84.369926,34.025456],[-84.370502,34.025463],[-84.371939,34.02548],[-84.372159,34.025499],[-84.372356,34.025534],[-84.372553,34.025587],[-84.372741,34.025658],[-84.373879,34.026196],[-84.375959,34.027122],[-84.376719,34.02745],[-84.376956,34.027537],[-84.377206,34.027616],[-84.377617,34.027722],[-84.377945,34.027795],[-84.378261,34.027852],[-84.378716,34.02792],[-84.379051,34.027934],[-84.379394,34.027907],[-84.379716,34.027845],[-84.380046,34.02774],[-84.380268,34.027645],[-84.380471,34.027524],[-84.380737,34.027324],[-84.380939,34.027125],[-84.381393,34.026595],[-84.381772,34.026155],[-84.381884,34.026048],[-84.382007,34.025949],[-84.382168,34.025842],[-84.382341,34.02575],[-84.382525,34.025673],[-84.38272,34.025612],[-84.382954,34.025564],[-84.383196,34.02554],[-84.383361,34.025537],[-84.383894,34.025556],[-84.384118,34.025573],[-84.384336,34.025605],[-84.384551,34.025649],[-84.384769,34.02571],[-84.385042,34.025809],[-84.38741,34.026744],[-84.388482,34.027175],[-84.38922,34.027478],[-84.389651,34.027675],[-84.390046,34.027877],[-84.391172,34.02844]]]]}},
{"type":"Feature","properties":{"GEOID":"13121010211"},"geometry":{"type":"MultiPolygon","coordinates":[[[[-84.412103,33.877522],[-84.412272,33.87733],[-84.412218,33.877148],[-84.412108,33.87691],[-84.412047,33.876834],[-84.411972,33.876759],[-84.411778,33.876613],[-84.411719,33.876571],[-84.4113,33.87623],[-84.410882,33.875864],[-84.410596,33.875647],[-84.410074,33.875252],[-84.409979,33.875172],[-84.409748,33.874928],[-84.409666,33.874806],[-84.409615,33.874673],[-84.409598,33.874522],[-84.409726,33.873691],[-84.409732,33.873503],[-84.409707,33.873372],[-84.409601,33.873135],[-84.409485,33.872954],[-84.409396,33.872848],[-84.408911,33.872336],[-84.40878,33.872158],[-84.40806,33.872754],[-84.407868,33.872891],[-84.407733,33.872971],[-84.407584,33.873046],[-84.407051,33.873265],[-84.406751,33.873376],[-84.406552,33.873474],[-84.406392,33.873577],[-84.406068,33.87383],[-84.406006,33.873894],[-84.405756,33.874208],[-84.40559,33.874455],[-84.405234,33.874983],[-84.405115,33.875127],[-84.404994,33.875239],[-84.404857,33.875337],[-84.404721,33.875412],[-84.404495,33.875509],[-84.404425,33.875428],[-84.404374,33.875382],[-84.403922,33.875051],[-84.403761,33.874957],[-84.403739,33.874948],[-84.403586,33.874885],[-84.403399,33.874836],[-84.403039,33.874783],[-84.402823,33.874759],[-84.402516,33.874725],[-84.402064,33.874686],[-84.400915,33.874589],[-84.400428,33.874558],[-84.399095,33.874446],[-84.398953,33.874435],[-84.398097,33.874379],[-84.398021,33.874387],[-84.397933,33.874418],[-84.397881,33.874354],[-84.39782,33.874297],[-84.397428,33.874007],[-84.397015,33.873675],[-84.396846,33.87354],[-84.396311,33.873104],[-84.396222,33.873168],[-84.395564,33.873544],[-84.395024,33.873906],[-84.394949,33.873951],[-84.394857,33.873993],[-84.394773,33.874022],[-84.394672,33.874046],[-84.394554,33.87406],[-84.394489,33.874063],[-84.394059,33.874086],[-84.393854,33.874121],[-84.393659,33.874184],[-84.39348,33.874275],[-84.392996,33.874623],[-84.392785,33.874798],[-84.392646,33.874936],[-84.392526,33.875075],[-84.392206,33.875527],[-84.392143,33.875603],[-84.392057,33.87568],[-84.391903,33.875791],[-84.391743,33.875879],[-84.391569,33.875939],[-84.389473,33.876444],[-84.389252,33.876504],[-84.38905,33.876568],[-84.388838,33.876647],[-84.388173,33.876937],[-84.388056,33.876982],[-84.387917,33.87702],[-84.387775,33.877045],[-84.387408,33.877065],[-84.385782,33.877128],[-84.385295,33.877165],[-84.385014,33.877199],[-84.384287,33.877307],[-84.384155,33.877333],[-84.384031,33.877367],[-84.383949,33.877398],[-84.383808,33.877451],[-84.383627,33.877537],[-84.383455,33.877637],[-84.382828,33.878007],[-84.382725,33.878046],[-84.382628,33.878068],[-84.382529,33.87808],[-84.382428,33.87808],[-84.382332,33.878065],[-84.382268,33.878055],[-84.382183,33.878025],[-84.382161,33.878017],[-84.382081,33.877988],[-84.381895,33.877909],[-84.381234,33.877543],[-84.379943,33.876847],[-84.379894,33.876953],[-84.379845,33.877099],[-84.379806,33.877273],[-84.379787,33.877444],[-84.379787,33.878149],[-84.379793,33.878836],[-84.379794,33.878981],[-84.3798,33.879856],[-84.379808,33.880732],[-84.37981,33.880934],[-84.379812,33.881133],[-84.379812,33.881193],[-84.379812,33.881256],[-84.379816,33.881653],[-84.37983,33.881874],[-84.379839,33.881953],[-84.379855,33.882077],[-84.379893,33.882295],[-84.379943,33.882512],[-84.380021,33.882769],[-84.38013,33.883129],[-84.380328,33.883759],[-84.380359,33.883836],[-84.380408,33.88396],[-84.380415,33.883977],[-84.380524,33.884204],[-84.380699,33.884506],[-84.380724,33.884548],[-84.38087,33.884756],[-84.381046,33.885008],[-84.381214,33.885246],[-84.38131,33.885406],[-84.381349,33.885482],[-84.381395,33.88557],[-84.381523,33.88588],[-84.381615,33.886201],[-84.381652,33.886368],[-84.381679,33.886548],[-84.381693,33.886718],[-84.381696,33.8869],[-84.381693,33.887002],[-84.381588,33.887988],[-84.381581,33.88806],[-84.383218,33.888179],[-84.383782,33.888202],[-84.384218,33.888248],[-84.384433,33.888283],[-84.384673,33.888332],[-84.385304,33.88848],[-84.385424,33.888522],[-84.385564,33.8886],[-84.38571,33.888693],[-84.386139,33.888994],[-84.386899,33.889527],[-84.387025,33.889603],[-84.387271,33.889725],[-84.388052,33.890193],[-84.388232,33.890268],[-84.388424,33.89032],[-84.388557,33.890341],[-84.389065,33.890368],[-84.390401,33.89037],[-84.390531,33.890384],[-84.390683,33.890412],[-84.390807,33.890446],[-84.39095,33.890499],[-84.391087,33.890563],[-84.391234,33.890652],[-84.391368,33.890756],[-84.391486,33.890872],[-84.391599,33.891018],[-84.392106,33.891816],[-84.392305,33.891288],[-84.392363,33.891177],[-84.392485,33.890998],[-84.392649,33.890823],[-84.392916,33.890607],[-84.393189,33.890416],[-84.393289,33.890354],[-84.393848,33.890015],[-84.394196,33.889829],[-84.394411,33.88973],[-84.394453,33.889706],[-84.394544,33.889674],[-84.394931,33.889529],[-84.395845,33.889232],[-84.396134,33.889136],[-84.397167,33.888844],[-84.397909,33.888625],[-84.398537,33.888482],[-84.398669,33.888437],[-84.398794,33.888378],[-84.398909,33.888307],[-84.399042,33.888199],[-84.399421,33.887807],[-84.399459,33.88777],[-84.399563,33.887673],[-84.399719,33.88756],[-84.400273,33.887261],[-84.400879,33.886941],[-84.401017,33.886884],[-84.401154,33.886844],[-84.401299,33.886815],[-84.401375,33.886806],[-84.40157,33.886802],[-84.401801,33.886798],[-84.40259,33.886758],[-84.402755,33.886731],[-84.402949,33.886672],[-84.40303,33.886631],[-84.40305,33.886621],[-84.403196,33.886517],[-84.403309,33.886425],[-84.403502,33.886227],[-84.403683,33.886004],[-84.40393,33.885743],[-84.40416,33.885519],[-84.404284,33.885409],[-84.404353,33.885358],[-84.404455,33.885299],[-84.404558,33.885255],[-84.404683,33.885219],[-84.404784,33.885208],[-84.404883,33.885207],[-84.405021,33.885221],[-84.405034,33.885224],[-84.405122,33.885241],[-84.405267,33.885269],[-84.405324,33.88528],[-84.405341,33.885281],[-84.405393,33.885283],[-84.40541,33.885284],[-84.405511,33.885288],[-84.405696,33.885264],[-84.405786,33.88524],[-84.405885,33.885202],[-84.406041,33.885115],[-84.406257,33.884938],[-84.406462,33.884752],[-84.406749,33.884463],[-84.40686,33.884327],[-84.406963,33.884182],[-84.407094,33.883997],[-84.407709,33.88319],[-84.407828,33.882992],[-84.407906,33.882818],[-84.407962,33.882644],[-84.408125,33.881826],[-84.408185,33.881641],[-84.40831,33.881373],[-84.408382,33.881254],[-84.408431,33.88119],[-84.408621,33.88101],[-84.408694,33.880935],[-84.408836,33.880905],[-84.40909,33.880874],[-84.409939,33.880833],[-84.410079,33.880799],[-84.410195,33.880738],[-84.410254,33.880691],[-84.410894,33.880081],[-84.41127,33.879687],[-84.411345,33.879583],[-84.411405,33.879472],[-84.41148,33.879283],[-84.411544,33.879087],[-84.411626,33.878764],[-84.411682,33.878479],[-84.411704,33.878365],[-84.41171,33.878338],[-84.411719,33.878292],[-84.411774,33.878086],[-84.411814,33.877975],[-84.41187,33.877859],[-84.411941,33.877745],[-84.412103,33.877522]]]]}},
{"type":"Feature","properties":{"GEOID":"13121009900"},"geometry":{"type":"MultiPolygon","coordinates":[[[[-84.40374,33.8586],[-84.380934,33.8586],[-84.380818,33.858854],[-84.380722,33.859142],[-84.380652,33.859471],[-84.380413,33.861202],[-84.380374,33.861481],[-84.380275,33.862199],[-84.380251,33.8625],[-84.38025,33.862697],[-84.380261,33.862899],[-84.380296,33.86317],[-84.380352,33.863439],[-84.380605,33.864289],[-84.380687,33.864592],[-84.380734,33.864778],[-84.38082,33.865167],[-84.380839,33.86525],[-84.380922,33.865695],[-84.380967,33.866004],[-84.380983,33.866109],[-84.380991,33.866183],[-84.381043,33.866636],[-84.381063,33.867025],[-84.381092,33.867515],[-84.381086,33.868637],[-84.381069,33.870267],[-84.381049,33.87183],[-84.381045,33.872233],[-84.381036,33.87299],[-84.380998,33.873591],[-84.380907,33.874445],[-84.380887,33.874555],[-84.380862,33.874696],[-84.380811,33.87491],[-84.380731,33.875174],[-84.3807,33.875263],[-84.380681,33.875293],[-84.380676,33.875331],[-84.380635,33.875434],[-84.38051,33.875713],[-84.379943,33.876847],[-84.381234,33.877543],[-84.381895,33.877909],[-84.382081,33.877988],[-84.382161,33.878017],[-84.382183,33.878025],[-84.382268,33.878055],[-84.382332,33.878065],[-84.382428,33.87808],[-84.382529,33.87808],[-84.382628,33.878068],[-84.382725,33.878046],[-84.382828,33.878007],[-84.383455,33.877637],[-84.383627,33.877537],[-84.383808,33.877451],[-84.383949,33.877398],[-84.384031,33.877367],[-84.384155,33.877333],[-84.384287,33.877307],[-84.385014,33.877199],[-84.385295,33.877165],[-84.385782,33.877128],[-84.387408,33.877065],[-84.387775,33.877045],[-84.387917,33.87702],[-84.388056,33.876982],[-84.388173,33.876937],[-84.388838,33.876647],[-84.38905,33.876568],[-84.389252,33.876504],[-84.389473,33.876444],[-84.391569,33.875939],[-84.391743,33.875879],[-84.391903,33.875791],[-84.392057,33.87568],[-84.392143,33.875603],[-84.392206,33.875527],[-84.392526,33.875075],[-84.392646,33.874936],[-84.392785,33.874798],[-84.392996,33.874623],[-84.39348,33.874275],[-84.393659,33.874184],[-84.393854,33.874121],[-84.394059,33.874086],[-84.394489,33.874063],[-84.394554,33.87406],[-84.394672,33.874046],[-84.394773,33.874022],[-84.394857,33.873993],[-84.394949,33.873951],[-84.395024,33.873906],[-84.395564,33.873544],[-84.396222,33.873168],[-84.396311,33.873104],[-84.396846,33.87354],[-84.397015,33.873675],[-84.397428,33.874007],[-84.39782,33.874297],[-84.397881,33.874354],[-84.397933,33.874418],[-84.398021,33.874387],[-84.398097,33.874379],[-84.398953,33.874435],[-84.399095,33.874446],[-84.400428,33.874558],[-84.400915,33.874589],[-84.402064,33.874686],[-84.402516,33.874725],[-84.402823,33.874759],[-84.403039,33.874783],[-84.403399,33.874836],[-84.403586,33.874885],[-84.403739,33.874948],[-84.403761,33.874957],[-84.403922,33.875051],[-84.404374,33.875382],[-84.404425,33.875428],[-84.404495,33.875509],[-84.404721,33.875412],[-84.404857,33.875337],[-84.404994,33.875239],[-84.405115,33.875127],[-84.405234,33.874983],[-84.40559,33.874455],[-84.405756,33.874208],[-84.406006,33.873894],[-84.406068,33.87383],[-84.406392,33.873577],[-84.406552,33.873474],[-84.406751,33.873376],[-84.407051,33.873265],[-84.407584,33.873046],[-84.407733,33.872971],[-84.407868,33.872891],[-84.40806,33.872754],[-84.40878,33.872158],[-84.408694,33.871982],[-84.408524,33.871493],[-84.408442,33.871331],[-84.408377,33.871235],[-84.408301,33.871142],[-84.407716,33.87053],[-84.40733,33.870049],[-84.40724,33.869924],[-84.407177,33.86981],[-84.407128,33.869691],[-84.407094,33.869568],[-84.407075,33.869443],[-84.407073,33.869421],[-84.407055,33.869162],[-84.407026,33.868713],[-84.406997,33.868534],[-84.406964,33.868422],[-84.406952,33.868404],[-84.406949,33.86838],[-84.406907,33.868282],[-84.406397,33.867281],[-84.406249,33.866983],[-84.406115,33.866687],[-84.405329,33.864725],[-84.405256,33.864548],[-84.404778,33.863404],[-84.404754,33.863346],[-84.404728,33.863284],[-84.404435,33.862583],[-84.403671,33.860746],[-84.403558,33.860393],[-84.403456,33.859932],[-84.40344,33.859831],[-84.403419,33.859563],[-84.403426,33.859441],[-84.40345,33.859317],[-84.403596,33.858917],[-84.40367,33.858753],[-84.40374,33.8586]]]]}},
{"type":"Feature","properties":{"GEOID":"13121010003"},"geometry":{"type":"MultiPolygon","coordinates":[[[[-84.380934,33.8586],[-84.369605,33.8586],[-84.369489,33.859953],[-84.369382,33.860879],[-84.369093,33.86409],[-84.369184,33.864124],[-84.369636,33.864272],[-84.370024,33.864396],[-84.370328,33.864468],[-84.370553,33.864504],[-84.370824,33.864537],[-84.371623,33.864635],[-84.371786,33.864668],[-84.37194,33.864718],[-84.372035,33.864762],[-84.372125,33.864821],[-84.372203,33.86489],[-84.372268,33.864968],[-84.372312,33.865044],[-84.372608,33.865683],[-84.372665,33.86578],[-84.372761,33.865912],[-84.372823,33.865915],[-84.372892,33.865937],[-84.373084,33.866059],[-84.373235,33.866142],[-84.373408,33.866225],[-84.373495,33.866251],[-84.373586,33.866266],[-84.374394,33.866274],[-84.37641,33.866265],[-84.376761,33.866233],[-84.376872,33.866201],[-84.37697,33.866151],[-84.377071,33.866071],[-84.377436,33.865675],[-84.377537,33.865594],[-84.377651,33.865526],[-84.377747,33.865482],[-84.377849,33.865447],[-84.378238,33.865356],[-84.379123,33.865151],[-84.379421,33.865082],[-84.38028,33.864883],[-84.380734,33.864778],[-84.380687,33.864592],[-84.380605,33.864289],[-84.380352,33.863439],[-84.380296,33.86317],[-84.380261,33.862899],[-84.38025,33.862697],[-84.380251,33.8625],[-84.380275,33.862199],[-84.380374,33.861481],[-84.380413,33.861202],[-84.380652,33.859471],[-84.380722,33.859142],[-84.380818,33.858854],[-84.380934,33.8586]]]]}},
{"type":"Feature","properties":{"GEOID":"13121010222"},"geometry":{"type":"MultiPolygon","coordinates":[[[[-84.419681,33.892739],[-84.419821,33.892626],[-84.420293,33.892306],[-84.418559,33.890552],[-84.417778,33.889762],[-84.416785,33.888785],[-84.415752,33.887749],[-84.415105,33.887135],[-84.414881,33.8869],[-84.414754,33.886779],[-84.414548,33.88657],[-84.413946,33.886022],[-84.413483,33.885619],[-84.413185,33.885337],[-84.412833,33.884964],[-84.41244,33.884485],[-84.412328,33.88436],[-84.412163,33.884204],[-84.412001,33.88402],[-84.411879,33.883895],[-84.411214,33.883275],[-84.411131,33.883207],[-84.41091,33.883055],[-84.410622,33.88284],[-84.410179,33.88253],[-84.40943,33.882025],[-84.409347,33.881959],[-84.409185,33.88181],[-84.409004,33.88162],[-84.408621,33.88101],[-84.408431,33.88119],[-84.408382,33.881254],[-84.40831,33.881373],[-84.408185,33.881641],[-84.408125,33.881826],[-84.407962,33.882644],[-84.407906,33.882818],[-84.407828,33.882992],[-84.407709,33.88319],[-84.407094,33.883997],[-84.406963,33.884182],[-84.40686,33.884327],[-84.406749,33.884463],[-84.406462,33.884752],[-84.406257,33.884938],[-84.406041,33.885115],[-84.405885,33.885202],[-84.405786,33.88524],[-84.405696,33.885264],[-84.405511,33.885288],[-84.40541,33.885284],[-84.405393,33.885283],[-84.405341,33.885281],[-84.405324,33.88528],[-84.405267,33.885269],[-84.405122,33.885241],[-84.405034,33.885224],[-84.405021,33.885221],[-84.404883,33.885207],[-84.404784,33.885208],[-84.404683,33.885219],[-84.404558,33.885255],[-84.404455,33.885299],[-84.404353,33.885358],[-84.404284,33.885409],[-84.40416,33.885519],[-84.40393,33.885743],[-84.403683,33.886004],[-84.403502,33.886227],[-84.403309,33.886425],[-84.403196,33.886517],[-84.40305,33.886621],[-84.40303,33.886631],[-84.402949,33.886672],[-84.402755,33.886731],[-84.40259,33.886758],[-84.401801,33.886798],[-84.40157,33.886802],[-84.401375,33.886806],[-84.401299,33.886815],[-84.401154,33.886844],[-84.401017,33.886884],[-84.400879,33.886941],[-84.400273,33.887261],[-84.399719,33.88756],[-84.399563,33.887673],[-84.399459,33.88777],[-84.399421,33.887807],[-84.399042,33.888199],[-84.398909,33.888307],[-84.398794,33.888378],[-84.398669,33.888437],[-84.398537,33.888482],[-84.397909,33.888625],[-84.397167,33.888844],[-84.396134,33.889136],[-84.395845,33.889232],[-84.394931,33.889529],[-84.394544,33.889674],[-84.394453,33.889706],[-84.394411,33.88973],[-84.394196,33.889829],[-84.393848,33.890015],[-84.393289,33.890354],[-84.393189,33.890416],[-84.392916,33.890607],[-84.392649,33.890823],[-84.392485,33.890998],[-84.392363,33.891177],[-84.392305,33.891288],[-84.392106,33.891816],[-84.393333,33.893819],[-84.39353,33.894139],[-84.393709,33.894408],[-84.393851,33.894674],[-84.393961,33.894938],[-84.394,33.895063],[-84.394056,33.895245],[-84.394094,33.895496],[-84.394094,33.895748],[-84.394078,33.895884],[-84.393941,33.8967],[-84.39393,33.896871],[-84.393957,33.897211],[-84.393994,33.897341],[-84.394053,33.897465],[-84.394142,33.897595],[-84.394254,33.897713],[-84.394553,33.897969],[-84.394968,33.898292],[-84.397185,33.899849],[-84.397274,33.899927],[-84.397497,33.900124],[-84.397594,33.90024],[-84.397656,33.90035],[-84.397697,33.900489],[-84.397698,33.900612],[-84.397664,33.900718],[-84.397611,33.900804],[-84.397354,33.901065],[-84.3972,33.901184],[-84.397117,33.901272],[-84.396975,33.901453],[-84.396859,33.901636],[-84.396763,33.901828],[-84.39671,33.901952],[-84.396528,33.902378],[-84.396496,33.90245],[-84.396281,33.902957],[-84.396178,33.903194],[-84.3961,33.903403],[-84.39576,33.90416],[-84.395547,33.904558],[-84.395266,33.905001],[-84.395129,33.90516],[-84.394953,33.905311],[-84.394832,33.905391],[-84.394253,33.905733],[-84.39359,33.906127],[-84.393435,33.906225],[-84.39314,33.906437],[-84.393061,33.90651],[-84.392992,33.90659],[-84.392893,33.906761],[-84.392814,33.906966],[-84.392791,33.907077],[-84.392745,33.907295],[-84.392583,33.907945],[-84.392514,33.908292],[-84.392419,33.908679],[-84.392229,33.909576],[-84.392133,33.909888],[-84.392095,33.910041],[-84.392068,33.910206],[-84.392033,33.910527],[-84.39203,33.910558],[-84.392018,33.910766],[-84.392018,33.910953],[-84.392061,33.911582],[-84.392116,33.911934],[-84.392167,33.912135],[-84.392496,33.913115],[-84.392521,33.913169],[-84.394091,33.913362],[-84.395651,33.913559],[-84.396366,33.913634],[-84.397215,33.913791],[-84.397884,33.913893],[-84.398431,33.91403],[-84.399643,33.914434],[-84.400173,33.914634],[-84.400713,33.914846],[-84.402363,33.915379],[-84.402719,33.915494],[-84.403284,33.915669],[-84.403675,33.915734],[-84.4039,33.915764],[-84.404202,33.915777],[-84.404511,33.915802],[-84.406285,33.91584],[-84.406569,33.915852],[-84.406675,33.915836],[-84.406736,33.915839],[-84.406897,33.915824],[-84.407419,33.915816],[-84.40883,33.915846],[-84.410417,33.915829],[-84.411095,33.915869],[-84.412769,33.915843],[-84.414167,33.915865],[-84.414007,33.915402],[-84.413581,33.914566],[-84.413435,33.914298],[-84.413335,33.914076],[-84.413262,33.91388],[-84.413209,33.913704],[-84.413164,33.913512],[-84.413139,33.913363],[-84.413129,33.913039],[-84.413133,33.912714],[-84.413153,33.912372],[-84.41319,33.911999],[-84.413195,33.911817],[-84.413177,33.911551],[-84.413127,33.911352],[-84.412889,33.910568],[-84.412463,33.90955],[-84.412231,33.908887],[-84.411873,33.908258],[-84.411466,33.90758],[-84.411372,33.907443],[-84.411199,33.907247],[-84.410459,33.906548],[-84.410343,33.906413],[-84.410245,33.906269],[-84.410164,33.906118],[-84.410103,33.90596],[-84.409843,33.904976],[-84.409804,33.904866],[-84.409679,33.904524],[-84.40963,33.904428],[-84.409577,33.904346],[-84.409499,33.90425],[-84.408725,33.903407],[-84.408683,33.903343],[-84.408647,33.903262],[-84.408629,33.903187],[-84.408623,33.90312],[-84.408627,33.903053],[-84.408643,33.902978],[-84.40894,33.90227],[-84.40912,33.901845],[-84.409162,33.901711],[-84.409192,33.901574],[-84.409397,33.899563],[-84.40946,33.898954],[-84.409507,33.898762],[-84.409651,33.898319],[-84.409676,33.898197],[-84.40969,33.898074],[-84.40969,33.897908],[-84.409667,33.897743],[-84.40959,33.89749],[-84.409539,33.897321],[-84.409666,33.897273],[-84.409816,33.897242],[-84.409913,33.897235],[-84.410121,33.897237],[-84.410347,33.897229],[-84.410503,33.897212],[-84.410677,33.897182],[-84.410821,33.897146],[-84.410961,33.897102],[-84.41151,33.896889],[-84.411804,33.896792],[-84.412106,33.896672],[-84.412321,33.896573],[-84.41281,33.896321],[-84.412985,33.896251],[-84.413611,33.89607],[-84.414201,33.895928],[-84.414459,33.895845],[-84.4146,33.895782],[-84.414752,33.895688],[-84.415977,33.894768],[-84.41668,33.894257],[-84.416879,33.894159],[-84.417134,33.894062],[-84.417459,33.893972],[-84.417672,33.893926],[-84.418434,33.893796],[-84.418643,33.893735],[-84.418815,33.893661],[-84.418893,33.893614],[-84.41896,33.893561],[-84.419149,33.893372],[-84.419172,33.893348],[-84.419322,33.893177],[-84.419541,33.892884],[-84.419681,33.892739]]]]}},
{"type":"Feature","properties":{"GEOID":"13121010215"},"geometry":{"type":"MultiPolygon","coordinates":[[[[-84.38346,33.99478],[-84.383464,33.994749],[-84.38347,33.994719],[-84.383463,33.994683],[-84.383459,33.994649],[-84.383455,33.994615],[-84.383452,33.994579],[-84.383449,33.994543],[-84.383448,33.994514],[-84.383445,33.994479],[-84.383443,33.994383],[-84.383442,33.99435],[-84.38344,33.994315],[-84.383432,33.994279],[-84.38342,33.994245],[-84.383415,33.994217],[-84.383407,33.994189],[-84.383394,33.994155],[-84.383381,33.99412],[-84.383371,33.994088],[-84.383368,33.99406],[-84.383363,33.99403],[-84.383346,33.994],[-84.383343,33.993965],[-84.383342,33.993933],[-84.38333,33.9939],[-84.383316,33.993872],[-84.383302,33.99384],[-84.383288,33.993807],[-84.383275,33.993772],[-84.383269,33.993745],[-84.383258,33.993713],[-84.383244,33.993686],[-84.383232,33.993659],[-84.383212,33.993626],[-84.3832,33.9936],[-84.383187,33.993575],[-84.383174,33.993547],[-84.38316,33.993521],[-84.383146,33.993495],[-84.383135,33.993473],[-84.383114,33.993434],[-84.383096,33.993406],[-84.383079,33.993394],[-84.383159,33.993315],[-84.383435,33.993048],[-84.38345,33.993032],[-84.383355,33.992964],[-84.383266,33.992878],[-84.383183,33.992822],[-84.383329,33.992804],[-84.383217,33.992785],[-84.383109,33.99273],[-84.382982,33.992639],[-84.382767,33.992485],[-84.382684,33.992428],[-84.382514,33.992342],[-84.382415,33.992296],[-84.382297,33.992268],[-84.381815,33.991991],[-84.380905,33.991876],[-84.38017,33.991614],[-84.379118,33.991033],[-84.376769,33.989373],[-84.375813,33.988483],[-84.375793,33.988458],[-84.375628,33.988225],[-84.375272,33.987668],[-84.375029,33.987312],[-84.374944,33.987147],[-84.374873,33.986977],[-84.374846,33.986906],[-84.374815,33.986803],[-84.374766,33.98665],[-84.374683,33.986338],[-84.374668,33.986183],[-84.374666,33.986105],[-84.374728,33.985918],[-84.374751,33.985851],[-84.374779,33.985768],[-84.374817,33.985653],[-84.374866,33.985591],[-84.37488,33.985552],[-84.374928,33.985482],[-84.374966,33.985364],[-84.375008,33.985279],[-84.375085,33.985175],[-84.375114,33.98508],[-84.375146,33.984993],[-84.375141,33.984869],[-84.375185,33.984749],[-84.37525,33.98467],[-84.375265,33.984505],[-84.375239,33.984459],[-84.375295,33.984344],[-84.375344,33.98423],[-84.375374,33.984137],[-84.37544,33.984029],[-84.375427,33.983945],[-84.375378,33.983848],[-84.375362,33.98378],[-84.375344,33.983705],[-84.375335,33.98363],[-84.375332,33.983559],[-84.375354,33.983456],[-84.37534,33.983361],[-84.375326,33.983262],[-84.375315,33.983192],[-84.375308,33.983098],[-84.375304,33.98307],[-84.375332,33.98283],[-84.375349,33.982447],[-84.375339,33.982225],[-84.375318,33.982076],[-84.375288,33.981858],[-84.375222,33.981261],[-84.375207,33.980921],[-84.37516,33.980206],[-84.375157,33.980168],[-84.375167,33.980026],[-84.37514,33.979313],[-84.375116,33.978543],[-84.375174,33.978192],[-84.375413,33.977375],[-84.375714,33.976698],[-84.376105,33.975766],[-84.376264,33.975415],[-84.37642,33.975151],[-84.376597,33.974918],[-84.37739,33.973845],[-84.377471,33.973728],[-84.377496,33.973699],[-84.377567,33.973613],[-84.37736,33.973592],[-84.377147,33.973619],[-84.376757,33.973677],[-84.376312,33.97373],[-84.375946,33.973787],[-84.375258,33.974095],[-84.373975,33.97495],[-84.373055,33.97541],[-84.372415,33.975748],[-84.372169,33.975884],[-84.371604,33.976195],[-84.37152,33.976253],[-84.371445,33.976317],[-84.371379,33.976388],[-84.371322,33.976465],[-84.371275,33.976546],[-84.37124,33.976632],[-84.371216,33.976719],[-84.371204,33.976809],[-84.371203,33.976899],[-84.371214,33.976989],[-84.37124,33.977076],[-84.37125,33.977156],[-84.371253,33.977169],[-84.371247,33.977256],[-84.371229,33.977344],[-84.371197,33.97743],[-84.37115,33.977512],[-84.371091,33.977587],[-84.371021,33.977655],[-84.37094,33.977715],[-84.370849,33.977765],[-84.370359,33.977954],[-84.369875,33.978155],[-84.369492,33.978324],[-84.369212,33.978461],[-84.368939,33.978607],[-84.368587,33.978816],[-84.368333,33.978984],[-84.368087,33.979161],[-84.367799,33.979387],[-84.36775,33.979467],[-84.367639,33.979622],[-84.367512,33.979768],[-84.36737,33.979904],[-84.367214,33.980029],[-84.367046,33.980143],[-84.366867,33.980244],[-84.366678,33.980331],[-84.366481,33.980405],[-84.366276,33.980463],[-84.366066,33.980507],[-84.365853,33.980536],[-84.365793,33.98054],[-84.365745,33.980544],[-84.365529,33.980549],[-84.365421,33.980545],[-84.365313,33.980534],[-84.365205,33.980529],[-84.365097,33.98053],[-84.364989,33.980536],[-84.364882,33.980548],[-84.364776,33.980567],[-84.364672,33.980591],[-84.36457,33.98062],[-84.36447,33.980656],[-84.364374,33.980696],[-84.364281,33.980742],[-84.364192,33.980793],[-84.364019,33.980902],[-84.363853,33.981017],[-84.363708,33.981129],[-84.363597,33.98126],[-84.363525,33.981413],[-84.363451,33.981609],[-84.363309,33.981845],[-84.363221,33.981942],[-84.363082,33.982066],[-84.362958,33.982213],[-84.362929,33.982294],[-84.362892,33.982361],[-84.362864,33.982408],[-84.362859,33.982426],[-84.36269,33.9826],[-84.362559,33.982707],[-84.362511,33.982746],[-84.362322,33.982781],[-84.362116,33.98283],[-84.361935,33.982879],[-84.361725,33.983001],[-84.361599,33.983065],[-84.361472,33.983162],[-84.361346,33.983277],[-84.361277,33.983583],[-84.361304,33.983666],[-84.361481,33.984126],[-84.361498,33.984294],[-84.361483,33.984434],[-84.36138,33.984472],[-84.361214,33.984497],[-84.360701,33.984512],[-84.360575,33.984537],[-84.360456,33.984579],[-84.360338,33.984645],[-84.360236,33.984728],[-84.360025,33.984989],[-84.359793,33.985231],[-84.359408,33.985617],[-84.359317,33.985745],[-84.359274,33.985855],[-84.35925,33.986008],[-84.359252,33.986255],[-84.35932,33.986372],[-84.359536,33.986781],[-84.359587,33.98692],[-84.359621,33.987061],[-84.359638,33.987229],[-84.35963,33.987398],[-84.359599,33.987565],[-84.359537,33.987741],[-84.35944,33.987949],[-84.359337,33.988132],[-84.359217,33.988308],[-84.359081,33.988476],[-84.358937,33.988628],[-84.35878,33.98877],[-84.358333,33.989102],[-84.358256,33.989179],[-84.358178,33.989288],[-84.3581,33.989451],[-84.358062,33.989623],[-84.358059,33.989766],[-84.358094,33.990062],[-84.358169,33.99027],[-84.358183,33.990363],[-84.358163,33.990475],[-84.358092,33.990621],[-84.357887,33.990509],[-84.357801,33.990474],[-84.357612,33.990417],[-84.357417,33.990383],[-84.356263,33.9903],[-84.355742,33.990263],[-84.355326,33.990221],[-84.354812,33.990166],[-84.354606,33.990116],[-84.354476,33.990069],[-84.354358,33.990011],[-84.353999,33.989776],[-84.353797,33.989676],[-84.353592,33.989609],[-84.35307,33.989498],[-84.352854,33.989425],[-84.352629,33.989315],[-84.352447,33.989194],[-84.35184,33.988649],[-84.351798,33.988622],[-84.35171,33.988586],[-84.351608,33.988569],[-84.351503,33.988577],[-84.351398,33.988619],[-84.35158,33.989166],[-84.351677,33.989615],[-84.351746,33.990075],[-84.351787,33.990538],[-84.351799,33.99101],[-84.351793,33.991164],[-84.351744,33.99152],[-84.35156,33.992406],[-84.351542,33.992559],[-84.351523,33.992723],[-84.351502,33.992899],[-84.351489,33.992973],[-84.351311,33.994005],[-84.350791,33.997152],[-84.350654,33.998172],[-84.350535,33.999197],[-84.350459,34.00059],[-84.350428,34.001585],[-84.350434,34.002867],[-84.350492,34.003715],[-84.350815,34.003678],[-84.351335,34.003517],[-84.35152,34.003551],[-84.352718,34.003227],[-84.353335,34.002939],[-84.353673,34.002839],[-84.353805,34.002808],[-84.354503,34.002642],[-84.354967,34.002609],[-84.355283,34.002566],[-84.355618,34.002474],[-84.355877,34.002329],[-84.357284,34.001759],[-84.357879,34.001664],[-84.358681,34.001553],[-84.35901,34.00156],[-84.359452,34.001569],[-84.359769,34.001501],[-84.359822,34.001504],[-84.359859,34.001496],[-84.3599,34.001484],[-84.359947,34.001471],[-84.359988,34.001454],[-84.360029,34.001435],[-84.360065,34.001415],[-84.360106,34.001404],[-84.360148,34.001395],[-84.360187,34.001379],[-84.360224,34.001369],[-84.360258,34.001363],[-84.360293,34.001349],[-84.360332,34.001328],[-84.360369,34.001304],[-84.360408,34.001281],[-84.360452,34.001265],[-84.360488,34.001249],[-84.360522,34.001238],[-84.360556,34.001224],[-84.360594,34.00121],[-84.36063,34.001195],[-84.360666,34.001181],[-84.360706,34.001174],[-84.360741,34.001167],[-84.36078,34.001156],[-84.360816,34.001153],[-84.360848,34.001144],[-84.360888,34.001134],[-84.360926,34.001119],[-84.360964,34.001107],[-84.361004,34.0011],[-84.361041,34.001085],[-84.36108,34.001065],[-84.361112,34.001056],[-84.361155,34.001044],[-84.361189,34.001036],[-84.36123,34.00103],[-84.361266,34.001022],[-84.361307,34.001009],[-84.361376,34.001003],[-84.36141,34.000996],[-84.361451,34.000985],[-84.361499,34.000973],[-84.361545,34.000963],[-84.361588,34.000954],[-84.361625,34.000944],[-84.361671,34.000937],[-84.361718,34.00093],[-84.361767,34.000918],[-84.361802,34.000909],[-84.361842,34.000908],[-84.36188,34.000903],[-84.361919,34.000891],[-84.361967,34.000878],[-84.362017,34.000867],[-84.362063,34.000861],[-84.362111,34.000859],[-84.362161,34.000854],[-84.362206,34.000847],[-84.362247,34.000846],[-84.362298,34.000845],[-84.362345,34.000837],[-84.362385,34.000832],[-84.362429,34.000833],[-84.362467,34.000832],[-84.362506,34.000827],[-84.362541,34.000827],[-84.362577,34.000828],[-84.36262,34.000839],[-84.362662,34.000847],[-84.362702,34.000839],[-84.362742,34.000831],[-84.362778,34.000825],[-84.362816,34.00082],[-84.362854,34.00082],[-84.3629,34.000818],[-84.362948,34.000816],[-84.363087,34.000817],[-84.363133,34.000815],[-84.363174,34.000812],[-84.36321,34.000809],[-84.363246,34.00081],[-84.363281,34.000808],[-84.363333,34.000808],[-84.36337,34.0008],[-84.36341,34.000784],[-84.363452,34.000767],[-84.363501,34.000753],[-84.36355,34.000745],[-84.363594,34.000733],[-84.363632,34.000723],[-84.363681,34.000721],[-84.363725,34.000711],[-84.363769,34.000701],[-84.363813,34.000692],[-84.363856,34.000684],[-84.363896,34.000673],[-84.363928,34.00066],[-84.363954,34.000646],[-84.363998,34.000634],[-84.364036,34.000629],[-84.364074,34.000622],[-84.36411,34.00061],[-84.364146,34.000599],[-84.364185,34.000591],[-84.364226,34.000582],[-84.364267,34.000569],[-84.364306,34.000554],[-84.364342,34.000543],[-84.364376,34.000533],[-84.364408,34.000522],[-84.36445,34.000515],[-84.364484,34.000505],[-84.364522,34.000492],[-84.36456,34.000481],[-84.364595,34.000471],[-84.364639,34.000454],[-84.364669,34.000441],[-84.364704,34.000437],[-84.364736,34.000427],[-84.36478,34.00041],[-84.364861,34.000403],[-84.364934,34.000394],[-84.364979,34.000387],[-84.36502,34.000376],[-84.365058,34.000369],[-84.365097,34.00036],[-84.365133,34.000355],[-84.365175,34.00035],[-84.365211,34.000344],[-84.365246,34.00034],[-84.365286,34.000336],[-84.365322,34.000331],[-84.365359,34.00033],[-84.365394,34.000329],[-84.365438,34.000321],[-84.365475,34.000313],[-84.365511,34.000311],[-84.365548,34.000305],[-84.365581,34.000297],[-84.365614,34.00029],[-84.365655,34.000284],[-84.365697,34.000281],[-84.365737,34.000279],[-84.365776,34.000279],[-84.365789,34.000279],[-84.365858,34.000267],[-84.365896,34.000259],[-84.365931,34.00026],[-84.365974,34.000259],[-84.366015,34.000253],[-84.366049,34.000245],[-84.366088,34.000238],[-84.366122,34.000229],[-84.36616,34.000223],[-84.366199,34.000217],[-84.366214,34.000213],[-84.366251,34.000199],[-84.366281,34.000189],[-84.366317,34.000182],[-84.366351,34.000174],[-84.366386,34.000166],[-84.36642,34.000157],[-84.366463,34.000147],[-84.366511,34.000138],[-84.366554,34.000127],[-84.366593,34.000119],[-84.366633,34.000105],[-84.366658,34.000086],[-84.366699,34.000086],[-84.366742,34.000085],[-84.366825,34.000065],[-84.366868,34.000056],[-84.366908,34.000047],[-84.366946,34.000036],[-84.366983,34.000021],[-84.367021,34.000009],[-84.367058,33.999999],[-84.367097,33.999991],[-84.367179,33.999982],[-84.367216,33.999977],[-84.367253,33.999971],[-84.367288,33.999967],[-84.367327,33.999966],[-84.367365,33.999963],[-84.367401,33.999963],[-84.36744,33.999957],[-84.367478,33.999953],[-84.367515,33.999944],[-84.367552,33.999938],[-84.367586,33.999935],[-84.367625,33.999936],[-84.367662,33.999942],[-84.367702,33.999944],[-84.367738,33.999945],[-84.367776,33.999945],[-84.36785,33.999948],[-84.367928,33.999956],[-84.367963,33.999959],[-84.36807,33.999959],[-84.368109,33.999959],[-84.368305,33.999958],[-84.36834,33.999959],[-84.368724,34.000023],[-84.369338,34.00007],[-84.369356,34.000078],[-84.369386,34.00009],[-84.369485,34.000118],[-84.369539,34.000132],[-84.369563,34.000139],[-84.369603,34.000147],[-84.36964,34.000153],[-84.369676,34.000165],[-84.369711,34.000172],[-84.369739,34.000186],[-84.369756,34.000192],[-84.369773,34.000198],[-84.369808,34.000193],[-84.369841,34.000193],[-84.369866,34.000197],[-84.369879,34.0002],[-84.369919,34.000201],[-84.369954,34.000206],[-84.369969,34.000211],[-84.370009,34.000214],[-84.370041,34.000222],[-84.370084,34.000236],[-84.370117,34.000242],[-84.370156,34.000249],[-84.370195,34.000255],[-84.370231,34.000262],[-84.370269,34.00027],[-84.370305,34.000274],[-84.370336,34.000286],[-84.370404,34.000316],[-84.370449,34.00033],[-84.370484,34.00034],[-84.370519,34.000351],[-84.370565,34.000364],[-84.370608,34.000378],[-84.370644,34.000379],[-84.37068,34.000382],[-84.370719,34.000383],[-84.37076,34.000389],[-84.370808,34.0004],[-84.370847,34.000413],[-84.370873,34.000431],[-84.370904,34.00044],[-84.370945,34.000441],[-84.370985,34.000456],[-84.371027,34.000466],[-84.37107,34.000477],[-84.371114,34.000478],[-84.371148,34.000478],[-84.371192,34.000476],[-84.371239,34.000485],[-84.371267,34.000502],[-84.371309,34.000518],[-84.371351,34.00052],[-84.371391,34.000527],[-84.371431,34.000539],[-84.371473,34.000551],[-84.371513,34.000552],[-84.371555,34.000552],[-84.371594,34.000548],[-84.371636,34.000557],[-84.371676,34.000566],[-84.371713,34.000576],[-84.371747,34.000585],[-84.371796,34.000589],[-84.371844,34.000596],[-84.371875,34.000609],[-84.371915,34.000624],[-84.371959,34.000633],[-84.371997,34.000645],[-84.372044,34.000654],[-84.372086,34.000659],[-84.372127,34.000661],[-84.372165,34.000655],[-84.372201,34.000649],[-84.372266,34.00067],[-84.372306,34.000671],[-84.372343,34.000674],[-84.372376,34.000681],[-84.37241,34.00069],[-84.372451,34.000703],[-84.372489,34.000709],[-84.372524,34.000721],[-84.372567,34.000723],[-84.372611,34.000731],[-84.372645,34.000732],[-84.37268,34.000732],[-84.372719,34.000732],[-84.372764,34.000735],[-84.372802,34.000745],[-84.372846,34.000748],[-84.372873,34.000746],[-84.372913,34.000752],[-84.372946,34.000756],[-84.373034,34.000757],[-84.373069,34.000757],[-84.373121,34.000759],[-84.373155,34.000759],[-84.373189,34.000764],[-84.373233,34.00077],[-84.373279,34.000774],[-84.373324,34.000774],[-84.373368,34.000777],[-84.373405,34.000779],[-84.373452,34.000779],[-84.373495,34.000779],[-84.373531,34.000778],[-84.373568,34.000776],[-84.373613,34.000782],[-84.373659,34.000776],[-84.373685,34.000784],[-84.373807,34.000827],[-84.374378,34.000839],[-84.374632,34.000849],[-84.374656,34.000854],[-84.374693,34.000859],[-84.374731,34.000859],[-84.37477,34.000862],[-84.374811,34.000864],[-84.374854,34.000868],[-84.374892,34.00087],[-84.374929,34.000879],[-84.374961,34.000896],[-84.374999,34.000909],[-84.375031,34.000922],[-84.37507,34.000926],[-84.375101,34.000939],[-84.375119,34.000913],[-84.375163,34.000907],[-84.375192,34.000923],[-84.375234,34.000922],[-84.375282,34.000922],[-84.375323,34.000929],[-84.375358,34.000944],[-84.375378,34.000971],[-84.375412,34.000979],[-84.375443,34.000992],[-84.375474,34.001003],[-84.375513,34.001014],[-84.375549,34.001014],[-84.37559,34.001022],[-84.37563,34.001029],[-84.375647,34.001055],[-84.375681,34.001061],[-84.375718,34.001065],[-84.37575,34.001074],[-84.375774,34.001094],[-84.375808,34.001082],[-84.375845,34.001076],[-84.375883,34.001079],[-84.375919,34.001074],[-84.375904,34.001048],[-84.375874,34.001032],[-84.37584,34.001035],[-84.375807,34.00103],[-84.375771,34.001017],[-84.375732,34.001003],[-84.375651,34.000994],[-84.375623,34.000977],[-84.375617,34.000949],[-84.375597,34.000926],[-84.375631,34.000913],[-84.375669,34.000911],[-84.375706,34.000913],[-84.37575,34.000925],[-84.375799,34.000925],[-84.375832,34.000931],[-84.375863,34.000941],[-84.375911,34.000952],[-84.375957,34.000952],[-84.375996,34.000951],[-84.376032,34.000941],[-84.376074,34.00094],[-84.376117,34.000941],[-84.376162,34.000941],[-84.376205,34.000942],[-84.376244,34.000943],[-84.376277,34.00095],[-84.376312,34.000955],[-84.376348,34.000959],[-84.376388,34.000964],[-84.376435,34.000971],[-84.376482,34.000975],[-84.376524,34.000979],[-84.376565,34.000979],[-84.376599,34.000979],[-84.376633,34.000976],[-84.376702,34.000976],[-84.376749,34.000976],[-84.376798,34.000976],[-84.376843,34.000973],[-84.376885,34.000972],[-84.376921,34.000972],[-84.376959,34.000967],[-84.376993,34.000967],[-84.377029,34.000963],[-84.377065,34.000961],[-84.377098,34.000961],[-84.377137,34.000958],[-84.377182,34.000954],[-84.377226,34.000954],[-84.377262,34.000955],[-84.377299,34.000955],[-84.377383,34.000953],[-84.377422,34.00095],[-84.377456,34.000946],[-84.377497,34.000945],[-84.37754,34.000945],[-84.377585,34.000939],[-84.37763,34.000937],[-84.377675,34.000936],[-84.377711,34.000934],[-84.377747,34.000934],[-84.377785,34.000935],[-84.377818,34.00094],[-84.37786,34.00094],[-84.377903,34.000946],[-84.377939,34.00095],[-84.377983,34.00095],[-84.378027,34.000947],[-84.378071,34.000944],[-84.37811,34.000939],[-84.37815,34.000936],[-84.378191,34.000937],[-84.378232,34.000943],[-84.378268,34.000948],[-84.378302,34.000949],[-84.378337,34.000946],[-84.378376,34.000941],[-84.378419,34.000935],[-84.378451,34.000924],[-84.378486,34.000914],[-84.378524,34.000905],[-84.378558,34.0009],[-84.3786,34.000891],[-84.378638,34.000888],[-84.378671,34.000883],[-84.378706,34.000873],[-84.378739,34.000863],[-84.378774,34.000849],[-84.378807,34.000838],[-84.378838,34.000818],[-84.378871,34.0008],[-84.3789,34.000781],[-84.378931,34.000767],[-84.378977,34.000753],[-84.379018,34.000737],[-84.379053,34.000717],[-84.379083,34.000694],[-84.379123,34.000675],[-84.379164,34.000659],[-84.379198,34.000641],[-84.379231,34.000624],[-84.379264,34.000611],[-84.37929,34.000594],[-84.379326,34.000578],[-84.379359,34.00056],[-84.379394,34.000536],[-84.379426,34.000519],[-84.379452,34.000501],[-84.37952,34.000472],[-84.379555,34.000456],[-84.37959,34.000444],[-84.379619,34.000431],[-84.379652,34.000417],[-84.37968,34.000402],[-84.379708,34.000382],[-84.379736,34.000364],[-84.379772,34.00035],[-84.379806,34.000332],[-84.379839,34.000317],[-84.379871,34.0003],[-84.3799,34.000286],[-84.379927,34.000267],[-84.379947,34.000243],[-84.379977,34.000231],[-84.380002,34.000195],[-84.38003,34.000179],[-84.380057,34.000164],[-84.380096,34.000148],[-84.380129,34.000129],[-84.380161,34.000115],[-84.380177,34.000108],[-84.380193,34.0001],[-84.38023,34.00008],[-84.380261,34.000067],[-84.380297,34.00006],[-84.380336,34.000049],[-84.380376,34.000031],[-84.380413,34.000016],[-84.380446,33.999999],[-84.380462,33.999994],[-84.380568,33.999976],[-84.380581,33.999965],[-84.380607,33.999944],[-84.380644,33.999925],[-84.380677,33.999916],[-84.38071,33.999908],[-84.380743,33.999892],[-84.38078,33.99988],[-84.380817,33.99987],[-84.380854,33.999856],[-84.380885,33.999838],[-84.380914,33.999818],[-84.380947,33.999808],[-84.380985,33.999809],[-84.381019,33.999808],[-84.381058,33.999794],[-84.381085,33.999774],[-84.381111,33.999753],[-84.381143,33.999734],[-84.38121,33.999702],[-84.381246,33.999686],[-84.381279,33.999669],[-84.381314,33.999655],[-84.381349,33.999643],[-84.381387,33.999629],[-84.381423,33.999613],[-84.381454,33.999595],[-84.381475,33.999571],[-84.381494,33.999544],[-84.38151,33.999509],[-84.381523,33.999483],[-84.381549,33.999455],[-84.381579,33.999431],[-84.381612,33.999409],[-84.381639,33.999387],[-84.381662,33.999364],[-84.381684,33.999343],[-84.381707,33.999317],[-84.381731,33.999292],[-84.381754,33.999266],[-84.381777,33.999241],[-84.381798,33.999216],[-84.381824,33.999187],[-84.381842,33.99916],[-84.381858,33.999141],[-84.381875,33.999123],[-84.381891,33.999105],[-84.381911,33.999082],[-84.38193,33.99906],[-84.381945,33.999041],[-84.381964,33.999018],[-84.381979,33.998999],[-84.382001,33.998972],[-84.382021,33.998944],[-84.38203,33.998932],[-84.382041,33.998917],[-84.382061,33.998889],[-84.382084,33.998862],[-84.382101,33.998833],[-84.382121,33.998807],[-84.382139,33.998782],[-84.382156,33.998758],[-84.382174,33.998733],[-84.382185,33.998707],[-84.382192,33.998675],[-84.382211,33.998646],[-84.382231,33.998621],[-84.382268,33.998609],[-84.382295,33.998585],[-84.382311,33.998558],[-84.382316,33.998529],[-84.382335,33.998502],[-84.382354,33.998471],[-84.382366,33.998444],[-84.382376,33.998414],[-84.382385,33.998387],[-84.382407,33.998362],[-84.382442,33.998356],[-84.38247,33.998333],[-84.382488,33.998309],[-84.382508,33.998284],[-84.382531,33.998257],[-84.38256,33.998206],[-84.382576,33.998174],[-84.382598,33.998144],[-84.382626,33.998088],[-84.382646,33.998063],[-84.382666,33.998032],[-84.382675,33.998004],[-84.382684,33.997975],[-84.382697,33.997948],[-84.382714,33.997919],[-84.382727,33.997887],[-84.382734,33.997857],[-84.38274,33.997828],[-84.382754,33.997804],[-84.382788,33.997809],[-84.382816,33.997791],[-84.382834,33.997765],[-84.382849,33.997739],[-84.382866,33.997712],[-84.382887,33.997686],[-84.382885,33.997657],[-84.382891,33.997627],[-84.382904,33.997595],[-84.382926,33.997568],[-84.382932,33.997537],[-84.382937,33.997504],[-84.382932,33.99747],[-84.382937,33.997438],[-84.382943,33.997405],[-84.382946,33.997372],[-84.382953,33.997341],[-84.382971,33.997272],[-84.382977,33.997253],[-84.38298,33.997222],[-84.382984,33.997193],[-84.382984,33.997162],[-84.382985,33.997132],[-84.38299,33.9971],[-84.382998,33.997069],[-84.383005,33.997037],[-84.383009,33.997007],[-84.383016,33.996979],[-84.383021,33.996946],[-84.383025,33.996911],[-84.383033,33.99688],[-84.383045,33.996848],[-84.383055,33.996816],[-84.383067,33.996789],[-84.383077,33.996762],[-84.38308,33.996733],[-84.383103,33.99671],[-84.38313,33.996692],[-84.383142,33.996629],[-84.383149,33.996601],[-84.383153,33.996572],[-84.383158,33.996539],[-84.383166,33.996506],[-84.383171,33.996471],[-84.383171,33.996438],[-84.383174,33.996406],[-84.383177,33.996372],[-84.383191,33.996337],[-84.383194,33.996309],[-84.383207,33.996279],[-84.383219,33.996253],[-84.383222,33.996219],[-84.383223,33.996191],[-84.383226,33.996157],[-84.383229,33.996124],[-84.383232,33.99609],[-84.38323,33.996059],[-84.383231,33.996026],[-84.383226,33.995997],[-84.38322,33.995965],[-84.383222,33.995932],[-84.383227,33.995896],[-84.383233,33.995868],[-84.383236,33.995835],[-84.383246,33.995806],[-84.383249,33.995777],[-84.383259,33.995742],[-84.383273,33.995714],[-84.383293,33.995688],[-84.383304,33.995655],[-84.383312,33.995624],[-84.383321,33.995589],[-84.383327,33.995554],[-84.383331,33.995519],[-84.383334,33.995487],[-84.383339,33.995452],[-84.383344,33.995425],[-84.383359,33.995397],[-84.383376,33.995367],[-84.383383,33.995332],[-84.383385,33.995304],[-84.383387,33.995268],[-84.383389,33.995236],[-84.383397,33.995202],[-84.383406,33.995169],[-84.383411,33.995142],[-84.383413,33.995114],[-84.383416,33.995085],[-84.383422,33.995051],[-84.383432,33.995024],[-84.383422,33.994996],[-84.383423,33.994961],[-84.383438,33.994933],[-84.383454,33.994906],[-84.383465,33.994875],[-84.383468,33.994845],[-84.383467,33.994812],[-84.38346,33.99478]]]]}},
{"type":"Feature","properties":{"GEOID":"13121010132"},"geometry":{"type":"MultiPolygon","coordinates":[[[[-84.379295,33.915354],[-84.379315,33.914955],[-84.379318,33.914554],[-84.379289,33.913928],[-84.37923,33.913466],[-84.379159,33.912904],[-84.379081,33.912293],[-84.379059,33.912134],[-84.37899,33.912143],[-84.378436,33.912123],[-84.37793,33.912119],[-84.37753,33.91211],[-84.377138,33.912089],[-84.376686,33.912054],[-84.375671,33.911919],[-84.375124,33.911867],[-84.374598,33.911762],[-84.374454,33.911742],[-84.374165,33.911685],[-84.373904,33.911633],[-84.37265,33.911405],[-84.370577,33.91102],[-84.368603,33.910675],[-84.367813,33.910536],[-84.367788,33.91054],[-84.3665,33.910277],[-84.366299,33.910236],[-84.366116,33.91022],[-84.36544,33.910128],[-84.365288,33.910108],[-84.364347,33.910018],[-84.363713,33.909992],[-84.3627,33.910021],[-84.362148,33.910053],[-84.361782,33.910126],[-84.361624,33.910149],[-84.36151,33.910165],[-84.360394,33.910362],[-84.360051,33.910442],[-84.359579,33.910558],[-84.359052,33.910748],[-84.358586,33.910934],[-84.357591,33.911309],[-84.357503,33.911344],[-84.357521,33.911563],[-84.357574,33.91215],[-84.357732,33.914272],[-84.357746,33.914412],[-84.357879,33.915701],[-84.357916,33.916538],[-84.357923,33.916866],[-84.357928,33.917087],[-84.357926,33.917619],[-84.357913,33.918524],[-84.3579,33.918928],[-84.35796,33.918925],[-84.359919,33.918968],[-84.361341,33.91899],[-84.362591,33.918988],[-84.363937,33.919002],[-84.364085,33.918997],[-84.364657,33.919007],[-84.365632,33.919025],[-84.367471,33.919049],[-84.367852,33.919051],[-84.371668,33.919076],[-84.373929,33.919086],[-84.375425,33.919095],[-84.376109,33.919099],[-84.37658,33.919102],[-84.379025,33.91911],[-84.379149,33.917202],[-84.379277,33.915576],[-84.379295,33.915354]]]]}},
{"type":"Feature","properties":{"GEOID":"13121010216"},"geometry":{"type":"MultiPolygon","coordinates":[[[[-84.387129,33.947849],[-84.387206,33.947664],[-84.387244,33.94755],[-84.387179,33.947513],[-84.387111,33.947443],[-84.386861,33.947218],[-84.38676,33.947101],[-84.386703,33.947024],[-84.386651,33.946945],[-84.386604,33.946864],[-84.386562,33.946781],[-84.386493,33.94661],[-84.386481,33.946465],[-84.386461,33.946377],[-84.386431,33.94629],[-84.386392,33.946206],[-84.386344,33.946125],[-84.386288,33.946049],[-84.386223,33.945977],[-84.386147,33.945912],[-84.386063,33.945856],[-84.385971,33.945809],[-84.385873,33.945771],[-84.38577,33.945744],[-84.385664,33.945724],[-84.385557,33.945713],[-84.385449,33.94571],[-84.385341,33.945717],[-84.385235,33.945732],[-84.38513,33.945756],[-84.384977,33.945742],[-84.384914,33.945676],[-84.384802,33.945578],[-84.384687,33.945532],[-84.383955,33.945517],[-84.383439,33.94557],[-84.383248,33.945491],[-84.383095,33.945466],[-84.382836,33.945493],[-84.382422,33.945427],[-84.382286,33.945406],[-84.381468,33.945255],[-84.38132,33.945222],[-84.38103,33.945157],[-84.38051,33.945041],[-84.37968,33.944831],[-84.379508,33.944783],[-84.379307,33.944715],[-84.379113,33.944636],[-84.378927,33.944545],[-84.378836,33.944495],[-84.378753,33.944438],[-84.378676,33.944375],[-84.378606,33.944306],[-84.378543,33.944233],[-84.378133,33.943665],[-84.377986,33.94346],[-84.377623,33.943152],[-84.377232,33.942876],[-84.376919,33.942623],[-84.376531,33.94225],[-84.375954,33.941798],[-84.375415,33.941348],[-84.374736,33.940847],[-84.373831,33.941749],[-84.373724,33.941858],[-84.373523,33.942065],[-84.373255,33.942338],[-84.372833,33.942769],[-84.372789,33.942814],[-84.372741,33.942865],[-84.372522,33.943141],[-84.372326,33.943444],[-84.371775,33.944525],[-84.371665,33.94474],[-84.371477,33.945179],[-84.371346,33.945484],[-84.371322,33.94555],[-84.371072,33.946228],[-84.371009,33.946429],[-84.370951,33.946615],[-84.370898,33.946831],[-84.370803,33.947482],[-84.370739,33.947921],[-84.370715,33.948137],[-84.370673,33.948362],[-84.370626,33.948512],[-84.370528,33.948765],[-84.370472,33.948871],[-84.370427,33.948957],[-84.370298,33.949147],[-84.370028,33.949464],[-84.369746,33.949727],[-84.369618,33.949828],[-84.369416,33.949988],[-84.369238,33.950107],[-84.36904,33.950225],[-84.368744,33.950438],[-84.368466,33.950668],[-84.368208,33.950914],[-84.367762,33.95144],[-84.367573,33.95175],[-84.36749,33.951886],[-84.367438,33.951973],[-84.367162,33.952409],[-84.36687,33.952871],[-84.366751,33.953024],[-84.366535,33.953267],[-84.366299,33.953498],[-84.366083,33.953682],[-84.365853,33.953854],[-84.365262,33.954358],[-84.365101,33.954514],[-84.364929,33.954715],[-84.364806,33.954894],[-84.364684,33.955119],[-84.3646,33.955324],[-84.364917,33.955438],[-84.365232,33.955533],[-84.365746,33.955667],[-84.366281,33.955793],[-84.366471,33.955838],[-84.366613,33.955862],[-84.366757,33.955874],[-84.366902,33.955873],[-84.36705,33.955859],[-84.370977,33.955272],[-84.37123,33.955258],[-84.371654,33.955264],[-84.371811,33.955285],[-84.373328,33.955381],[-84.374125,33.955441],[-84.374256,33.955461],[-84.375028,33.95556],[-84.376741,33.955871],[-84.377236,33.955941],[-84.377364,33.95595],[-84.377492,33.955948],[-84.378001,33.955895],[-84.378536,33.955857],[-84.381328,33.955766],[-84.382367,33.955734],[-84.382588,33.955709],[-84.382753,33.955672],[-84.383224,33.955543],[-84.384261,33.955259],[-84.384361,33.954507],[-84.384469,33.952854],[-84.384499,33.952499],[-84.384574,33.951205],[-84.384624,33.950759],[-84.38467,33.950598],[-84.384738,33.950443],[-84.384819,33.950291],[-84.38493,33.950134],[-84.385514,33.949515],[-84.385995,33.948938],[-84.386263,33.948668],[-84.38646,33.948519],[-84.386756,33.948315],[-84.386874,33.948213],[-84.387022,33.948038],[-84.387129,33.947849]]]]}},
{"type":"Feature","properties":{"GEOID":"13121010217"},"geometry":{"type":"MultiPolygon","coordinates":[[[[-84.400948,33.948028],[-84.401065,33.947869],[-84.401112,33.947837],[-84.400618,33.947819],[-84.400373,33.947783],[-84.400157,33.947794],[-84.39991,33.947806],[-84.399795,33.947819],[-84.399687,33.947822],[-84.399579,33.947817],[-84.399472,33.947804],[-84.399367,33.947782],[-84.399265,33.947752],[-84.398937,33.94763],[-84.398076,33.947428],[-84.39787,33.947373],[-84.397667,33.947311],[-84.397574,33.947264],[-84.39749,33.947207],[-84.397416,33.947142],[-84.397294,33.946993],[-84.397241,33.946915],[-84.397195,33.946833],[-84.397156,33.946749],[-84.397124,33.946663],[-84.397099,33.946575],[-84.397082,33.946486],[-84.397073,33.946323],[-84.397027,33.946242],[-84.396956,33.946174],[-84.396866,33.946125],[-84.39677,33.946084],[-84.396707,33.946067],[-84.396667,33.946057],[-84.39656,33.946043],[-84.396452,33.946044],[-84.395874,33.946021],[-84.395716,33.946026],[-84.3955,33.946021],[-84.395285,33.946004],[-84.395127,33.945982],[-84.395072,33.945973],[-84.394862,33.945929],[-84.394657,33.945872],[-84.394133,33.945765],[-84.393889,33.945744],[-84.393676,33.945715],[-84.393465,33.945675],[-84.393357,33.945672],[-84.393249,33.94568],[-84.393144,33.9457],[-84.393042,33.945731],[-84.392946,33.945772],[-84.392858,33.945824],[-84.392788,33.945913],[-84.392703,33.945968],[-84.392602,33.945999],[-84.392495,33.946003],[-84.392391,33.94598],[-84.3923,33.945932],[-84.39225,33.945852],[-84.392249,33.945763],[-84.392296,33.945683],[-84.392317,33.945554],[-84.39229,33.945467],[-84.392231,33.945392],[-84.392146,33.945336],[-84.392042,33.945314],[-84.391936,33.945328],[-84.391908,33.945335],[-84.391832,33.945353],[-84.391736,33.945394],[-84.391651,33.945449],[-84.391581,33.945518],[-84.391149,33.945829],[-84.390916,33.946017],[-84.39077,33.94615],[-84.390631,33.946288],[-84.390565,33.946359],[-84.390496,33.946478],[-84.390387,33.946634],[-84.390327,33.946709],[-84.390279,33.946789],[-84.390241,33.946874],[-84.390215,33.946961],[-84.3902,33.94705],[-84.390196,33.947141],[-84.390204,33.94723],[-84.390201,33.94734],[-84.390182,33.947428],[-84.39015,33.947514],[-84.390104,33.947596],[-84.390026,33.947658],[-84.389927,33.947693],[-84.38982,33.947697],[-84.389714,33.947681],[-84.389618,33.947641],[-84.389537,33.947581],[-84.389272,33.947425],[-84.388738,33.947231],[-84.388637,33.947185],[-84.388538,33.947148],[-84.388437,33.947118],[-84.388332,33.947094],[-84.388226,33.947076],[-84.388119,33.947066],[-84.388013,33.947084],[-84.387918,33.947125],[-84.38784,33.947187],[-84.387637,33.947476],[-84.387582,33.947562],[-84.387479,33.947589],[-84.387371,33.947589],[-84.387268,33.947563],[-84.387244,33.94755],[-84.387206,33.947664],[-84.387129,33.947849],[-84.387022,33.948038],[-84.386874,33.948213],[-84.386756,33.948315],[-84.38646,33.948519],[-84.386263,33.948668],[-84.385995,33.948938],[-84.385514,33.949515],[-84.38493,33.950134],[-84.384819,33.950291],[-84.384738,33.950443],[-84.38467,33.950598],[-84.384624,33.950759],[-84.384574,33.951205],[-84.384499,33.952499],[-84.384469,33.952854],[-84.384361,33.954507],[-84.384261,33.955259],[-84.383224,33.955543],[-84.382753,33.955672],[-84.382588,33.955709],[-84.382367,33.955734],[-84.381328,33.955766],[-84.378536,33.955857],[-84.378001,33.955895],[-84.377492,33.955948],[-84.377364,33.95595],[-84.377236,33.955941],[-84.376741,33.955871],[-84.375028,33.95556],[-84.374256,33.955461],[-84.374125,33.955441],[-84.373328,33.955381],[-84.371811,33.955285],[-84.371654,33.955264],[-84.37123,33.955258],[-84.370977,33.955272],[-84.36705,33.955859],[-84.366902,33.955873],[-84.366757,33.955874],[-84.366613,33.955862],[-84.366471,33.955838],[-84.366281,33.955793],[-84.365746,33.955667],[-84.365232,33.955533],[-84.364917,33.955438],[-84.3646,33.955324],[-84.364535,33.955554],[-84.364496,33.955799],[-84.364489,33.956045],[-84.364512,33.956292],[-84.364555,33.956494],[-84.364584,33.956607],[-84.36484,33.957568],[-84.365473,33.959949],[-84.36567,33.960952],[-84.365718,33.961352],[-84.365733,33.96135],[-84.365901,33.961283],[-84.366412,33.96076],[-84.366656,33.960624],[-84.366969,33.960622],[-84.367396,33.960786],[-84.367763,33.961114],[-84.367976,33.961448],[-84.368205,33.961553],[-84.368487,33.961554],[-84.36867,33.961638],[-84.368731,33.961827],[-84.368693,33.962058],[-84.369073,33.96221],[-84.36929,33.96232],[-84.369853,33.96232],[-84.37012,33.962527],[-84.370288,33.962855],[-84.370586,33.963018],[-84.371059,33.963141],[-84.371729,33.963128],[-84.371882,33.963125],[-84.373216,33.96311],[-84.373242,33.963102],[-84.373719,33.963172],[-84.37431,33.963184],[-84.374682,33.963153],[-84.375197,33.963052],[-84.375979,33.963013],[-84.376398,33.962992],[-84.377258,33.962965],[-84.378634,33.962856],[-84.37916,33.962877],[-84.379327,33.962874],[-84.380606,33.962929],[-84.381217,33.963097],[-84.38136,33.963143],[-84.381542,33.96317],[-84.381856,33.963227],[-84.382106,33.963291],[-84.382412,33.963344],[-84.382729,33.963291],[-84.382966,33.96322],[-84.383028,33.963225],[-84.383389,33.963253],[-84.383437,33.963207],[-84.383487,33.963135],[-84.383593,33.962997],[-84.383661,33.962925],[-84.383724,33.962827],[-84.38379,33.962743],[-84.383952,33.962579],[-84.384025,33.962502],[-84.384116,33.962424],[-84.384144,33.962405],[-84.384402,33.96224],[-84.384444,33.962223],[-84.38448,33.962205],[-84.384506,33.962185],[-84.384521,33.962164],[-84.384558,33.962142],[-84.384702,33.962018],[-84.384958,33.961795],[-84.385002,33.961779],[-84.385097,33.961699],[-84.385159,33.96161],[-84.385374,33.961401],[-84.385531,33.96127],[-84.385641,33.961162],[-84.385678,33.9611],[-84.385775,33.961009],[-84.385831,33.960933],[-84.385867,33.960868],[-84.385948,33.960791],[-84.386106,33.960643],[-84.386262,33.960495],[-84.386365,33.960376],[-84.386403,33.96032],[-84.386894,33.959928],[-84.3877,33.959147],[-84.38805,33.958695],[-84.388107,33.958601],[-84.388248,33.958459],[-84.388535,33.958089],[-84.388581,33.958028],[-84.388701,33.957852],[-84.388867,33.957684],[-84.389069,33.957433],[-84.389403,33.957134],[-84.389441,33.957091],[-84.389482,33.957045],[-84.389504,33.957025],[-84.389569,33.956967],[-84.38963,33.956915],[-84.389717,33.956849],[-84.389789,33.956792],[-84.389867,33.956739],[-84.38994,33.956673],[-84.390021,33.956613],[-84.390097,33.956556],[-84.390181,33.956494],[-84.390247,33.956445],[-84.390338,33.956334],[-84.39047,33.956279],[-84.390779,33.956049],[-84.390901,33.95593],[-84.390974,33.955878],[-84.391037,33.955832],[-84.391195,33.955718],[-84.391316,33.95563],[-84.391396,33.955568],[-84.391472,33.955508],[-84.391577,33.955427],[-84.391609,33.955402],[-84.391655,33.955371],[-84.391751,33.955294],[-84.39178,33.955274],[-84.391807,33.955259],[-84.392068,33.955079],[-84.392182,33.954984],[-84.392518,33.954728],[-84.392581,33.954646],[-84.392832,33.954499],[-84.392987,33.954393],[-84.393074,33.954339],[-84.393132,33.954313],[-84.393159,33.954266],[-84.393208,33.954231],[-84.3933,33.954144],[-84.393367,33.9541],[-84.393416,33.954052],[-84.393487,33.954006],[-84.393642,33.953921],[-84.393792,33.953854],[-84.393941,33.953814],[-84.39396,33.953792],[-84.394053,33.953734],[-84.394085,33.953677],[-84.394792,33.953296],[-84.39483,33.953286],[-84.395086,33.953215],[-84.395222,33.953134],[-84.395369,33.953043],[-84.395433,33.953014],[-84.395486,33.95299],[-84.395546,33.952963],[-84.395621,33.952937],[-84.395691,33.952897],[-84.395974,33.952717],[-84.396056,33.952671],[-84.396117,33.952638],[-84.396332,33.952535],[-84.396481,33.952448],[-84.396567,33.952364],[-84.396649,33.952311],[-84.396951,33.952104],[-84.397294,33.951908],[-84.397483,33.951774],[-84.397758,33.951563],[-84.398022,33.951282],[-84.398444,33.950883],[-84.398824,33.950557],[-84.398866,33.95052],[-84.39895,33.950417],[-84.399229,33.950176],[-84.39947,33.949905],[-84.399507,33.949863],[-84.399534,33.949824],[-84.399723,33.949624],[-84.399979,33.94933],[-84.400088,33.949178],[-84.400196,33.949027],[-84.400417,33.948751],[-84.400543,33.948551],[-84.400689,33.948373],[-84.400774,33.94821],[-84.400834,33.948162],[-84.400948,33.948028]]]]}},
{"type":"Feature","properties":{"GEOID":"13121010220"},"geometry":{"type":"MultiPolygon","coordinates":[[[[-84.406793,33.925168],[-84.407224,33.924872],[-84.408002,33.924363],[-84.407082,33.922981],[-84.40687,33.922668],[-84.406803,33.922554],[-84.406722,33.922375],[-84.406664,33.922191],[-84.406636,33.922047],[-84.406621,33.921894],[-84.406622,33.921126],[-84.406623,33.921051],[-84.40662,33.919866],[-84.406635,33.919282],[-84.406646,33.918202],[-84.406654,33.917409],[-84.406658,33.916614],[-84.40666,33.916027],[-84.406663,33.915997],[-84.406675,33.915836],[-84.406569,33.915852],[-84.406285,33.91584],[-84.404511,33.915802],[-84.404202,33.915777],[-84.4039,33.915764],[-84.403675,33.915734],[-84.403284,33.915669],[-84.402719,33.915494],[-84.402363,33.915379],[-84.400713,33.914846],[-84.400173,33.914634],[-84.399643,33.914434],[-84.398431,33.91403],[-84.397884,33.913893],[-84.397215,33.913791],[-84.396366,33.913634],[-84.395651,33.913559],[-84.394091,33.913362],[-84.392521,33.913169],[-84.392453,33.913161],[-84.39177,33.913033],[-84.390513,33.91288],[-84.390245,33.912845],[-84.389279,33.912722],[-84.387199,33.912481],[-84.387123,33.912454],[-84.38561,33.912343],[-84.385069,33.912303],[-84.384433,33.912256],[-84.380285,33.91215],[-84.379059,33.912134],[-84.379081,33.912293],[-84.379159,33.912904],[-84.37923,33.913466],[-84.379289,33.913928],[-84.379318,33.914554],[-84.379315,33.914955],[-84.379295,33.915354],[-84.379277,33.915576],[-84.379149,33.917202],[-84.379025,33.91911],[-84.37899,33.919685],[-84.378989,33.920088],[-84.379007,33.920413],[-84.379161,33.922142],[-84.379177,33.922527],[-84.379174,33.922927],[-84.379104,33.924135],[-84.379076,33.92466],[-84.379073,33.925137],[-84.381343,33.925652],[-84.381627,33.925728],[-84.381891,33.925823],[-84.382143,33.925939],[-84.382312,33.926033],[-84.38284,33.926354],[-84.383948,33.927031],[-84.384207,33.92721],[-84.384445,33.927399],[-84.384655,33.927592],[-84.384911,33.927859],[-84.385492,33.928475],[-84.386318,33.92935],[-84.387789,33.930928],[-84.388297,33.931565],[-84.388383,33.931695],[-84.388428,33.931785],[-84.388594,33.932366],[-84.388715,33.932798],[-84.388834,33.93322],[-84.388915,33.933431],[-84.389036,33.933652],[-84.389199,33.933858],[-84.389633,33.934414],[-84.389955,33.93481],[-84.390043,33.934894],[-84.390337,33.935121],[-84.389812,33.935693],[-84.391223,33.935393],[-84.391957,33.935229],[-84.392445,33.935115],[-84.392629,33.93509],[-84.392838,33.935064],[-84.393042,33.935055],[-84.393226,33.935063],[-84.393499,33.935091],[-84.393673,33.935094],[-84.393846,33.935082],[-84.394015,33.935054],[-84.394375,33.934971],[-84.394725,33.934862],[-84.394853,33.934815],[-84.395509,33.934529],[-84.396254,33.934208],[-84.396986,33.933935],[-84.397573,33.933733],[-84.398091,33.933516],[-84.398374,33.933348],[-84.399098,33.932816],[-84.399619,33.932455],[-84.401876,33.930902],[-84.402025,33.930804],[-84.402086,33.930759],[-84.402234,33.930639],[-84.402417,33.930461],[-84.402449,33.930439],[-84.402464,33.930408],[-84.402571,33.930275],[-84.402668,33.930132],[-84.402786,33.929969],[-84.402891,33.9298],[-84.402982,33.929625],[-84.403058,33.929445],[-84.403437,33.928117],[-84.403485,33.927979],[-84.403533,33.927883],[-84.403553,33.927845],[-84.403641,33.92772],[-84.403746,33.927604],[-84.405972,33.925809],[-84.406793,33.925168]]]]}},
{"type":"Feature","properties":{"GEOID":"13121010124"},"geometry":{"type":"MultiPolygon","coordinates":[[[[-84.347121,33.994037],[-84.34718,33.99391],[-84.347395,33.993447],[-84.346436,33.992639],[-84.346113,33.992422],[-84.345995,33.992342],[-84.345977,33.992328],[-84.345484,33.991917],[-84.344537,33.991126],[-84.344243,33.99091],[-84.343982,33.990742],[-84.343728,33.990596],[-84.343482,33.99047],[-84.34308,33.990281],[-84.3428,33.990128],[-84.342486,33.989922],[-84.342187,33.989713],[-84.340575,33.990968],[-84.340356,33.991117],[-84.340088,33.991257],[-84.339943,33.991312],[-84.339816,33.991361],[-84.339605,33.991422],[-84.339171,33.991557],[-84.338216,33.991706],[-84.338092,33.992367],[-84.337893,33.993562],[-84.337701,33.994779],[-84.337167,33.998079],[-84.337021,33.998976],[-84.337321,33.999046],[-84.338079,33.999223],[-84.338121,33.999227],[-84.338682,33.999321],[-84.33905,33.999337],[-84.339508,33.999357],[-84.339758,33.999357],[-84.340006,33.999337],[-84.340209,33.999306],[-84.340408,33.999261],[-84.340585,33.999209],[-84.340647,33.999185],[-84.34079,33.999134],[-84.341074,33.999004],[-84.341321,33.998864],[-84.341507,33.998761],[-84.341731,33.998648],[-84.342064,33.998499],[-84.34247,33.998363],[-84.342542,33.998343],[-84.342742,33.998289],[-84.343024,33.99823],[-84.343037,33.998228],[-84.343256,33.9982],[-84.34338,33.998196],[-84.343497,33.998192],[-84.343744,33.998207],[-84.343945,33.998239],[-84.344131,33.998288],[-84.344428,33.997513],[-84.344469,33.997247],[-84.344533,33.996828],[-84.34468,33.995868],[-84.344703,33.995491],[-84.345135,33.995322],[-84.345427,33.995255],[-84.34548,33.99526],[-84.345526,33.995284],[-84.345588,33.995235],[-84.345797,33.994779],[-84.34584,33.994729],[-84.345893,33.994693],[-84.345997,33.994663],[-84.346107,33.99467],[-84.346166,33.994691],[-84.346425,33.994824],[-84.346887,33.994365],[-84.347024,33.9942],[-84.347121,33.994037]]]]}},
{"type":"Feature","properties":{"GEOID":"13121010134"},"geometry":{"type":"MultiPolygon","coordinates":[[[[-84.360955,33.968883],[-84.361073,33.96873],[-84.361297,33.968435],[-84.360983,33.968434],[-84.35987,33.968407],[-84.359079,33.968403],[-84.358108,33.968385],[-84.357491,33.968375],[-84.357298,33.968372],[-84.357175,33.968371],[-84.356941,33.968366],[-84.356434,33.968189],[-84.35597,33.968028],[-84.354934,33.967646],[-84.353262,33.967004],[-84.350723,33.96604],[-84.350229,33.965852],[-84.350168,33.965947],[-84.350136,33.965997],[-84.349764,33.966619],[-84.349041,33.967907],[-84.348807,33.968367],[-84.34792,33.97019],[-84.348379,33.970419],[-84.34886,33.970665],[-84.349287,33.97091],[-84.349419,33.97099],[-84.349614,33.971112],[-84.349712,33.971174],[-84.35013,33.971458],[-84.350641,33.971887],[-84.350968,33.972211],[-84.351128,33.972376],[-84.35132,33.972581],[-84.351957,33.973227],[-84.352252,33.973527],[-84.352604,33.973902],[-84.352693,33.973997],[-84.352796,33.974106],[-84.35304,33.974319],[-84.353312,33.974508],[-84.353786,33.974781],[-84.353806,33.974798],[-84.353929,33.974988],[-84.354183,33.974871],[-84.354804,33.974588],[-84.355132,33.97443],[-84.355193,33.974401],[-84.355237,33.974385],[-84.355474,33.9743],[-84.355771,33.974194],[-84.356301,33.973967],[-84.356681,33.973777],[-84.356935,33.973628],[-84.357106,33.973499],[-84.357355,33.973312],[-84.357492,33.973178],[-84.357648,33.972968],[-84.358148,33.9722],[-84.358561,33.971541],[-84.358763,33.971235],[-84.359064,33.970914],[-84.359977,33.970016],[-84.3601,33.969912],[-84.360554,33.969408],[-84.360955,33.968883]]]]}},
{"type":"Feature","properties":{"GEOID":"13121010131"},"geometry":{"type":"MultiPolygon","coordinates":[[[[-84.357907,33.950884],[-84.358011,33.948696],[-84.357953,33.948721],[-84.35785,33.948751],[-84.3578,33.948758],[-84.357744,33.948767],[-84.357636,33.948769],[-84.357587,33.948782],[-84.357533,33.948796],[-84.357438,33.948838],[-84.357352,33.948893],[-84.357215,33.948974],[-84.357087,33.94905],[-84.357025,33.949122],[-84.356991,33.949208],[-84.356989,33.949297],[-84.356949,33.949381],[-84.35689,33.949456],[-84.356731,33.949677],[-84.356341,33.950176],[-84.355994,33.950566],[-84.355925,33.950652],[-84.35564,33.951035],[-84.355514,33.951181],[-84.355444,33.95125],[-84.355369,33.951315],[-84.355289,33.951375],[-84.355203,33.95143],[-84.355113,33.95148],[-84.35502,33.951526],[-84.354826,33.951606],[-84.354624,33.95167],[-84.354415,33.951714],[-84.3542,33.951738],[-84.354092,33.951742],[-84.35399,33.951731],[-84.353881,33.951708],[-84.353781,33.951673],[-84.353747,33.951579],[-84.353714,33.951419],[-84.353644,33.951248],[-84.353602,33.951165],[-84.353549,33.951087],[-84.353488,33.951012],[-84.353412,33.95094],[-84.353345,33.950877],[-84.353269,33.950813],[-84.353105,33.950695],[-84.353014,33.950646],[-84.352917,33.950607],[-84.352815,33.950577],[-84.35271,33.950558],[-84.352602,33.950548],[-84.351997,33.950548],[-84.351683,33.950541],[-84.350776,33.950344],[-84.349946,33.950262],[-84.349524,33.950225],[-84.349319,33.950207],[-84.348652,33.950125],[-84.347954,33.950059],[-84.347825,33.950058],[-84.347588,33.950056],[-84.347565,33.950056],[-84.347533,33.950982],[-84.347503,33.9519],[-84.347445,33.955951],[-84.347439,33.956362],[-84.347448,33.958475],[-84.347453,33.959292],[-84.347455,33.960251],[-84.347456,33.960348],[-84.347449,33.961329],[-84.347447,33.96246],[-84.347447,33.963046],[-84.347427,33.966093],[-84.347424,33.96622],[-84.347422,33.966325],[-84.347419,33.96652],[-84.347418,33.966777],[-84.347416,33.967767],[-84.347416,33.967786],[-84.347414,33.967898],[-84.347412,33.968109],[-84.346942,33.968109],[-84.346837,33.96811],[-84.346784,33.967707],[-84.346725,33.967257],[-84.346683,33.966933],[-84.346723,33.966827],[-84.346803,33.966588],[-84.346787,33.966507],[-84.346765,33.966417],[-84.346743,33.966318],[-84.3466,33.966175],[-84.346534,33.966111],[-84.346438,33.966018],[-84.346167,33.96598],[-84.346081,33.966131],[-84.344993,33.967006],[-84.343713,33.967738],[-84.34358,33.967814],[-84.343055,33.968114],[-84.342585,33.968114],[-84.342405,33.968114],[-84.342359,33.968138],[-84.342174,33.968235],[-84.341927,33.968492],[-84.341366,33.968721],[-84.341341,33.968731],[-84.341109,33.968924],[-84.340886,33.969111],[-84.340619,33.969372],[-84.340569,33.969423],[-84.34025,33.969553],[-84.339867,33.969835],[-84.339632,33.97001],[-84.339306,33.970016],[-84.339145,33.9696],[-84.339031,33.969306],[-84.338863,33.969355],[-84.33879,33.969377],[-84.338895,33.969695],[-84.338474,33.969986],[-84.338259,33.970096],[-84.337855,33.970439],[-84.337636,33.970624],[-84.337385,33.970836],[-84.337335,33.97088],[-84.337354,33.970881],[-84.339536,33.971043],[-84.341184,33.970671],[-84.341358,33.970601],[-84.341498,33.970507],[-84.341823,33.970198],[-84.342339,33.969759],[-84.342529,33.969613],[-84.342772,33.969463],[-84.343413,33.969067],[-84.344505,33.968426],[-84.34589,33.969141],[-84.347706,33.970079],[-84.34792,33.97019],[-84.348807,33.968367],[-84.349041,33.967907],[-84.349764,33.966619],[-84.350136,33.965997],[-84.350168,33.965947],[-84.350229,33.965852],[-84.350424,33.965552],[-84.350476,33.965472],[-84.350976,33.964724],[-84.35156,33.963889],[-84.352191,33.962967],[-84.35352,33.96108],[-84.354121,33.960217],[-84.354519,33.959645],[-84.354583,33.95955],[-84.354743,33.959314],[-84.355712,33.957884],[-84.356021,33.957383],[-84.356363,33.956778],[-84.356591,33.956278],[-84.356819,33.955766],[-84.356891,33.955605],[-84.357218,33.954756],[-84.357474,33.953843],[-84.35755,33.953521],[-84.357675,33.953034],[-84.357749,33.952564],[-84.357833,33.951979],[-84.357884,33.951527],[-84.357895,33.951163],[-84.357896,33.951129],[-84.357903,33.950979],[-84.357905,33.950941],[-84.357905,33.950931],[-84.357906,33.950905],[-84.357907,33.950884]]]]}},
{"type":"Feature","properties":{"GEOID":"13121011431"},"geometry":{"type":"MultiPolygon","coordinates":[[[[-84.32957,34.02844],[-84.329624,34.02844],[-84.329575,34.028439],[-84.32957,34.02844]]]]}},
{"type":"Feature","properties":{"GEOID":"13121011430"},"geometry":{"type":"MultiPolygon","coordinates":[[[[-84.329624,34.02844],[-84.335032,34.02844],[-84.33517,34.028321],[-84.332854,34.026458],[-84.332703,34.026344],[-84.332244,34.025999],[-84.331994,34.025718],[-84.331337,34.025163],[-84.330743,34.024724],[-84.32984,34.024056],[-84.329492,34.023814],[-84.32926,34.023562],[-84.328851,34.023264],[-84.328623,34.023114],[-84.328383,34.022977],[-84.328186,34.022879],[-84.327554,34.022613],[-84.326786,34.022397],[-84.326521,34.022352],[-84.325364,34.021978],[-84.324414,34.02175],[-84.322638,34.024283],[-84.321624,34.025616],[-84.320805,34.026731],[-84.320737,34.026823],[-84.320035,34.027799],[-84.319692,34.028276],[-84.319571,34.02844],[-84.32957,34.02844],[-84.329575,34.028439],[-84.329624,34.02844]]]]}},
{"type":"Feature","properties":{"GEOID":"13121011438"},"geometry":{"type":"MultiPolygon","coordinates":[[[[-84.362869,34.015451],[-84.362896,34.014822],[-84.362889,34.014341],[-84.362846,34.012351],[-84.362833,34.012238],[-84.362826,34.012173],[-84.362795,34.012029],[-84.362757,34.011906],[-84.362743,34.011859],[-84.362687,34.011723],[-84.36266,34.011671],[-84.362597,34.011553],[-84.362512,34.01142],[-84.362396,34.011273],[-84.361019,34.009525],[-84.360827,34.009327],[-84.360664,34.009196],[-84.360307,34.0089],[-84.359955,34.008618],[-84.359817,34.008555],[-84.35971,34.008518],[-84.359583,34.008489],[-84.359451,34.008476],[-84.35927,34.008482],[-84.358628,34.008573],[-84.357231,34.008771],[-84.356158,34.008921],[-84.355954,34.008922],[-84.355753,34.008891],[-84.355613,34.008849],[-84.355498,34.008799],[-84.353904,34.007958],[-84.353385,34.007683],[-84.353102,34.007508],[-84.353069,34.007484],[-84.352555,34.007109],[-84.352297,34.006942],[-84.352035,34.006798],[-84.351418,34.006504],[-84.351273,34.006424],[-84.351096,34.0063],[-84.350924,34.006144],[-84.350749,34.005895],[-84.350662,34.00571],[-84.350608,34.005518],[-84.350589,34.005383],[-84.350552,34.004739],[-84.350519,34.004167],[-84.350512,34.004057],[-84.350492,34.003715],[-84.35004,34.003768],[-84.349974,34.003767],[-84.349756,34.003815],[-84.348461,34.004066],[-84.347988,34.004093],[-84.347919,34.004097],[-84.347431,34.004087],[-84.347017,34.004152],[-84.346274,34.004083],[-84.345901,34.004089],[-84.345547,34.004081],[-84.344821,34.004037],[-84.344363,34.00407],[-84.3441,34.004159],[-84.344079,34.00418],[-84.343922,34.004223],[-84.343693,34.004242],[-84.343172,34.004445],[-84.342826,34.004802],[-84.342645,34.005003],[-84.341893,34.005832],[-84.341118,34.006759],[-84.340163,34.00766],[-84.339928,34.007928],[-84.339424,34.008257],[-84.33917,34.008423],[-84.338202,34.009078],[-84.337617,34.009389],[-84.337222,34.009592],[-84.336587,34.009874],[-84.336329,34.010009],[-84.336043,34.010082],[-84.335768,34.01011],[-84.335362,34.010101],[-84.335057,34.010137],[-84.334634,34.010128],[-84.334382,34.01008],[-84.333965,34.009902],[-84.333361,34.009376],[-84.333156,34.009652],[-84.333128,34.00969],[-84.332831,34.010092],[-84.332587,34.010424],[-84.331899,34.011518],[-84.330746,34.013054],[-84.327605,34.0174],[-84.324414,34.02175],[-84.325364,34.021978],[-84.326521,34.022352],[-84.326786,34.022397],[-84.327554,34.022613],[-84.328186,34.022879],[-84.328383,34.022977],[-84.328623,34.023114],[-84.328851,34.023264],[-84.32926,34.023562],[-84.329492,34.023814],[-84.32984,34.024056],[-84.330743,34.024724],[-84.331337,34.025163],[-84.331994,34.025718],[-84.332244,34.025999],[-84.332703,34.026344],[-84.332854,34.026458],[-84.33517,34.028321],[-84.335328,34.028189],[-84.336181,34.027469],[-84.336291,34.027378],[-84.336751,34.026983],[-84.337112,34.026672],[-84.337291,34.026542],[-84.337471,34.026436],[-84.337776,34.026296],[-84.338047,34.026214],[-84.33824,34.026178],[-84.338645,34.026138],[-84.338906,34.026133],[-84.339156,34.026144],[-84.339695,34.026198],[-84.340468,34.026276],[-84.341389,34.026339],[-84.342068,34.026361],[-84.342719,34.026363],[-84.343393,34.026344],[-84.344562,34.026293],[-84.344698,34.026091],[-84.344898,34.025852],[-84.345127,34.025634],[-84.345338,34.02547],[-84.345876,34.025106],[-84.34607,34.024963],[-84.346316,34.02475],[-84.346546,34.02451],[-84.346782,34.024203],[-84.346977,34.023873],[-84.347089,34.023612],[-84.347153,34.023414],[-84.34719,34.023259],[-84.347226,34.022982],[-84.347227,34.022714],[-84.347196,34.02246],[-84.347145,34.022246],[-84.34707,34.022034],[-84.346959,34.021796],[-84.345428,34.019207],[-84.345328,34.019064],[-84.345383,34.019],[-84.345418,34.018883],[-84.345424,34.018864],[-84.345473,34.018761],[-84.345528,34.018683],[-84.345591,34.018615],[-84.345697,34.018537],[-84.345802,34.01848],[-84.345931,34.018432],[-84.346067,34.0184],[-84.346376,34.018381],[-84.346983,34.018375],[-84.348284,34.018345],[-84.348527,34.018332],[-84.348848,34.018295],[-84.349951,34.018119],[-84.350252,34.018096],[-84.350997,34.018077],[-84.351315,34.018057],[-84.351938,34.017988],[-84.352666,34.017871],[-84.352942,34.017807],[-84.353498,34.017679],[-84.353759,34.017635],[-84.354007,34.017607],[-84.354312,34.01759],[-84.356414,34.017472],[-84.357072,34.017419],[-84.35786,34.017335],[-84.359295,34.017245],[-84.3597,34.017205],[-84.359973,34.017195],[-84.360281,34.017204],[-84.360755,34.017234],[-84.361028,34.017285],[-84.361287,34.017374],[-84.362127,34.017717],[-84.362239,34.017524],[-84.362471,34.01716],[-84.362565,34.016994],[-84.362667,34.016775],[-84.362747,34.016546],[-84.362801,34.01633],[-84.362834,34.016118],[-84.362869,34.015451]]]]}},
{"type":"Feature","properties":{"GEOID":"13121011435"},"geometry":{"type":"MultiPolygon","coordinates":[[[[-84.333156,34.009652],[-84.333361,34.009376],[-84.333336,34.009354],[-84.333215,34.009204],[-84.332978,34.00891],[-84.332597,34.008038],[-84.332557,34.007708],[-84.332437,34.006719],[-84.332185,34.005814],[-84.332145,34.005711],[-84.331656,34.00443],[-84.331148,34.003442],[-84.331118,34.003253],[-84.330704,34.002746],[-84.330492,34.002516],[-84.330296,34.002286],[-84.329952,34.001941],[-84.329658,34.001596],[-84.329543,34.001495],[-84.329512,34.00145],[-84.329269,34.00125],[-84.329116,34.001116],[-84.328868,34.000898],[-84.3286,34.00057],[-84.328252,34.00077],[-84.328026,34.00089],[-84.327803,34.001008],[-84.327501,34.001201],[-84.326424,34.001877],[-84.326403,34.001885],[-84.326236,34.001955],[-84.326061,34.002044],[-84.325982,34.002078],[-84.325848,34.002137],[-84.325496,34.00234],[-84.325217,34.002375],[-84.324668,34.002487],[-84.324533,34.002514],[-84.323836,34.002792],[-84.322767,34.003211],[-84.320773,34.004098],[-84.320132,34.004372],[-84.319755,34.004565],[-84.319481,34.004651],[-84.319157,34.004742],[-84.318779,34.004795],[-84.31713,34.005109],[-84.316869,34.005165],[-84.315779,34.005378],[-84.315015,34.00551],[-84.314445,34.005693],[-84.314221,34.005914],[-84.31397,34.006248],[-84.313794,34.006543],[-84.313331,34.007284],[-84.313307,34.007408],[-84.31329,34.007588],[-84.313293,34.007768],[-84.31329,34.007858],[-84.313268,34.008037],[-84.313227,34.008214],[-84.313166,34.008288],[-84.31308,34.008342],[-84.312826,34.008394],[-84.312649,34.008399],[-84.31247,34.008416],[-84.312394,34.00845],[-84.312324,34.008531],[-84.312135,34.008669],[-84.311989,34.008776],[-84.311704,34.008821],[-84.31148,34.008867],[-84.311187,34.008938],[-84.311091,34.008971],[-84.310907,34.009035],[-84.310632,34.009121],[-84.310419,34.00922],[-84.310262,34.009298],[-84.310104,34.009439],[-84.310021,34.009524],[-84.309987,34.009616],[-84.309985,34.009673],[-84.30996,34.009785],[-84.309874,34.009974],[-84.309759,34.010095],[-84.309626,34.010184],[-84.309464,34.010242],[-84.309216,34.010283],[-84.309011,34.010304],[-84.308848,34.010393],[-84.30874,34.010484],[-84.308476,34.010833],[-84.30829,34.01106],[-84.308238,34.011136],[-84.307888,34.01156],[-84.307651,34.011827],[-84.307503,34.012014],[-84.3074,34.012166],[-84.307294,34.012375],[-84.307245,34.012456],[-84.307023,34.012516],[-84.306921,34.012544],[-84.306777,34.012613],[-84.306632,34.012703],[-84.306416,34.012813],[-84.306345,34.012861],[-84.306185,34.012939],[-84.306112,34.012982],[-84.306057,34.013012],[-84.306023,34.013043],[-84.305741,34.013199],[-84.306226,34.013492],[-84.306925,34.013882],[-84.307118,34.014001],[-84.307354,34.014147],[-84.307968,34.014526],[-84.309009,34.015169],[-84.309396,34.015444],[-84.309793,34.015745],[-84.310137,34.016024],[-84.310451,34.016295],[-84.311531,34.017289],[-84.31178,34.017494],[-84.31188,34.017573],[-84.312135,34.017756],[-84.312493,34.017986],[-84.312914,34.01822],[-84.314592,34.019055],[-84.315696,34.019606],[-84.316018,34.019746],[-84.316331,34.019862],[-84.316672,34.019968],[-84.31702,34.020055],[-84.317673,34.020202],[-84.319523,34.020623],[-84.321085,34.020986],[-84.322643,34.021348],[-84.322755,34.021374],[-84.32302,34.021434],[-84.324214,34.021705],[-84.324414,34.02175],[-84.327605,34.0174],[-84.330746,34.013054],[-84.331899,34.011518],[-84.332587,34.010424],[-84.332831,34.010092],[-84.333128,34.00969],[-84.333156,34.009652]]]]}},
{"type":"Feature","properties":{"GEOID":"13121011436"},"geometry":{"type":"MultiPolygon","coordinates":[[[[-84.328252,34.00077],[-84.3286,34.00057],[-84.328298,34.0002],[-84.32798,33.999678],[-84.327843,33.999482],[-84.327069,33.998372],[-84.326771,33.997767],[-84.326439,33.997094],[-84.326232,33.996328],[-84.325753,33.995996],[-84.325434,33.995496],[-84.325414,33.995453],[-84.325266,33.995128],[-84.324926,33.994477],[-84.324584,33.99387],[-84.324518,33.993525],[-84.324502,33.993225],[-84.32464,33.992906],[-84.324705,33.992479],[-84.324749,33.991086],[-84.324734,33.990743],[-84.324726,33.990175],[-84.324581,33.989872],[-84.324263,33.98935],[-84.32409,33.989132],[-84.323977,33.988615],[-84.323967,33.988525],[-84.323933,33.988317],[-84.323897,33.988155],[-84.32388,33.988081],[-84.323799,33.987819],[-84.323697,33.987562],[-84.323628,33.987418],[-84.323577,33.987311],[-84.32353,33.98723],[-84.323418,33.987076],[-84.323353,33.987004],[-84.323283,33.986935],[-84.323209,33.98687],[-84.323129,33.986808],[-84.322928,33.986634],[-84.322725,33.98646],[-84.322565,33.986336],[-84.322487,33.986276],[-84.322078,33.985982],[-84.322,33.985919],[-84.321917,33.985861],[-84.321829,33.985809],[-84.321736,33.985762],[-84.32164,33.985722],[-84.32154,33.985687],[-84.321437,33.985659],[-84.321228,33.985614],[-84.321015,33.985583],[-84.320746,33.985529],[-84.320584,33.985507],[-84.320261,33.985485],[-84.319828,33.985471],[-84.319179,33.985474],[-84.318747,33.985465],[-84.318207,33.985443],[-84.317666,33.985429],[-84.317125,33.985431],[-84.316585,33.985453],[-84.316399,33.985466],[-84.316149,33.985486],[-84.315284,33.98548],[-84.314682,33.985463],[-84.31468,33.985567],[-84.31468,33.985746],[-84.31468,33.986005],[-84.314669,33.986127],[-84.314627,33.986236],[-84.3146,33.986345],[-84.314579,33.986586],[-84.3146,33.987559],[-84.314596,33.987836],[-84.314614,33.988106],[-84.314628,33.988419],[-84.314607,33.988662],[-84.314574,33.98879],[-84.314534,33.988894],[-84.314472,33.989015],[-84.314409,33.989111],[-84.31432,33.98922],[-84.314236,33.989304],[-84.31317,33.99025],[-84.313003,33.990409],[-84.312746,33.990695],[-84.312521,33.991002],[-84.312185,33.991526],[-84.312052,33.991683],[-84.311893,33.99183],[-84.311697,33.991973],[-84.311709,33.991989],[-84.3115,33.992078],[-84.311118,33.992205],[-84.309483,33.992481],[-84.308508,33.992653],[-84.308392,33.992704],[-84.307754,33.992908],[-84.307338,33.99308],[-84.307111,33.993202],[-84.30693,33.993329],[-84.306791,33.993453],[-84.306649,33.993611],[-84.306546,33.993757],[-84.306232,33.994353],[-84.306171,33.99447],[-84.305629,33.995553],[-84.305562,33.995683],[-84.305269,33.996271],[-84.304995,33.996797],[-84.304974,33.99682],[-84.30481,33.997176],[-84.304703,33.997355],[-84.304603,33.997493],[-84.304402,33.997718],[-84.30417,33.997921],[-84.303987,33.998051],[-84.303394,33.998375],[-84.303235,33.998505],[-84.303091,33.998623],[-84.302963,33.998736],[-84.302814,33.9989],[-84.302635,33.999121],[-84.301804,34.000399],[-84.301271,34.001253],[-84.300931,34.001798],[-84.300879,34.001876],[-84.300326,34.002699],[-84.300186,34.002864],[-84.300019,34.003022],[-84.299766,34.003205],[-84.299047,34.003616],[-84.298758,34.003814],[-84.298611,34.003936],[-84.298474,34.004067],[-84.29775,34.00485],[-84.297603,34.004959],[-84.297429,34.005045],[-84.297546,34.00528],[-84.297583,34.005366],[-84.298084,34.006525],[-84.298236,34.006811],[-84.298395,34.007039],[-84.298578,34.007253],[-84.298753,34.007424],[-84.299434,34.008011],[-84.29984,34.008362],[-84.300084,34.008597],[-84.300335,34.00886],[-84.300536,34.00909],[-84.300679,34.009269],[-84.300742,34.009348],[-84.301524,34.010417],[-84.301685,34.010603],[-84.301871,34.010786],[-84.302094,34.010972],[-84.302334,34.01114],[-84.304093,34.012204],[-84.305741,34.013199],[-84.306023,34.013043],[-84.306057,34.013012],[-84.306112,34.012982],[-84.306185,34.012939],[-84.306345,34.012861],[-84.306416,34.012813],[-84.306632,34.012703],[-84.306777,34.012613],[-84.306921,34.012544],[-84.307023,34.012516],[-84.307245,34.012456],[-84.307294,34.012375],[-84.3074,34.012166],[-84.307503,34.012014],[-84.307651,34.011827],[-84.307888,34.01156],[-84.308238,34.011136],[-84.30829,34.01106],[-84.308476,34.010833],[-84.30874,34.010484],[-84.308848,34.010393],[-84.309011,34.010304],[-84.309216,34.010283],[-84.309464,34.010242],[-84.309626,34.010184],[-84.309759,34.010095],[-84.309874,34.009974],[-84.30996,34.009785],[-84.309985,34.009673],[-84.309987,34.009616],[-84.310021,34.009524],[-84.310104,34.009439],[-84.310262,34.009298],[-84.310419,34.00922],[-84.310632,34.009121],[-84.310907,34.009035],[-84.311091,34.008971],[-84.311187,34.008938],[-84.31148,34.008867],[-84.311704,34.008821],[-84.311989,34.008776],[-84.312135,34.008669],[-84.312324,34.008531],[-84.312394,34.00845],[-84.31247,34.008416],[-84.312649,34.008399],[-84.312826,34.008394],[-84.31308,34.008342],[-84.313166,34.008288],[-84.313227,34.008214],[-84.313268,34.008037],[-84.31329,34.007858],[-84.313293,34.007768],[-84.31329,34.007588],[-84.313307,34.007408],[-84.313331,34.007284],[-84.313794,34.006543],[-84.31397,34.006248],[-84.314221,34.005914],[-84.314445,34.005693],[-84.315015,34.00551],[-84.315779,34.005378],[-84.316869,34.005165],[-84.31713,34.005109],[-84.318779,34.004795],[-84.319157,34.004742],[-84.319481,34.004651],[-84.319755,34.004565],[-84.320132,34.004372],[-84.320773,34.004098],[-84.322767,34.003211],[-84.323836,34.002792],[-84.324533,34.002514],[-84.324668,34.002487],[-84.325217,34.002375],[-84.325496,34.00234],[-84.325848,34.002137],[-84.325982,34.002078],[-84.326061,34.002044],[-84.326236,34.001955],[-84.326403,34.001885],[-84.326424,34.001877],[-84.327501,34.001201],[-84.327803,34.001008],[-84.328026,34.00089],[-84.328252,34.00077]]]]}},
{"type":"Feature","properties":{"GEOID":"13121011434"},"geometry":{"type":"MultiPolygon","coordinates":[[[[-84.289787,34.02844],[-84.319571,34.02844],[-84.319692,34.028276],[-84.320035,34.027799],[-84.320737,34.026823],[-84.320805,34.026731],[-84.321624,34.025616],[-84.322638,34.024283],[-84.324414,34.02175],[-84.324214,34.021705],[-84.32302,34.021434],[-84.322755,34.021374],[-84.322643,34.021348],[-84.321085,34.020986],[-84.319523,34.020623],[-84.317673,34.020202],[-84.317289,34.02053],[-84.316856,34.020908],[-84.316387,34.021284],[-84.31531,34.021923],[-84.314983,34.0221],[-84.314758,34.022226],[-84.314574,34.02236],[-84.313838,34.023046],[-84.313751,34.023114],[-84.313652,34.023194],[-84.313496,34.023298],[-84.313332,34.023391],[-84.313174,34.023466],[-84.313006,34.023531],[-84.312925,34.023552],[-84.312889,34.023561],[-84.312811,34.023583],[-84.31269,34.023616],[-84.312362,34.023658],[-84.310695,34.023676],[-84.310452,34.023693],[-84.310202,34.02373],[-84.309957,34.023787],[-84.309658,34.023879],[-84.3094,34.02398],[-84.309125,34.024116],[-84.308902,34.024211],[-84.308531,34.024335],[-84.308369,34.024382],[-84.308145,34.024448],[-84.307768,34.024545],[-84.307386,34.02463],[-84.305438,34.024979],[-84.305316,34.025003],[-84.305005,34.025065],[-84.304473,34.02519],[-84.304187,34.025273],[-84.303584,34.025446],[-84.303486,34.025475],[-84.302947,34.025624],[-84.30273,34.025663],[-84.302519,34.025685],[-84.302315,34.025692],[-84.301462,34.025613],[-84.301195,34.025605],[-84.300936,34.025612],[-84.299901,34.025693],[-84.299535,34.025722],[-84.2991,34.025733],[-84.298984,34.025729],[-84.298694,34.025706],[-84.298401,34.025663],[-84.298069,34.025593],[-84.297008,34.025371],[-84.296075,34.025174],[-84.295748,34.025092],[-84.295313,34.024949],[-84.294901,34.024774],[-84.294835,34.024742],[-84.293684,34.024123],[-84.293598,34.024077],[-84.292577,34.02353],[-84.292367,34.023429],[-84.291862,34.023211],[-84.291363,34.023028],[-84.290748,34.022826],[-84.290201,34.022625],[-84.289779,34.022469],[-84.289662,34.022427],[-84.289635,34.022482],[-84.289625,34.022539],[-84.289601,34.023294],[-84.289609,34.024022],[-84.289581,34.024528],[-84.289576,34.025085],[-84.289596,34.025236],[-84.289658,34.025382],[-84.289668,34.026032],[-84.289687,34.02725],[-84.289768,34.028175],[-84.289787,34.02844]]]]}},
{"type":"Feature","properties":{"GEOID":"13121011428"},"geometry":{"type":"MultiPolygon","coordinates":[[[[-84.269438,34.02844],[-84.289787,34.02844],[-84.289768,34.028175],[-84.289687,34.02725],[-84.289668,34.026032],[-84.289658,34.025382],[-84.289596,34.025236],[-84.289576,34.025085],[-84.289581,34.024528],[-84.289609,34.024022],[-84.289601,34.023294],[-84.289625,34.022539],[-84.289635,34.022482],[-84.289662,34.022427],[-84.288233,34.021895],[-84.287701,34.021695],[-84.287339,34.021546],[-84.286406,34.02111],[-84.2862,34.021014],[-84.285757,34.020808],[-84.285383,34.020656],[-84.285073,34.020554],[-84.28494,34.020519],[-84.284756,34.02047],[-84.284553,34.020429],[-84.284432,34.020404],[-84.284124,34.020361],[-84.284092,34.020357],[-84.284052,34.020351],[-84.283772,34.020328],[-84.28344,34.020318],[-84.282569,34.020329],[-84.281361,34.020362],[-84.281237,34.020365],[-84.280808,34.020367],[-84.280648,34.02036],[-84.280457,34.020353],[-84.280122,34.020322],[-84.279789,34.020275],[-84.278718,34.020068],[-84.278174,34.019976],[-84.277827,34.019928],[-84.27749,34.019908],[-84.277066,34.01995],[-84.276656,34.020029],[-84.276303,34.020129],[-84.276088,34.020205],[-84.275885,34.020291],[-84.275861,34.020287],[-84.274284,34.021258],[-84.27367,34.02158],[-84.273354,34.021683],[-84.273054,34.021744],[-84.272521,34.021806],[-84.27228,34.021815],[-84.27205,34.021812],[-84.271724,34.021783],[-84.271563,34.021748],[-84.270458,34.02151],[-84.269953,34.021402],[-84.269547,34.024726],[-84.269484,34.025199],[-84.269474,34.02527],[-84.269374,34.026012],[-84.269287,34.026676],[-84.26928,34.026785],[-84.269275,34.026879],[-84.269258,34.027171],[-84.269259,34.027282],[-84.26926,34.027374],[-84.269278,34.027621],[-84.269303,34.027784],[-84.26934,34.028026],[-84.269348,34.028081],[-84.269369,34.028165],[-84.269438,34.02844]]]]}},
{"type":"Feature","properties":{"GEOID":"13121011432"},"geometry":{"type":"MultiPolygon","coordinates":[[[[-84.291978,34.003426],[-84.292061,34.003344],[-84.292146,34.00321],[-84.291676,34.003092],[-84.291225,34.002951],[-84.290882,34.002824],[-84.290547,34.002684],[-84.289737,34.002302],[-84.289101,34.002007],[-84.289004,34.001962],[-84.287939,34.001533],[-84.287378,34.001375],[-84.28602,34.001023],[-84.285606,34.000879],[-84.285295,34.000733],[-84.285067,34.000606],[-84.284948,34.000532],[-84.28453,34.000244],[-84.284302,34.000017],[-84.284104,33.999774],[-84.28395,33.999552],[-84.283766,33.999225],[-84.283654,33.998962],[-84.283578,33.9987],[-84.283426,33.998069],[-84.283314,33.997603],[-84.283282,33.997467],[-84.283146,33.997082],[-84.283002,33.996759],[-84.282883,33.99653],[-84.282856,33.996479],[-84.282681,33.996189],[-84.28247,33.995885],[-84.281993,33.995256],[-84.281911,33.995149],[-84.281341,33.994397],[-84.280802,33.993687],[-84.280355,33.993065],[-84.280075,33.992679],[-84.279952,33.992539],[-84.279827,33.99242],[-84.2796,33.992244],[-84.279363,33.992103],[-84.279255,33.992049],[-84.278618,33.991774],[-84.27819,33.991588],[-84.277899,33.991463],[-84.277245,33.991089],[-84.277009,33.990935],[-84.276802,33.9908],[-84.275362,33.989858],[-84.275272,33.9898],[-84.275015,33.989624],[-84.274069,33.988979],[-84.273764,33.988771],[-84.273666,33.988872],[-84.273556,33.988986],[-84.273499,33.989069],[-84.273463,33.989121],[-84.273391,33.989225],[-84.273323,33.989358],[-84.273304,33.989406],[-84.273268,33.989494],[-84.273218,33.989721],[-84.273213,33.989889],[-84.273228,33.990151],[-84.273241,33.990389],[-84.273305,33.991532],[-84.273351,33.99254],[-84.273354,33.992606],[-84.273375,33.993074],[-84.273474,33.995105],[-84.273511,33.995509],[-84.273566,33.995892],[-84.274003,33.997595],[-84.274057,33.997811],[-84.274149,33.998126],[-84.274271,33.998542],[-84.274287,33.998596],[-84.274399,33.998894],[-84.274526,33.999168],[-84.274718,33.999465],[-84.274808,33.999589],[-84.274881,33.999696],[-84.274921,33.999756],[-84.275093,33.999972],[-84.275279,34.000185],[-84.275655,34.000555],[-84.275857,34.000792],[-84.275948,34.000918],[-84.275982,34.000972],[-84.276049,34.001083],[-84.276196,34.0014],[-84.276306,34.001761],[-84.276365,34.002108],[-84.276439,34.003602],[-84.276483,34.004506],[-84.276594,34.004816],[-84.276704,34.005126],[-84.276855,34.005424],[-84.277046,34.005709],[-84.277208,34.005904],[-84.277388,34.006087],[-84.277657,34.006299],[-84.277995,34.006544],[-84.278175,34.006674],[-84.278291,34.006766],[-84.278441,34.006885],[-84.278958,34.007332],[-84.279644,34.008014],[-84.279772,34.008154],[-84.279814,34.008201],[-84.27998,34.00843],[-84.280117,34.008664],[-84.280183,34.008776],[-84.280392,34.009287],[-84.280561,34.009795],[-84.281017,34.011005],[-84.281123,34.011331],[-84.281184,34.011569],[-84.281235,34.011828],[-84.281288,34.012235],[-84.281294,34.012366],[-84.281518,34.012234],[-84.281724,34.012083],[-84.281917,34.01191],[-84.282082,34.011728],[-84.282291,34.011439],[-84.282446,34.011187],[-84.282584,34.010914],[-84.282775,34.010462],[-84.282872,34.010285],[-84.282888,34.010262],[-84.282989,34.010107],[-84.283122,34.009934],[-84.283174,34.009875],[-84.283277,34.009761],[-84.283567,34.009485],[-84.283874,34.009195],[-84.285237,34.007899],[-84.285453,34.007716],[-84.285813,34.00741],[-84.286131,34.007178],[-84.286517,34.00694],[-84.286934,34.006719],[-84.287197,34.006595],[-84.288328,34.006099],[-84.288698,34.005913],[-84.289062,34.00571],[-84.289216,34.005666],[-84.289501,34.005585],[-84.289564,34.005567],[-84.289719,34.005526],[-84.289853,34.005491],[-84.290089,34.005462],[-84.290096,34.005106],[-84.290122,34.00503],[-84.29018,34.004966],[-84.291689,34.003702],[-84.291846,34.003552],[-84.291978,34.003426]]]]}},
{"type":"Feature","properties":{"GEOID":"13089021821"},"geometry":{"type":"MultiPolygon","coordinates":[[[[-84.23737,33.865761],[-84.23737,33.868275],[-84.237858,33.868117],[-84.238698,33.867834],[-84.238712,33.867829],[-84.239477,33.867652],[-84.239526,33.867628],[-84.2396,33.867598],[-84.239691,33.86757],[-84.239726,33.867563],[-84.239762,33.86756],[-84.239798,33.867559],[-84.239828,33.867562],[-84.239872,33.867567],[-84.239994,33.867541],[-84.240391,33.867539],[-84.241018,33.867866],[-84.241071,33.867982],[-84.241101,33.868046],[-84.24107,33.868271],[-84.241062,33.868332],[-84.240901,33.868609],[-84.240911,33.868621],[-84.240936,33.86864],[-84.240963,33.868657],[-84.240992,33.868671],[-84.241023,33.868679],[-84.241039,33.86868],[-84.241085,33.868669],[-84.241134,33.868654],[-84.241174,33.868651],[-84.241201,33.868652],[-84.241227,33.868658],[-84.241252,33.868666],[-84.241275,33.868678],[-84.241296,33.868692],[-84.241371,33.868698],[-84.241468,33.868766],[-84.241624,33.868828],[-84.241737,33.868876],[-84.241854,33.868951],[-84.241951,33.869064],[-84.242199,33.869185],[-84.24223,33.869219],[-84.242264,33.869252],[-84.242282,33.869266],[-84.242358,33.869304],[-84.243151,33.869696],[-84.243258,33.869776],[-84.243736,33.870133],[-84.244026,33.870313],[-84.244092,33.870344],[-84.244155,33.870376],[-84.244215,33.870411],[-84.244276,33.870453],[-84.244401,33.870482],[-84.244804,33.870578],[-84.244969,33.87061],[-84.245147,33.870645],[-84.245562,33.870725],[-84.245617,33.870726],[-84.245898,33.870732],[-84.246184,33.870739],[-84.246226,33.870724],[-84.24773,33.870158],[-84.248133,33.870014],[-84.248265,33.869967],[-84.248465,33.869775],[-84.248554,33.869688],[-84.248839,33.869562],[-84.248917,33.869527],[-84.249004,33.869481],[-84.249105,33.869425],[-84.249219,33.869364],[-84.249388,33.869433],[-84.249508,33.869556],[-84.249569,33.869618],[-84.249687,33.869832],[-84.249734,33.869946],[-84.249819,33.870572],[-84.250215,33.870854],[-84.250609,33.871238],[-84.250594,33.871121],[-84.250578,33.870846],[-84.250524,33.868659],[-84.250537,33.868621],[-84.250555,33.867811],[-84.249517,33.867809],[-84.249289,33.867802],[-84.247324,33.867739],[-84.246497,33.867714],[-84.246123,33.867722],[-84.245759,33.867698],[-84.245471,33.867653],[-84.244847,33.867569],[-84.244104,33.867443],[-84.243828,33.867374],[-84.243353,33.867255],[-84.242982,33.867176],[-84.241961,33.866974],[-84.241489,33.866831],[-84.240932,33.866709],[-84.24004,33.866535],[-84.239716,33.866472],[-84.238871,33.866289],[-84.238524,33.866202],[-84.238157,33.866109],[-84.237973,33.866046],[-84.237695,33.865951],[-84.23737,33.865761]]]]}},
{"type":"Feature","properties":{"GEOID":"13089021224"},"geometry":{"type":"MultiPolygon","coordinates":[[[[-84.313142,33.929657],[-84.313434,33.929527],[-84.313809,33.92934],[-84.313265,33.928745],[-84.313115,33.928594],[-84.312324,33.928046],[-84.31026,33.926679],[-84.309492,33.926108],[-84.309357,33.926007],[-84.30924,33.925921],[-84.308805,33.925565],[-84.308392,33.925133],[-84.307329,33.924119],[-84.306537,33.92333],[-84.306373,33.923141],[-84.306137,33.922794],[-84.305848,33.922213],[-84.305615,33.921565],[-84.305306,33.920732],[-84.305182,33.920381],[-84.302473,33.920397],[-84.301245,33.920404],[-84.298712,33.920363],[-84.297802,33.920286],[-84.29686,33.920151],[-84.296778,33.920596],[-84.296399,33.922417],[-84.296219,33.9233],[-84.296126,33.923627],[-84.296014,33.924014],[-84.295285,33.92651],[-84.295253,33.926881],[-84.295297,33.927406],[-84.295383,33.928211],[-84.295356,33.929064],[-84.295255,33.929383],[-84.295009,33.930096],[-84.294836,33.930447],[-84.294747,33.93069],[-84.29469,33.930909],[-84.294669,33.931229],[-84.294683,33.931762],[-84.294723,33.932405],[-84.294743,33.933065],[-84.294783,33.933404],[-84.294826,33.933971],[-84.294814,33.934334],[-84.294769,33.934494],[-84.294648,33.934779],[-84.294562,33.934946],[-84.293986,33.935829],[-84.293909,33.936681],[-84.294846,33.937359],[-84.295397,33.93772],[-84.296427,33.938477],[-84.297199,33.939078],[-84.297416,33.939277],[-84.297573,33.939441],[-84.29786,33.939921],[-84.297889,33.93996],[-84.297911,33.939956],[-84.298538,33.939724],[-84.298653,33.939608],[-84.298708,33.939483],[-84.298735,33.939263],[-84.298723,33.937946],[-84.298731,33.937767],[-84.29876,33.935892],[-84.299156,33.935875],[-84.299597,33.935849],[-84.300092,33.935794],[-84.30056,33.93572],[-84.301001,33.935586],[-84.301777,33.935417],[-84.302276,33.935335],[-84.302684,33.935276],[-84.303019,33.935241],[-84.304349,33.935186],[-84.304624,33.935167],[-84.30498,33.935124],[-84.305418,33.935066],[-84.305734,33.935014],[-84.306531,33.93482],[-84.306756,33.934757],[-84.30696,33.934702],[-84.307278,33.934591],[-84.307525,33.93447],[-84.307614,33.93441],[-84.307929,33.9342],[-84.308313,33.933802],[-84.308412,33.933695],[-84.308551,33.933461],[-84.30866,33.93321],[-84.30881,33.932621],[-84.308951,33.932329],[-84.309015,33.932229],[-84.309162,33.932088],[-84.309448,33.931759],[-84.30953,33.931665],[-84.310086,33.931086],[-84.310399,33.930805],[-84.310669,33.930608],[-84.310886,33.930478],[-84.311411,33.93021],[-84.311879,33.930034],[-84.311914,33.93001],[-84.312814,33.929785],[-84.313142,33.929657]]]]}},
{"type":"Feature","properties":{"GEOID":"13089021230"},"geometry":{"type":"MultiPolygon","coordinates":[[[[-84.347886,33.916068],[-84.347896,33.915388],[-84.347893,33.915164],[-84.347891,33.91501],[-84.347769,33.915041],[-84.347261,33.915169],[-84.34724,33.915175],[-84.347126,33.915206],[-84.346479,33.915407],[-84.343515,33.916333],[-84.343312,33.916396],[-84.342946,33.91651],[-84.338411,33.917893],[-84.338187,33.917961],[-84.338275,33.918159],[-84.338523,33.918713],[-84.338741,33.919266],[-84.338945,33.920028],[-84.339051,33.920637],[-84.339054,33.920924],[-84.339012,33.921312],[-84.338897,33.921749],[-84.338665,33.922276],[-84.338558,33.922528],[-84.338406,33.922863],[-84.338045,33.9237],[-84.337372,33.925118],[-84.337297,33.925269],[-84.337216,33.925588],[-84.337111,33.926355],[-84.337085,33.92654],[-84.336984,33.927823],[-84.336998,33.928364],[-84.337024,33.92894],[-84.337033,33.929168],[-84.337072,33.929541],[-84.337305,33.930551],[-84.337357,33.930806],[-84.337397,33.931179],[-84.337425,33.931568],[-84.33756,33.932667],[-84.337676,33.93361],[-84.337887,33.936277],[-84.338006,33.937769],[-84.338084,33.938733],[-84.338314,33.941262],[-84.338303,33.94162],[-84.338263,33.941967],[-84.338121,33.942514],[-84.337816,33.943159],[-84.337838,33.943329],[-84.338024,33.943591],[-84.338376,33.943345],[-84.338924,33.943011],[-84.339821,33.94254],[-84.341402,33.941756],[-84.341552,33.941681],[-84.343301,33.940865],[-84.344123,33.940392],[-84.344261,33.940302],[-84.344775,33.939967],[-84.345725,33.939395],[-84.346241,33.939111],[-84.347294,33.938442],[-84.347565,33.938277],[-84.34767,33.938176],[-84.347699,33.938148],[-84.34771,33.938006],[-84.347718,33.935504],[-84.347718,33.935363],[-84.347718,33.935339],[-84.347717,33.934972],[-84.347717,33.934896],[-84.347716,33.934126],[-84.347721,33.933735],[-84.347727,33.932738],[-84.34772,33.932415],[-84.347725,33.932069],[-84.347749,33.931589],[-84.347749,33.931135],[-84.347747,33.930993],[-84.347754,33.929972],[-84.347753,33.929836],[-84.347754,33.929822],[-84.347755,33.92966],[-84.347756,33.929636],[-84.34776,33.928876],[-84.347759,33.928801],[-84.347761,33.92863],[-84.347781,33.92522],[-84.347794,33.923599],[-84.347797,33.923097],[-84.347803,33.921981],[-84.34781,33.920845],[-84.347827,33.920073],[-84.347835,33.9197],[-84.347831,33.919406],[-84.347825,33.918902],[-84.347801,33.918707],[-84.347833,33.917703],[-84.347868,33.916622],[-84.347886,33.916068]]]]}},
{"type":"Feature","properties":{"GEOID":"13089021608"},"geometry":{"type":"MultiPolygon","coordinates":[[[[-84.29377,33.8586],[-84.283959,33.8586],[-84.284512,33.859224],[-84.285701,33.860366],[-84.28617,33.860908],[-84.286373,33.861217],[-84.286474,33.861405],[-84.286676,33.861814],[-84.286727,33.861876],[-84.286787,33.861976],[-84.287394,33.86299],[-84.288083,33.863948],[-84.288335,33.864202],[-84.288656,33.86447],[-84.288861,33.86467],[-84.289036,33.8645],[-84.290542,33.863178],[-84.291083,33.862659],[-84.291626,33.862094],[-84.291844,33.861868],[-84.292095,33.861579],[-84.292223,33.861401],[-84.292391,33.861165],[-84.292646,33.86075],[-84.292711,33.860636],[-84.29286,33.860376],[-84.293354,33.859427],[-84.293642,33.858854],[-84.29377,33.8586]]]]}},
{"type":"Feature","properties":{"GEOID":"13089021710"},"geometry":{"type":"MultiPolygon","coordinates":[[[[-84.26599,33.8586],[-84.253935,33.8586],[-84.25344,33.859062],[-84.252874,33.859596],[-84.252156,33.860269],[-84.251831,33.860633],[-84.251591,33.861031],[-84.251505,33.861175],[-84.251361,33.861604],[-84.25132,33.861862],[-84.251313,33.862225],[-84.251343,33.862485],[-84.251371,33.86264],[-84.251421,33.862768],[-84.251446,33.86285],[-84.251601,33.863262],[-84.251691,33.863678],[-84.251714,33.863819],[-84.25173,33.864001],[-84.251721,33.86411],[-84.251708,33.864187],[-84.251684,33.864264],[-84.251543,33.864548],[-84.25119,33.86546],[-84.251031,33.865761],[-84.250875,33.866062],[-84.250816,33.866202],[-84.250751,33.866341],[-84.250704,33.866467],[-84.250665,33.866639],[-84.250624,33.866906],[-84.250576,33.867386],[-84.250577,33.867514],[-84.250563,33.867636],[-84.250555,33.867811],[-84.250537,33.868621],[-84.250524,33.868659],[-84.250578,33.870846],[-84.250594,33.871121],[-84.250609,33.871238],[-84.250637,33.871266],[-84.251036,33.87147],[-84.251501,33.871532],[-84.251603,33.871261],[-84.251812,33.871058],[-84.252224,33.870821],[-84.252592,33.870517],[-84.252956,33.870343],[-84.25332,33.870157],[-84.253966,33.869924],[-84.254484,33.869806],[-84.254794,33.869839],[-84.255053,33.869969],[-84.255284,33.870084],[-84.255912,33.870422],[-84.256296,33.870574],[-84.256594,33.870528],[-84.256788,33.870442],[-84.25721,33.870256],[-84.257719,33.869917],[-84.257822,33.869824],[-84.258456,33.869258],[-84.258821,33.869045],[-84.258888,33.869011],[-84.25922,33.868844],[-84.259391,33.868759],[-84.260063,33.868177],[-84.260277,33.867888],[-84.261671,33.867582],[-84.262385,33.867731],[-84.262634,33.867849],[-84.263097,33.868155],[-84.263445,33.868374],[-84.263814,33.868453],[-84.264138,33.868333],[-84.264235,33.86827],[-84.264845,33.867884],[-84.265362,33.867572],[-84.265531,33.867547],[-84.265782,33.867623],[-84.266643,33.868178],[-84.266755,33.868243],[-84.267555,33.868705],[-84.268225,33.869036],[-84.268588,33.869214],[-84.268901,33.869369],[-84.269801,33.869741],[-84.269934,33.869772],[-84.270036,33.869802],[-84.270135,33.869837],[-84.270223,33.869889],[-84.270296,33.869956],[-84.270349,33.870034],[-84.27038,33.87012],[-84.270563,33.870222],[-84.270899,33.870258],[-84.271085,33.870248],[-84.271912,33.870248],[-84.272017,33.870269],[-84.272114,33.870307],[-84.2722,33.870362],[-84.272282,33.870421],[-84.272359,33.870484],[-84.27243,33.870552],[-84.272463,33.870637],[-84.272461,33.870727],[-84.272449,33.870816],[-84.272426,33.870904],[-84.27242,33.870994],[-84.27243,33.871084],[-84.272455,33.871171],[-84.272497,33.871254],[-84.272556,33.87133],[-84.272629,33.871396],[-84.272709,33.871457],[-84.272795,33.871511],[-84.272887,33.871558],[-84.272984,33.871598],[-84.273085,33.871631],[-84.273354,33.871651],[-84.273626,33.8716],[-84.273966,33.87139],[-84.274281,33.871017],[-84.274474,33.870796],[-84.274718,33.870576],[-84.274878,33.870326],[-84.275057,33.870006],[-84.275229,33.869883],[-84.275371,33.869843],[-84.275553,33.869792],[-84.275811,33.869642],[-84.276016,33.869562],[-84.276127,33.869565],[-84.276273,33.869469],[-84.276413,33.869318],[-84.276503,33.869144],[-84.276612,33.868966],[-84.276724,33.868874],[-84.277027,33.868623],[-84.277151,33.86854],[-84.277287,33.868394],[-84.277655,33.868057],[-84.27781,33.867881],[-84.277882,33.86773],[-84.277714,33.867635],[-84.277628,33.867581],[-84.277546,33.867522],[-84.277478,33.867452],[-84.277426,33.867373],[-84.277394,33.867287],[-84.277382,33.867198],[-84.277388,33.867138],[-84.277391,33.867108],[-84.277465,33.866949],[-84.277471,33.866762],[-84.277332,33.866406],[-84.276947,33.865811],[-84.276641,33.865413],[-84.276523,33.865337],[-84.276236,33.865161],[-84.275787,33.864799],[-84.275319,33.864575],[-84.275103,33.864478],[-84.274964,33.864444],[-84.274774,33.864416],[-84.274619,33.864803],[-84.274468,33.865087],[-84.274255,33.865412],[-84.273546,33.865084],[-84.272401,33.864467],[-84.271357,33.863835],[-84.270481,33.863334],[-84.269761,33.862735],[-84.268815,33.861894],[-84.267848,33.861078],[-84.26767,33.860939],[-84.26758,33.860835],[-84.267078,33.860436],[-84.266753,33.860166],[-84.266537,33.859942],[-84.266333,33.859684],[-84.266228,33.859479],[-84.266153,33.859274],[-84.266054,33.858883],[-84.26599,33.8586]]]]}},
{"type":"Feature","properties":{"GEOID":"13089021820"},"geometry":{"type":"MultiPolygon","coordinates":[[[[-84.253935,33.8586],[-84.247385,33.8586],[-84.247606,33.859517],[-84.247985,33.861091],[-84.248178,33.861875],[-84.248866,33.864675],[-84.24907,33.865665],[-84.249271,33.866529],[-84.249517,33.867809],[-84.250555,33.867811],[-84.250563,33.867636],[-84.250577,33.867514],[-84.250576,33.867386],[-84.250624,33.866906],[-84.250665,33.866639],[-84.250704,33.866467],[-84.250751,33.866341],[-84.250816,33.866202],[-84.250875,33.866062],[-84.251031,33.865761],[-84.25119,33.86546],[-84.251543,33.864548],[-84.251684,33.864264],[-84.251708,33.864187],[-84.251721,33.86411],[-84.25173,33.864001],[-84.251714,33.863819],[-84.251691,33.863678],[-84.251601,33.863262],[-84.251446,33.86285],[-84.251421,33.862768],[-84.251371,33.86264],[-84.251343,33.862485],[-84.251313,33.862225],[-84.25132,33.861862],[-84.251361,33.861604],[-84.251505,33.861175],[-84.251591,33.861031],[-84.251831,33.860633],[-84.252156,33.860269],[-84.252874,33.859596],[-84.25344,33.859062],[-84.253935,33.8586]]]]}},
{"type":"Feature","properties":{"GEOID":"13089021220"},"geometry":{"type":"MultiPolygon","coordinates":[[[[-84.331759,33.905693],[-84.331968,33.905574],[-84.331788,33.90514],[-84.331385,33.904223],[-84.331245,33.903854],[-84.331184,33.903574],[-84.331178,33.903549],[-84.33114,33.90314],[-84.331177,33.902775],[-84.3312,33.902599],[-84.330766,33.902406],[-84.330715,33.902385],[-84.33049,33.902293],[-84.330377,33.902247],[-84.329807,33.902012],[-84.329391,33.901929],[-84.328913,33.901851],[-84.328767,33.901827],[-84.328134,33.901741],[-84.327424,33.901629],[-84.327175,33.901575],[-84.326925,33.90153],[-84.326608,33.901515],[-84.326124,33.901561],[-84.325892,33.901604],[-84.325795,33.901602],[-84.325358,33.901721],[-84.325026,33.901858],[-84.324567,33.902041],[-84.324086,33.902215],[-84.323943,33.902261],[-84.323525,33.902372],[-84.323245,33.90239],[-84.322928,33.902335],[-84.321495,33.901934],[-84.321256,33.901865],[-84.320778,33.901742],[-84.320519,33.901704],[-84.320026,33.901725],[-84.319675,33.901761],[-84.319504,33.901778],[-84.319377,33.901803],[-84.319242,33.901829],[-84.318989,33.901912],[-84.318498,33.902129],[-84.318328,33.902213],[-84.318086,33.902316],[-84.317319,33.902583],[-84.316717,33.902722],[-84.315979,33.902907],[-84.315573,33.902939],[-84.315293,33.902957],[-84.314986,33.902918],[-84.31467,33.902847],[-84.314365,33.902719],[-84.314119,33.902569],[-84.314009,33.902481],[-84.313631,33.902165],[-84.313261,33.901658],[-84.312741,33.901036],[-84.312488,33.900805],[-84.312337,33.900698],[-84.312099,33.900588],[-84.311876,33.900497],[-84.311821,33.900486],[-84.311586,33.900453],[-84.311341,33.900433],[-84.311054,33.900455],[-84.31062,33.900537],[-84.310236,33.900656],[-84.30854,33.901133],[-84.308164,33.90128],[-84.308305,33.901367],[-84.308469,33.901533],[-84.308671,33.901805],[-84.308938,33.902184],[-84.309334,33.902823],[-84.309484,33.903083],[-84.310025,33.904058],[-84.31026,33.904734],[-84.310317,33.905004],[-84.310367,33.905535],[-84.310275,33.90615],[-84.310049,33.906929],[-84.309903,33.90743],[-84.309897,33.907452],[-84.309879,33.907514],[-84.309852,33.907668],[-84.309817,33.907866],[-84.309814,33.908045],[-84.309937,33.908657],[-84.310141,33.909056],[-84.310236,33.909306],[-84.310537,33.909903],[-84.310615,33.910102],[-84.310702,33.910301],[-84.310756,33.910471],[-84.310787,33.910607],[-84.310828,33.91086],[-84.310886,33.911171],[-84.310905,33.911402],[-84.31067,33.911223],[-84.310505,33.911123],[-84.309963,33.91171],[-84.309907,33.911878],[-84.309916,33.912132],[-84.309892,33.912357],[-84.309672,33.912915],[-84.309613,33.913182],[-84.309251,33.913934],[-84.309126,33.914157],[-84.309075,33.914691],[-84.308897,33.914997],[-84.308718,33.915289],[-84.30846,33.915438],[-84.308237,33.91556],[-84.308062,33.91574],[-84.306903,33.916365],[-84.306309,33.916687],[-84.305863,33.916889],[-84.305432,33.917161],[-84.305066,33.917533],[-84.304545,33.917973],[-84.304306,33.918052],[-84.30411,33.918076],[-84.304263,33.918331],[-84.304629,33.91903],[-84.304987,33.919832],[-84.305125,33.920219],[-84.305182,33.920381],[-84.314718,33.920409],[-84.314796,33.920211],[-84.315086,33.919649],[-84.315159,33.919508],[-84.315447,33.918836],[-84.315745,33.918145],[-84.315894,33.917799],[-84.315952,33.91758],[-84.315985,33.917439],[-84.316011,33.917332],[-84.316017,33.917231],[-84.31597,33.91694],[-84.31596,33.91688],[-84.315904,33.916657],[-84.31578,33.916447],[-84.315686,33.916289],[-84.315385,33.915827],[-84.315238,33.915632],[-84.314761,33.915082],[-84.314675,33.91497],[-84.314619,33.914933],[-84.314342,33.914749],[-84.313873,33.914538],[-84.313647,33.914476],[-84.314311,33.913411],[-84.314464,33.913151],[-84.314575,33.912855],[-84.314635,33.912594],[-84.314691,33.912425],[-84.314807,33.912257],[-84.314956,33.912139],[-84.31514,33.91225],[-84.315339,33.91241],[-84.315531,33.912528],[-84.315699,33.91261],[-84.315851,33.912649],[-84.316029,33.912674],[-84.316209,33.912657],[-84.316432,33.912583],[-84.316632,33.912474],[-84.316746,33.912377],[-84.316798,33.912321],[-84.31703,33.912],[-84.31719,33.911797],[-84.31733,33.91168],[-84.317563,33.911564],[-84.318114,33.911377],[-84.318716,33.911206],[-84.318949,33.911097],[-84.319107,33.910958],[-84.320093,33.910199],[-84.320637,33.909751],[-84.320774,33.909676],[-84.320972,33.909554],[-84.321161,33.909459],[-84.321332,33.909393],[-84.321503,33.909333],[-84.321775,33.909297],[-84.321952,33.909279],[-84.322535,33.909285],[-84.324008,33.909317],[-84.325177,33.909342],[-84.325709,33.909361],[-84.326014,33.909347],[-84.326336,33.909304],[-84.326515,33.909238],[-84.326944,33.90905],[-84.327168,33.908907],[-84.327753,33.908546],[-84.328116,33.908279],[-84.328173,33.908237],[-84.328635,33.907896],[-84.328765,33.907804],[-84.329059,33.907596],[-84.329318,33.907397],[-84.329837,33.907014],[-84.330269,33.906706],[-84.330709,33.90642],[-84.331279,33.906003],[-84.331383,33.905927],[-84.331759,33.905693]]]]}},
{"type":"Feature","properties":{"GEOID":"13089021225"},"geometry":{"type":"MultiPolygon","coordinates":[[[[-84.315906,33.926354],[-84.31594,33.92623],[-84.315944,33.92608],[-84.31594,33.925889],[-84.315894,33.925772],[-84.315686,33.925418],[-84.315523,33.925232],[-84.315081,33.924683],[-84.31494,33.92443],[-84.314786,33.923972],[-84.314459,33.923085],[-84.314292,33.922592],[-84.314211,33.922252],[-84.314214,33.921829],[-84.314273,33.921569],[-84.314341,33.921342],[-84.314491,33.920983],[-84.314718,33.920409],[-84.305182,33.920381],[-84.305306,33.920732],[-84.305615,33.921565],[-84.305848,33.922213],[-84.306137,33.922794],[-84.306373,33.923141],[-84.306537,33.92333],[-84.307329,33.924119],[-84.308392,33.925133],[-84.308805,33.925565],[-84.30924,33.925921],[-84.309357,33.926007],[-84.309492,33.926108],[-84.31026,33.926679],[-84.312324,33.928046],[-84.313115,33.928594],[-84.313265,33.928745],[-84.313809,33.92934],[-84.313947,33.929176],[-84.313995,33.929128],[-84.31414,33.928957],[-84.314318,33.928695],[-84.31463,33.928278],[-84.315185,33.92741],[-84.315475,33.927006],[-84.31555,33.926902],[-84.315726,33.926682],[-84.315841,33.92651],[-84.315906,33.926354]]]]}},
{"type":"Feature","properties":{"GEOID":"13089021815"},"geometry":{"type":"MultiPolygon","coordinates":[[[[-84.23737,33.894915],[-84.23737,33.898423],[-84.237504,33.898404],[-84.237998,33.898317],[-84.23838,33.898281],[-84.238532,33.898303],[-84.238853,33.898426],[-84.239081,33.898474],[-84.239404,33.898482],[-84.239706,33.89848],[-84.239894,33.898458],[-84.240313,33.898363],[-84.241309,33.898186],[-84.241707,33.89809],[-84.241992,33.897993],[-84.242028,33.897985],[-84.242411,33.897903],[-84.242843,33.897774],[-84.242714,33.897445],[-84.242644,33.897253],[-84.242509,33.89699],[-84.242397,33.89679],[-84.242243,33.896589],[-84.242014,33.896359],[-84.241776,33.896156],[-84.241486,33.895967],[-84.241204,33.89582],[-84.241004,33.895723],[-84.2399,33.895389],[-84.239055,33.895159],[-84.238811,33.895118],[-84.238492,33.895076],[-84.237853,33.894977],[-84.23737,33.894915]]]]}},
{"type":"Feature","properties":{"GEOID":"13089021227"},"geometry":{"type":"MultiPolygon","coordinates":[[[[-84.336232,33.936305],[-84.337887,33.936277],[-84.337676,33.93361],[-84.33756,33.932667],[-84.337425,33.931568],[-84.335843,33.931673],[-84.3352,33.931715],[-84.33505,33.931713],[-84.334764,33.931663],[-84.334584,33.931568],[-84.334476,33.931481],[-84.334352,33.93133],[-84.334263,33.931157],[-84.334233,33.931019],[-84.334206,33.930789],[-84.334221,33.930295],[-84.334245,33.929532],[-84.334231,33.929284],[-84.334226,33.929207],[-84.334223,33.929151],[-84.333981,33.928808],[-84.33347,33.928388],[-84.333265,33.928132],[-84.333143,33.927981],[-84.333122,33.927942],[-84.332976,33.927689],[-84.332913,33.927571],[-84.332881,33.92748],[-84.332865,33.927415],[-84.332844,33.927205],[-84.332825,33.927109],[-84.332779,33.927011],[-84.332767,33.926966],[-84.332762,33.926871],[-84.332757,33.926759],[-84.332752,33.926488],[-84.33276,33.926365],[-84.332788,33.926283],[-84.332827,33.926213],[-84.332988,33.92597],[-84.332622,33.925918],[-84.332281,33.925898],[-84.331912,33.925898],[-84.331626,33.925876],[-84.331246,33.925838],[-84.331027,33.925803],[-84.330915,33.925773],[-84.330691,33.92569],[-84.330456,33.925545],[-84.330324,33.925448],[-84.330121,33.925223],[-84.330065,33.925123],[-84.330029,33.925019],[-84.329988,33.924912],[-84.329942,33.924746],[-84.329918,33.924534],[-84.32994,33.924154],[-84.32999,33.923868],[-84.33003,33.923565],[-84.330042,33.923185],[-84.330048,33.922652],[-84.33006,33.922478],[-84.330066,33.922399],[-84.330132,33.922248],[-84.330238,33.922073],[-84.328389,33.922051],[-84.327897,33.922054],[-84.327643,33.922046],[-84.327698,33.922391],[-84.327734,33.922541],[-84.327773,33.922899],[-84.327757,33.923065],[-84.327732,33.923238],[-84.327645,33.923753],[-84.327592,33.923883],[-84.326928,33.923881],[-84.326388,33.923884],[-84.326087,33.923892],[-84.32594,33.923839],[-84.325832,33.923787],[-84.325725,33.923693],[-84.325442,33.923812],[-84.325151,33.923897],[-84.324831,33.923923],[-84.324473,33.923907],[-84.323966,33.923863],[-84.323196,33.923622],[-84.322863,33.923432],[-84.322049,33.9227],[-84.321857,33.922803],[-84.321494,33.922951],[-84.321025,33.923198],[-84.320512,33.923422],[-84.320326,33.923495],[-84.320287,33.923511],[-84.319776,33.923697],[-84.319574,33.923767],[-84.319334,33.92382],[-84.319078,33.923823],[-84.318552,33.923817],[-84.317845,33.923828],[-84.317193,33.923838],[-84.316715,33.923828],[-84.316433,33.923822],[-84.31615,33.923807],[-84.315947,33.923802],[-84.315744,33.923815],[-84.315337,33.923848],[-84.314786,33.923972],[-84.31494,33.92443],[-84.315081,33.924683],[-84.315523,33.925232],[-84.315686,33.925418],[-84.315894,33.925772],[-84.31594,33.925889],[-84.315944,33.92608],[-84.31594,33.92623],[-84.315906,33.926354],[-84.315841,33.92651],[-84.315726,33.926682],[-84.31555,33.926902],[-84.315475,33.927006],[-84.315185,33.92741],[-84.31463,33.928278],[-84.314318,33.928695],[-84.31414,33.928957],[-84.313995,33.929128],[-84.313947,33.929176],[-84.313809,33.92934],[-84.314136,33.929704],[-84.314329,33.929933],[-84.314742,33.930399],[-84.315148,33.930806],[-84.315876,33.93142],[-84.316366,33.93168],[-84.316759,33.931863],[-84.319259,33.933189],[-84.319679,33.933472],[-84.320249,33.933717],[-84.320768,33.934002],[-84.321031,33.934216],[-84.322312,33.934975],[-84.323369,33.935621],[-84.32452,33.936393],[-84.326615,33.938078],[-84.326911,33.938355],[-84.327364,33.938766],[-84.327442,33.938648],[-84.327579,33.938452],[-84.327687,33.938345],[-84.327806,33.93827],[-84.328373,33.937904],[-84.32911,33.937429],[-84.329236,33.937331],[-84.329328,33.937233],[-84.329386,33.937156],[-84.329425,33.937092],[-84.329614,33.936708],[-84.329643,33.936661],[-84.329691,33.936603],[-84.329786,33.936522],[-84.3299,33.93646],[-84.330031,33.936431],[-84.330161,33.936405],[-84.330362,33.936399],[-84.332443,33.93637],[-84.333002,33.936351],[-84.334835,33.936326],[-84.336232,33.936305]]]]}},
{"type":"Feature","properties":{"GEOID":"13089021309"},"geometry":{"type":"MultiPolygon","coordinates":[[[[-84.273365,33.903389],[-84.273854,33.903011],[-84.273793,33.902967],[-84.273373,33.902737],[-84.272948,33.90248],[-84.272557,33.902209],[-84.272208,33.901989],[-84.271834,33.901726],[-84.271387,33.901362],[-84.270738,33.900868],[-84.270441,33.900644],[-84.270417,33.900625],[-84.270256,33.900497],[-84.270193,33.900446],[-84.270154,33.900416],[-84.270037,33.900323],[-84.26927,33.899714],[-84.268904,33.899452],[-84.265705,33.896977],[-84.263212,33.895049],[-84.260669,33.893098],[-84.259942,33.892561],[-84.259541,33.892231],[-84.259493,33.892192],[-84.259211,33.891964],[-84.258766,33.892192],[-84.258567,33.892315],[-84.257967,33.892716],[-84.254681,33.894708],[-84.254423,33.894864],[-84.253066,33.895724],[-84.252673,33.895972],[-84.252784,33.896118],[-84.252801,33.89614],[-84.252906,33.896277],[-84.252983,33.896358],[-84.25301,33.896414],[-84.253283,33.896759],[-84.253821,33.897342],[-84.253953,33.89745],[-84.254086,33.897509],[-84.254253,33.897569],[-84.254461,33.897673],[-84.254933,33.897965],[-84.255114,33.89811],[-84.255247,33.89819],[-84.255389,33.89825],[-84.255565,33.898282],[-84.255859,33.898324],[-84.256052,33.898342],[-84.256238,33.89836],[-84.25702,33.898455],[-84.257434,33.898485],[-84.257898,33.898489],[-84.258699,33.898512],[-84.258851,33.898516],[-84.258961,33.898514],[-84.259757,33.898502],[-84.259959,33.898506],[-84.260119,33.898524],[-84.260295,33.898563],[-84.260479,33.898624],[-84.260621,33.898683],[-84.260754,33.898742],[-84.26087,33.898815],[-84.26125,33.899091],[-84.261623,33.899382],[-84.262197,33.899831],[-84.262739,33.900227],[-84.26284,33.9003],[-84.262966,33.900369],[-84.263303,33.90063],[-84.263427,33.900725],[-84.263586,33.900747],[-84.263789,33.900775],[-84.264143,33.900797],[-84.26448,33.900825],[-84.264609,33.901018],[-84.264868,33.901369],[-84.265287,33.902005],[-84.265577,33.902709],[-84.265673,33.903091],[-84.265813,33.903785],[-84.265847,33.904032],[-84.265897,33.904569],[-84.26592,33.904914],[-84.266008,33.905473],[-84.266057,33.90565],[-84.266127,33.906644],[-84.266303,33.907242],[-84.266813,33.908963],[-84.269395,33.906787],[-84.269646,33.906574],[-84.271162,33.905298],[-84.273094,33.903616],[-84.273296,33.903446],[-84.273365,33.903389]]]]}},
{"type":"Feature","properties":{"GEOID":"13089021104"},"geometry":{"type":"MultiPolygon","coordinates":[[[[-84.348222,33.8586],[-84.33997,33.8586],[-84.339794,33.858916],[-84.339541,33.859436],[-84.338939,33.860708],[-84.338924,33.860724],[-84.338921,33.860744],[-84.337961,33.86277],[-84.337427,33.863898],[-84.336829,33.865078],[-84.336892,33.865116],[-84.336985,33.865172],[-84.337284,33.865369],[-84.337471,33.865519],[-84.3379,33.865917],[-84.338009,33.866024],[-84.338179,33.866191],[-84.338305,33.86634],[-84.338493,33.866573],[-84.338587,33.866672],[-84.339107,33.867226],[-84.33917,33.867292],[-84.339422,33.867531],[-84.339532,33.867658],[-84.339625,33.867765],[-84.339667,33.867843],[-84.339737,33.867919],[-84.33993,33.868101],[-84.340122,33.86828],[-84.340407,33.86848],[-84.340575,33.868594],[-84.340821,33.868726],[-84.34097,33.868811],[-84.341188,33.868988],[-84.341343,33.869207],[-84.341468,33.869494],[-84.341468,33.869603],[-84.34149,33.869699],[-84.341507,33.869832],[-84.341544,33.870109],[-84.341571,33.870424],[-84.341953,33.870323],[-84.341988,33.870308],[-84.342043,33.870285],[-84.342214,33.870215],[-84.342443,33.870157],[-84.342643,33.870047],[-84.34292,33.869902],[-84.343146,33.869736],[-84.34334,33.869385],[-84.343389,33.869305],[-84.343447,33.869229],[-84.343512,33.869157],[-84.343585,33.86909],[-84.343664,33.869029],[-84.344398,33.868596],[-84.344966,33.868245],[-84.345385,33.867989],[-84.345552,33.867875],[-84.345706,33.867748],[-84.345845,33.86761],[-84.345967,33.867461],[-84.346022,33.867384],[-84.346105,33.867245],[-84.346161,33.86714],[-84.346199,33.867055],[-84.34623,33.866969],[-84.346267,33.866884],[-84.346311,33.866802],[-84.346361,33.866722],[-84.346417,33.866645],[-84.346479,33.866571],[-84.346549,33.866503],[-84.346626,33.86644],[-84.346693,33.866358],[-84.346605,33.865758],[-84.346608,33.865542],[-84.346574,33.865501],[-84.346528,33.865419],[-84.346499,33.865333],[-84.346519,33.865245],[-84.346584,33.865173],[-84.346638,33.865095],[-84.346725,33.865043],[-84.346829,33.865023],[-84.346937,33.865011],[-84.347044,33.865014],[-84.347151,33.865027],[-84.347358,33.865081],[-84.347458,33.865115],[-84.347563,33.865137],[-84.348126,33.865199],[-84.348163,33.865203],[-84.348162,33.865099],[-84.348155,33.864674],[-84.348117,33.862288],[-84.348121,33.862082],[-84.348188,33.859834],[-84.348207,33.859131],[-84.348222,33.8586]]]]}},
{"type":"Feature","properties":{"GEOID":"13089021228"},"geometry":{"type":"MultiPolygon","coordinates":[[[[-84.326107,33.959197],[-84.326119,33.958982],[-84.326128,33.958842],[-84.326107,33.958554],[-84.326055,33.958266],[-84.325955,33.957562],[-84.325888,33.957113],[-84.325818,33.956418],[-84.325691,33.9553],[-84.325602,33.95458],[-84.325531,33.953927],[-84.325485,33.953453],[-84.325592,33.952644],[-84.325661,33.952375],[-84.3257,33.952088],[-84.325648,33.951825],[-84.325454,33.951213],[-84.325088,33.950275],[-84.324965,33.950002],[-84.324872,33.949721],[-84.324828,33.9495],[-84.324692,33.948982],[-84.324624,33.948583],[-84.323547,33.948948],[-84.321454,33.949714],[-84.319445,33.950414],[-84.318379,33.950763],[-84.317404,33.95113],[-84.316922,33.951297],[-84.316349,33.951462],[-84.31589,33.951545],[-84.315198,33.951631],[-84.314545,33.951736],[-84.313963,33.951858],[-84.313053,33.952109],[-84.312387,33.952322],[-84.31172,33.952561],[-84.310682,33.952995],[-84.310293,33.953122],[-84.309276,33.953514],[-84.308512,33.953827],[-84.307982,33.954045],[-84.307655,33.954203],[-84.307407,33.954308],[-84.306891,33.954526],[-84.305936,33.955085],[-84.305648,33.955254],[-84.305528,33.955325],[-84.305227,33.955513],[-84.30493,33.955738],[-84.304448,33.956104],[-84.303909,33.956473],[-84.302843,33.957254],[-84.301401,33.958184],[-84.299824,33.959343],[-84.300058,33.959351],[-84.300331,33.959378],[-84.300602,33.959423],[-84.300865,33.959484],[-84.301021,33.959529],[-84.302502,33.960065],[-84.302879,33.960234],[-84.302911,33.960248],[-84.303318,33.960431],[-84.306114,33.961864],[-84.306288,33.961953],[-84.306425,33.962023],[-84.307292,33.962467],[-84.307823,33.962741],[-84.308067,33.962877],[-84.308176,33.962937],[-84.308231,33.962973],[-84.308286,33.963008],[-84.308485,33.963137],[-84.308628,33.963241],[-84.30918,33.963643],[-84.309348,33.963742],[-84.309532,33.963829],[-84.309817,33.963926],[-84.310444,33.96408],[-84.310793,33.964157],[-84.311486,33.964278],[-84.311689,33.964342],[-84.311886,33.964459],[-84.311932,33.96448],[-84.312478,33.964883],[-84.312593,33.964967],[-84.312968,33.965243],[-84.313128,33.965337],[-84.313292,33.965404],[-84.313556,33.965485],[-84.314079,33.965647],[-84.315333,33.966017],[-84.315513,33.966062],[-84.315628,33.966075],[-84.315756,33.966075],[-84.316337,33.966023],[-84.316407,33.966023],[-84.316562,33.966046],[-84.317086,33.966132],[-84.317264,33.966185],[-84.317456,33.966267],[-84.31759,33.966342],[-84.317714,33.966429],[-84.317877,33.966574],[-84.318125,33.966325],[-84.318233,33.966047],[-84.318363,33.965908],[-84.318562,33.965727],[-84.318789,33.965605],[-84.319265,33.965376],[-84.320133,33.964975],[-84.320358,33.964907],[-84.320476,33.96488],[-84.320857,33.964879],[-84.321062,33.964888],[-84.321237,33.964911],[-84.321281,33.96481],[-84.321352,33.964616],[-84.321618,33.963982],[-84.32162,33.963904],[-84.321605,33.963811],[-84.321561,33.963727],[-84.321511,33.963657],[-84.321407,33.963592],[-84.321165,33.963474],[-84.321084,33.963428],[-84.320924,33.963308],[-84.320861,33.963057],[-84.320862,33.962852],[-84.320962,33.962844],[-84.321056,33.962842],[-84.321126,33.962828],[-84.321239,33.962782],[-84.321394,33.962698],[-84.321749,33.962531],[-84.32209,33.962371],[-84.32256,33.962156],[-84.322167,33.961596],[-84.322083,33.961492],[-84.32173,33.960952],[-84.321612,33.960788],[-84.321551,33.960684],[-84.321524,33.960605],[-84.321513,33.96041],[-84.321527,33.960332],[-84.321553,33.960259],[-84.32159,33.960201],[-84.321656,33.96013],[-84.321753,33.960054],[-84.321945,33.959892],[-84.322149,33.95974],[-84.322226,33.959707],[-84.322309,33.959685],[-84.322421,33.959668],[-84.322544,33.959665],[-84.322831,33.959691],[-84.323006,33.95971],[-84.323123,33.959712],[-84.323306,33.959672],[-84.323412,33.95964],[-84.323519,33.959599],[-84.323615,33.959547],[-84.323704,33.95949],[-84.323829,33.95943],[-84.324036,33.959366],[-84.324148,33.959358],[-84.324295,33.959357],[-84.324388,33.959369],[-84.324651,33.959389],[-84.324779,33.959421],[-84.324919,33.959444],[-84.325379,33.959546],[-84.325606,33.9596],[-84.325886,33.959631],[-84.326091,33.959621],[-84.326103,33.959277],[-84.326107,33.959197]]]]}},
{"type":"Feature","properties":{"GEOID":"13089021310"},"geometry":{"type":"MultiPolygon","coordinates":[[[[-84.264185,33.911719],[-84.266813,33.908963],[-84.266303,33.907242],[-84.266127,33.906644],[-84.266057,33.90565],[-84.266008,33.905473],[-84.26592,33.904914],[-84.265897,33.904569],[-84.265847,33.904032],[-84.265813,33.903785],[-84.265673,33.903091],[-84.265577,33.902709],[-84.265287,33.902005],[-84.264868,33.901369],[-84.264609,33.901018],[-84.26448,33.900825],[-84.264143,33.900797],[-84.263789,33.900775],[-84.263586,33.900747],[-84.263427,33.900725],[-84.263303,33.90063],[-84.262966,33.900369],[-84.26284,33.9003],[-84.262739,33.900227],[-84.262197,33.899831],[-84.261623,33.899382],[-84.26125,33.899091],[-84.26087,33.898815],[-84.260754,33.898742],[-84.260621,33.898683],[-84.260479,33.898624],[-84.260295,33.898563],[-84.260119,33.898524],[-84.259959,33.898506],[-84.259757,33.898502],[-84.258961,33.898514],[-84.258851,33.898516],[-84.258699,33.898512],[-84.257898,33.898489],[-84.257434,33.898485],[-84.25702,33.898455],[-84.256238,33.89836],[-84.256052,33.898342],[-84.255859,33.898324],[-84.255565,33.898282],[-84.255389,33.89825],[-84.255247,33.89819],[-84.255114,33.89811],[-84.254933,33.897965],[-84.254461,33.897673],[-84.254253,33.897569],[-84.254086,33.897509],[-84.253953,33.89745],[-84.253821,33.897342],[-84.253283,33.896759],[-84.25301,33.896414],[-84.252983,33.896358],[-84.252906,33.896277],[-84.252801,33.89614],[-84.252784,33.896118],[-84.252673,33.895972],[-84.251439,33.896755],[-84.25131,33.896837],[-84.250707,33.897258],[-84.247985,33.898872],[-84.24732,33.899268],[-84.24545,33.900497],[-84.2442,33.901317],[-84.24035,33.903618],[-84.23928,33.904308],[-84.238073,33.90507],[-84.238121,33.905102],[-84.238611,33.905302],[-84.242746,33.906987],[-84.242766,33.906991],[-84.244023,33.907502],[-84.244189,33.90767],[-84.244211,33.907693],[-84.244266,33.907748],[-84.244321,33.907802],[-84.244635,33.908019],[-84.244644,33.908025],[-84.244668,33.908042],[-84.244922,33.908217],[-84.244953,33.908238],[-84.24513,33.908361],[-84.246129,33.909053],[-84.246179,33.909088],[-84.2462,33.909102],[-84.246268,33.909149],[-84.246868,33.909565],[-84.248057,33.909953],[-84.24872,33.910169],[-84.248821,33.910201],[-84.249621,33.910501],[-84.250087,33.910684],[-84.250413,33.910812],[-84.250738,33.91094],[-84.25232,33.911561],[-84.252421,33.911601],[-84.254022,33.912846],[-84.254103,33.912909],[-84.254118,33.912921],[-84.254316,33.913075],[-84.254369,33.913116],[-84.256022,33.914401],[-84.256321,33.91489],[-84.257122,33.916201],[-84.257597,33.916891],[-84.257656,33.916976],[-84.258285,33.91789],[-84.258474,33.917701],[-84.258489,33.917687],[-84.258931,33.917216],[-84.259314,33.916811],[-84.259462,33.916659],[-84.259837,33.916287],[-84.260494,33.915596],[-84.261124,33.914937],[-84.262101,33.913922],[-84.263974,33.911899],[-84.264185,33.911719]]]]}},
{"type":"Feature","properties":{"GEOID":"13089021223"},"geometry":{"type":"MultiPolygon","coordinates":[[[[-84.338263,33.941967],[-84.338303,33.94162],[-84.338314,33.941262],[-84.338084,33.938733],[-84.338006,33.937769],[-84.337887,33.936277],[-84.336232,33.936305],[-84.334835,33.936326],[-84.333002,33.936351],[-84.332443,33.93637],[-84.330362,33.936399],[-84.330161,33.936405],[-84.330031,33.936431],[-84.3299,33.93646],[-84.329786,33.936522],[-84.329691,33.936603],[-84.329643,33.936661],[-84.329614,33.936708],[-84.329425,33.937092],[-84.329386,33.937156],[-84.329328,33.937233],[-84.329236,33.937331],[-84.32911,33.937429],[-84.328373,33.937904],[-84.327806,33.93827],[-84.327687,33.938345],[-84.327579,33.938452],[-84.327442,33.938648],[-84.327364,33.938766],[-84.327493,33.938883],[-84.328054,33.939399],[-84.328774,33.940061],[-84.329707,33.941053],[-84.330577,33.942078],[-84.331266,33.943061],[-84.331616,33.943562],[-84.33188,33.943872],[-84.332116,33.944122],[-84.332322,33.94433],[-84.332699,33.9446],[-84.332909,33.944755],[-84.333363,33.945088],[-84.333579,33.945256],[-84.3337,33.945349],[-84.333926,33.945573],[-84.334265,33.946071],[-84.335076,33.945759],[-84.335396,33.945597],[-84.335593,33.945457],[-84.336322,33.944839],[-84.336655,33.94455],[-84.337351,33.944025],[-84.337937,33.943647],[-84.338024,33.943591],[-84.337838,33.943329],[-84.337816,33.943159],[-84.338121,33.942514],[-84.338263,33.941967]]]]}},
{"type":"Feature","properties":{"GEOID":"13089021226"},"geometry":{"type":"MultiPolygon","coordinates":[[[[-84.339012,33.921312],[-84.339054,33.920924],[-84.339051,33.920637],[-84.338945,33.920028],[-84.338741,33.919266],[-84.338523,33.918713],[-84.338275,33.918159],[-84.338187,33.917961],[-84.337898,33.918047],[-84.334607,33.919027],[-84.333048,33.919491],[-84.332528,33.919642],[-84.331338,33.919898],[-84.330472,33.920006],[-84.329439,33.920089],[-84.328441,33.920145],[-84.327702,33.92016],[-84.325803,33.920197],[-84.320844,33.920202],[-84.317329,33.920203],[-84.314796,33.920211],[-84.314718,33.920409],[-84.314491,33.920983],[-84.314341,33.921342],[-84.314273,33.921569],[-84.314214,33.921829],[-84.314211,33.922252],[-84.314292,33.922592],[-84.314459,33.923085],[-84.314786,33.923972],[-84.315337,33.923848],[-84.315744,33.923815],[-84.315947,33.923802],[-84.31615,33.923807],[-84.316433,33.923822],[-84.316715,33.923828],[-84.317193,33.923838],[-84.317845,33.923828],[-84.318552,33.923817],[-84.319078,33.923823],[-84.319334,33.92382],[-84.319574,33.923767],[-84.319776,33.923697],[-84.320287,33.923511],[-84.320326,33.923495],[-84.320512,33.923422],[-84.321025,33.923198],[-84.321494,33.922951],[-84.321857,33.922803],[-84.322049,33.9227],[-84.322863,33.923432],[-84.323196,33.923622],[-84.323966,33.923863],[-84.324473,33.923907],[-84.324831,33.923923],[-84.325151,33.923897],[-84.325442,33.923812],[-84.325725,33.923693],[-84.325832,33.923787],[-84.32594,33.923839],[-84.326087,33.923892],[-84.326388,33.923884],[-84.326928,33.923881],[-84.327592,33.923883],[-84.327645,33.923753],[-84.327732,33.923238],[-84.327757,33.923065],[-84.327773,33.922899],[-84.327734,33.922541],[-84.327698,33.922391],[-84.327643,33.922046],[-84.327897,33.922054],[-84.328389,33.922051],[-84.330238,33.922073],[-84.330132,33.922248],[-84.330066,33.922399],[-84.33006,33.922478],[-84.330048,33.922652],[-84.330042,33.923185],[-84.33003,33.923565],[-84.32999,33.923868],[-84.32994,33.924154],[-84.329918,33.924534],[-84.329942,33.924746],[-84.329988,33.924912],[-84.330029,33.925019],[-84.330065,33.925123],[-84.330121,33.925223],[-84.330324,33.925448],[-84.330456,33.925545],[-84.330691,33.92569],[-84.330915,33.925773],[-84.331027,33.925803],[-84.331246,33.925838],[-84.331626,33.925876],[-84.331912,33.925898],[-84.332281,33.925898],[-84.332622,33.925918],[-84.332988,33.92597],[-84.332827,33.926213],[-84.332788,33.926283],[-84.33276,33.926365],[-84.332752,33.926488],[-84.332757,33.926759],[-84.332762,33.926871],[-84.332767,33.926966],[-84.332779,33.927011],[-84.332825,33.927109],[-84.332844,33.927205],[-84.332865,33.927415],[-84.332881,33.92748],[-84.332913,33.927571],[-84.332976,33.927689],[-84.333122,33.927942],[-84.333143,33.927981],[-84.333265,33.928132],[-84.33347,33.928388],[-84.333981,33.928808],[-84.334223,33.929151],[-84.334226,33.929207],[-84.334231,33.929284],[-84.334245,33.929532],[-84.334221,33.930295],[-84.334206,33.930789],[-84.334233,33.931019],[-84.334263,33.931157],[-84.334352,33.93133],[-84.334476,33.931481],[-84.334584,33.931568],[-84.334764,33.931663],[-84.33505,33.931713],[-84.3352,33.931715],[-84.335843,33.931673],[-84.337425,33.931568],[-84.337397,33.931179],[-84.337357,33.930806],[-84.337305,33.930551],[-84.337072,33.929541],[-84.337033,33.929168],[-84.337024,33.92894],[-84.336998,33.928364],[-84.336984,33.927823],[-84.337085,33.92654],[-84.337111,33.926355],[-84.337216,33.925588],[-84.337297,33.925269],[-84.337372,33.925118],[-84.338045,33.9237],[-84.338406,33.922863],[-84.338558,33.922528],[-84.338665,33.922276],[-84.338897,33.921749],[-84.339012,33.921312]]]]}},
{"type":"Feature","properties":{"GEOID":"13089021221"},"geometry":{"type":"MultiPolygon","coordinates":[[[[-84.34497,33.897823],[-84.345157,33.897763],[-84.344999,33.89745],[-84.344854,33.897244],[-84.344736,33.897106],[-84.34453,33.89689],[-84.344055,33.896525],[-84.343777,33.89635],[-84.343256,33.896136],[-84.342685,33.895868],[-84.341717,33.895495],[-84.341122,33.89532],[-84.339334,33.894711],[-84.337419,33.894099],[-84.336458,33.893754],[-84.335554,33.893488],[-84.334935,33.893312],[-84.334683,33.893258],[-84.334296,33.893214],[-84.333849,33.89319],[-84.333536,33.893198],[-84.333191,33.893238],[-84.33313,33.893231],[-84.331148,33.893428],[-84.331095,33.893443],[-84.330664,33.893495],[-84.329945,33.893542],[-84.32943,33.893538],[-84.329051,33.893502],[-84.328714,33.893452],[-84.327758,33.893255],[-84.326175,33.89227],[-84.325864,33.892953],[-84.325114,33.894606],[-84.324869,33.895051],[-84.32469,33.895414],[-84.324502,33.895661],[-84.32424,33.896005],[-84.323997,33.896269],[-84.323817,33.896442],[-84.323302,33.896919],[-84.32312,33.897049],[-84.322938,33.897221],[-84.322923,33.897234],[-84.322364,33.89773],[-84.322259,33.897861],[-84.321719,33.898638],[-84.321287,33.899213],[-84.321017,33.899468],[-84.320698,33.899694],[-84.320416,33.899807],[-84.320135,33.899862],[-84.319941,33.89986],[-84.319627,33.899851],[-84.319572,33.899849],[-84.319361,33.899849],[-84.318674,33.899847],[-84.317171,33.899835],[-84.315898,33.899779],[-84.314722,33.899831],[-84.3133,33.89992],[-84.311984,33.90013],[-84.311821,33.900486],[-84.311876,33.900497],[-84.312099,33.900588],[-84.312337,33.900698],[-84.312488,33.900805],[-84.312741,33.901036],[-84.313261,33.901658],[-84.313631,33.902165],[-84.314009,33.902481],[-84.314119,33.902569],[-84.314365,33.902719],[-84.31467,33.902847],[-84.314986,33.902918],[-84.315293,33.902957],[-84.315573,33.902939],[-84.315979,33.902907],[-84.316717,33.902722],[-84.317319,33.902583],[-84.318086,33.902316],[-84.318328,33.902213],[-84.318498,33.902129],[-84.318989,33.901912],[-84.319242,33.901829],[-84.319377,33.901803],[-84.319504,33.901778],[-84.319675,33.901761],[-84.320026,33.901725],[-84.320519,33.901704],[-84.320778,33.901742],[-84.321256,33.901865],[-84.321495,33.901934],[-84.322928,33.902335],[-84.323245,33.90239],[-84.323525,33.902372],[-84.323943,33.902261],[-84.324086,33.902215],[-84.324567,33.902041],[-84.325026,33.901858],[-84.325358,33.901721],[-84.325795,33.901602],[-84.325892,33.901604],[-84.326124,33.901561],[-84.326608,33.901515],[-84.326925,33.90153],[-84.327175,33.901575],[-84.327424,33.901629],[-84.328134,33.901741],[-84.328767,33.901827],[-84.328913,33.901851],[-84.329391,33.901929],[-84.329807,33.902012],[-84.330377,33.902247],[-84.33049,33.902293],[-84.330715,33.902385],[-84.330766,33.902406],[-84.3312,33.902599],[-84.331177,33.902775],[-84.33114,33.90314],[-84.331178,33.903549],[-84.331184,33.903574],[-84.331917,33.903349],[-84.332841,33.902974],[-84.333455,33.90279],[-84.333693,33.902753],[-84.334199,33.902764],[-84.334354,33.902683],[-84.334802,33.902397],[-84.33492,33.9024],[-84.335292,33.902394],[-84.335581,33.902329],[-84.336366,33.902065],[-84.336928,33.901922],[-84.337285,33.901873],[-84.337556,33.901823],[-84.337906,33.901742],[-84.338146,33.901606],[-84.338305,33.901398],[-84.338413,33.901175],[-84.33859,33.900911],[-84.338764,33.900746],[-84.33879,33.900658],[-84.338803,33.900569],[-84.338803,33.900479],[-84.33879,33.90039],[-84.338764,33.900302],[-84.338725,33.900218],[-84.338675,33.900139],[-84.338613,33.900065],[-84.338467,33.899931],[-84.338335,33.899789],[-84.338224,33.89965],[-84.337976,33.899475],[-84.337846,33.899303],[-84.337704,33.89899],[-84.337677,33.898778],[-84.337919,33.898601],[-84.338241,33.898565],[-84.33921,33.898375],[-84.339549,33.898312],[-84.340405,33.897996],[-84.340523,33.897953],[-84.340932,33.897849],[-84.341234,33.897797],[-84.341747,33.897711],[-84.34249,33.897741],[-84.342774,33.897818],[-84.343124,33.897995],[-84.343376,33.898014],[-84.343732,33.89798],[-84.344052,33.898015],[-84.344439,33.898051],[-84.344643,33.898013],[-84.344867,33.897891],[-84.34497,33.897823]]]]}},
{"type":"Feature","properties":{"GEOID":"13089021712"},"geometry":{"type":"MultiPolygon","coordinates":[[[[-84.276821,33.874025],[-84.277085,33.873669],[-84.277218,33.873539],[-84.277039,33.87342],[-84.276777,33.873247],[-84.27309,33.873403],[-84.27313,33.873378],[-84.27355,33.872923],[-84.273629,33.872558],[-84.273586,33.872318],[-84.273576,33.872078],[-84.273567,33.871853],[-84.273589,33.871698],[-84.273626,33.8716],[-84.273354,33.871651],[-84.273085,33.871631],[-84.272984,33.871598],[-84.272887,33.871558],[-84.272795,33.871511],[-84.272709,33.871457],[-84.272629,33.871396],[-84.272556,33.87133],[-84.272497,33.871254],[-84.272455,33.871171],[-84.27243,33.871084],[-84.27242,33.870994],[-84.272426,33.870904],[-84.272449,33.870816],[-84.272461,33.870727],[-84.272463,33.870637],[-84.27243,33.870552],[-84.272359,33.870484],[-84.272282,33.870421],[-84.2722,33.870362],[-84.272114,33.870307],[-84.272017,33.870269],[-84.271912,33.870248],[-84.271085,33.870248],[-84.270899,33.870258],[-84.270563,33.870222],[-84.27038,33.87012],[-84.270349,33.870034],[-84.270296,33.869956],[-84.270223,33.869889],[-84.270135,33.869837],[-84.270036,33.869802],[-84.269934,33.869772],[-84.269801,33.869741],[-84.268901,33.869369],[-84.268588,33.869214],[-84.268225,33.869036],[-84.267555,33.868705],[-84.266755,33.868243],[-84.266643,33.868178],[-84.265782,33.867623],[-84.265531,33.867547],[-84.265362,33.867572],[-84.264845,33.867884],[-84.264235,33.86827],[-84.264138,33.868333],[-84.263814,33.868453],[-84.263445,33.868374],[-84.263097,33.868155],[-84.262634,33.867849],[-84.262385,33.867731],[-84.261671,33.867582],[-84.260277,33.867888],[-84.260063,33.868177],[-84.259391,33.868759],[-84.25922,33.868844],[-84.258888,33.869011],[-84.258821,33.869045],[-84.258456,33.869258],[-84.257822,33.869824],[-84.257719,33.869917],[-84.25721,33.870256],[-84.256788,33.870442],[-84.256594,33.870528],[-84.256296,33.870574],[-84.255912,33.870422],[-84.255284,33.870084],[-84.255053,33.869969],[-84.254794,33.869839],[-84.254484,33.869806],[-84.253966,33.869924],[-84.25332,33.870157],[-84.252956,33.870343],[-84.252592,33.870517],[-84.252224,33.870821],[-84.251812,33.871058],[-84.251603,33.871261],[-84.251501,33.871532],[-84.251036,33.87147],[-84.250637,33.871266],[-84.250609,33.871238],[-84.250621,33.871333],[-84.250665,33.871545],[-84.250718,33.871722],[-84.250829,33.871902],[-84.251096,33.872308],[-84.251177,33.872412],[-84.2515,33.872826],[-84.251844,33.873227],[-84.252199,33.87372],[-84.252337,33.8739],[-84.252497,33.874199],[-84.252615,33.874462],[-84.252675,33.874696],[-84.252728,33.875343],[-84.252735,33.875646],[-84.252694,33.875885],[-84.252573,33.876234],[-84.252385,33.876568],[-84.252209,33.876775],[-84.251948,33.87703],[-84.251567,33.877353],[-84.251332,33.877552],[-84.251061,33.877796],[-84.250718,33.878059],[-84.250387,33.878312],[-84.250104,33.878454],[-84.249984,33.878502],[-84.249962,33.878511],[-84.249838,33.878561],[-84.249629,33.878619],[-84.249071,33.878826],[-84.24887,33.878901],[-84.24849,33.879002],[-84.24825,33.879103],[-84.248032,33.879212],[-84.24782,33.879354],[-84.247638,33.879497],[-84.24728,33.879863],[-84.247009,33.880216],[-84.246302,33.881144],[-84.245812,33.881675],[-84.245314,33.882189],[-84.245226,33.882307],[-84.245038,33.88264],[-84.244774,33.883146],[-84.244895,33.883207],[-84.245089,33.883291],[-84.245289,33.883401],[-84.245424,33.883481],[-84.245597,33.883607],[-84.245732,33.883719],[-84.245911,33.883896],[-84.246111,33.884125],[-84.246229,33.884269],[-84.24646,33.884518],[-84.246578,33.884668],[-84.246742,33.884838],[-84.246905,33.885015],[-84.246994,33.885119],[-84.247121,33.885238],[-84.247278,33.885357],[-84.247588,33.885503],[-84.24775,33.885544],[-84.247879,33.885569],[-84.248078,33.885592],[-84.248213,33.885602],[-84.249612,33.88559],[-84.250288,33.885585],[-84.250897,33.885557],[-84.251209,33.885571],[-84.251556,33.885571],[-84.251741,33.885575],[-84.251943,33.885578],[-84.251993,33.885579],[-84.252795,33.885562],[-84.253382,33.885564],[-84.253935,33.885566],[-84.253915,33.88529],[-84.25387,33.885112],[-84.253794,33.884975],[-84.253668,33.884812],[-84.252884,33.884027],[-84.251758,33.883192],[-84.251551,33.883002],[-84.251444,33.88289],[-84.251368,33.882745],[-84.251323,33.882558],[-84.251308,33.882381],[-84.251286,33.880917],[-84.251295,33.880896],[-84.2513,33.88077],[-84.251283,33.879395],[-84.2513,33.879176],[-84.251367,33.878983],[-84.251453,33.878816],[-84.251718,33.878528],[-84.251829,33.878445],[-84.252202,33.878164],[-84.252513,33.877929],[-84.252728,33.877841],[-84.252881,33.877811],[-84.253134,33.877791],[-84.254035,33.877778],[-84.257006,33.877827],[-84.25741,33.877844],[-84.257661,33.877892],[-84.257811,33.877946],[-84.257969,33.878068],[-84.258184,33.878292],[-84.258282,33.878412],[-84.258719,33.878992],[-84.258827,33.8789],[-84.259962,33.878537],[-84.261549,33.878037],[-84.262482,33.877889],[-84.263096,33.87772],[-84.263678,33.877465],[-84.26414,33.877278],[-84.264413,33.877185],[-84.264475,33.877102],[-84.264669,33.876839],[-84.264769,33.876679],[-84.264826,33.876603],[-84.264918,33.8765],[-84.266852,33.876891],[-84.266933,33.876908],[-84.267868,33.87716],[-84.268054,33.877193],[-84.268188,33.877227],[-84.268395,33.877296],[-84.268553,33.877395],[-84.268818,33.877495],[-84.269043,33.87754],[-84.269282,33.877545],[-84.269665,33.877514],[-84.269784,33.877538],[-84.269896,33.877579],[-84.27023,33.877581],[-84.27049,33.877642],[-84.270991,33.877842],[-84.271626,33.878191],[-84.272226,33.878451],[-84.272541,33.878606],[-84.272765,33.878751],[-84.273012,33.878913],[-84.273125,33.878749],[-84.275066,33.87625],[-84.275485,33.875754],[-84.276821,33.874025]]]]}},
{"type":"Feature","properties":{"GEOID":"13089021229"},"geometry":{"type":"MultiPolygon","coordinates":[[[[-84.338474,33.969986],[-84.338895,33.969695],[-84.33879,33.969377],[-84.338779,33.969345],[-84.338756,33.969276],[-84.338631,33.968914],[-84.338591,33.968797],[-84.338513,33.968573],[-84.338501,33.968475],[-84.338489,33.968299],[-84.338465,33.968133],[-84.338442,33.967932],[-84.338435,33.96779],[-84.338434,33.967629],[-84.338389,33.966705],[-84.338349,33.966294],[-84.338318,33.96578],[-84.338313,33.965399],[-84.338291,33.964959],[-84.338249,33.964498],[-84.338239,33.964387],[-84.33822,33.963876],[-84.33821,33.96361],[-84.338198,33.963489],[-84.338157,33.963066],[-84.337998,33.962516],[-84.337714,33.96186],[-84.337402,33.961155],[-84.336933,33.960156],[-84.336264,33.958733],[-84.336018,33.958161],[-84.3359,33.957736],[-84.335865,33.957532],[-84.335869,33.957101],[-84.335897,33.956831],[-84.335958,33.956528],[-84.335974,33.956468],[-84.336061,33.956134],[-84.336233,33.955595],[-84.336546,33.954572],[-84.336737,33.953884],[-84.33673,33.953866],[-84.336819,33.953285],[-84.336829,33.952989],[-84.336817,33.95271],[-84.336544,33.951048],[-84.336373,33.950046],[-84.33633,33.949775],[-84.336267,33.949529],[-84.336154,33.949247],[-84.335727,33.948317],[-84.335387,33.947515],[-84.335175,33.947138],[-84.334265,33.946071],[-84.333721,33.946287],[-84.333444,33.946388],[-84.333086,33.94651],[-84.33284,33.946581],[-84.332532,33.946684],[-84.332123,33.946802],[-84.331756,33.94687],[-84.331522,33.946899],[-84.33083,33.94696],[-84.329151,33.94716],[-84.328224,33.947284],[-84.327723,33.947408],[-84.327323,33.947543],[-84.326399,33.94792],[-84.324624,33.948583],[-84.324692,33.948982],[-84.324828,33.9495],[-84.324872,33.949721],[-84.324965,33.950002],[-84.325088,33.950275],[-84.325454,33.951213],[-84.325648,33.951825],[-84.3257,33.952088],[-84.325661,33.952375],[-84.325592,33.952644],[-84.325485,33.953453],[-84.325531,33.953927],[-84.325602,33.95458],[-84.325691,33.9553],[-84.325818,33.956418],[-84.325888,33.957113],[-84.325955,33.957562],[-84.326055,33.958266],[-84.326107,33.958554],[-84.326128,33.958842],[-84.326119,33.958982],[-84.326107,33.959197],[-84.326103,33.959277],[-84.326091,33.959621],[-84.325886,33.959631],[-84.325606,33.9596],[-84.325379,33.959546],[-84.324919,33.959444],[-84.324779,33.959421],[-84.324651,33.959389],[-84.324388,33.959369],[-84.324295,33.959357],[-84.324148,33.959358],[-84.324036,33.959366],[-84.323829,33.95943],[-84.323704,33.95949],[-84.323615,33.959547],[-84.323519,33.959599],[-84.323412,33.95964],[-84.323306,33.959672],[-84.323123,33.959712],[-84.323006,33.95971],[-84.322831,33.959691],[-84.322544,33.959665],[-84.322421,33.959668],[-84.322309,33.959685],[-84.322226,33.959707],[-84.322149,33.95974],[-84.321945,33.959892],[-84.321753,33.960054],[-84.321656,33.96013],[-84.32159,33.960201],[-84.321553,33.960259],[-84.321527,33.960332],[-84.321513,33.96041],[-84.321524,33.960605],[-84.321551,33.960684],[-84.321612,33.960788],[-84.32173,33.960952],[-84.322083,33.961492],[-84.322167,33.961596],[-84.32256,33.962156],[-84.32209,33.962371],[-84.321749,33.962531],[-84.321394,33.962698],[-84.321239,33.962782],[-84.321126,33.962828],[-84.321056,33.962842],[-84.320962,33.962844],[-84.320862,33.962852],[-84.320861,33.963057],[-84.320924,33.963308],[-84.321084,33.963428],[-84.321165,33.963474],[-84.321407,33.963592],[-84.321511,33.963657],[-84.321561,33.963727],[-84.321605,33.963811],[-84.32162,33.963904],[-84.321618,33.963982],[-84.321352,33.964616],[-84.321281,33.96481],[-84.321237,33.964911],[-84.321062,33.964888],[-84.320857,33.964879],[-84.320476,33.96488],[-84.320358,33.964907],[-84.320133,33.964975],[-84.319265,33.965376],[-84.318789,33.965605],[-84.318562,33.965727],[-84.318363,33.965908],[-84.318233,33.966047],[-84.318125,33.966325],[-84.317877,33.966574],[-84.318101,33.966773],[-84.318237,33.966871],[-84.318288,33.966898],[-84.318355,33.966934],[-84.31848,33.966985],[-84.318571,33.967007],[-84.318844,33.967076],[-84.319327,33.967186],[-84.319622,33.967258],[-84.320124,33.967371],[-84.320477,33.967421],[-84.320752,33.967442],[-84.321007,33.967439],[-84.321324,33.967425],[-84.322047,33.967349],[-84.322844,33.967255],[-84.323159,33.967245],[-84.323249,33.967242],[-84.323381,33.967238],[-84.323404,33.96724],[-84.323516,33.967236],[-84.323678,33.967212],[-84.323831,33.967223],[-84.324042,33.967214],[-84.324355,33.9672],[-84.324425,33.967197],[-84.324615,33.967202],[-84.324757,33.967206],[-84.325095,33.967249],[-84.325695,33.967371],[-84.326451,33.967539],[-84.326479,33.967545],[-84.326974,33.967664],[-84.327148,33.967714],[-84.327435,33.9678],[-84.328424,33.968149],[-84.329339,33.968518],[-84.329861,33.968698],[-84.330949,33.969005],[-84.331427,33.96913],[-84.331614,33.969179],[-84.331702,33.969203],[-84.332019,33.969292],[-84.332725,33.969471],[-84.332753,33.969479],[-84.332992,33.969552],[-84.333138,33.969596],[-84.333336,33.969656],[-84.333848,33.969803],[-84.333949,33.969832],[-84.33472,33.970049],[-84.334983,33.970136],[-84.335238,33.970232],[-84.335267,33.970245],[-84.33565,33.97042],[-84.33596,33.970563],[-84.336153,33.970652],[-84.336305,33.970722],[-84.33638,33.970747],[-84.336487,33.970784],[-84.33665,33.970854],[-84.336678,33.970866],[-84.336717,33.970883],[-84.336812,33.970911],[-84.336904,33.970924],[-84.336974,33.970929],[-84.337044,33.970929],[-84.337114,33.970923],[-84.337183,33.970911],[-84.33725,33.970893],[-84.337335,33.97088],[-84.337385,33.970836],[-84.337636,33.970624],[-84.337855,33.970439],[-84.338259,33.970096],[-84.338474,33.969986]]]]}},
{"type":"Feature","properties":{"GEOID":"13089021709"},"geometry":{"type":"MultiPolygon","coordinates":[[[[-84.283959,33.8586],[-84.26599,33.8586],[-84.266054,33.858883],[-84.266153,33.859274],[-84.266228,33.859479],[-84.266333,33.859684],[-84.266537,33.859942],[-84.266753,33.860166],[-84.267078,33.860436],[-84.26758,33.860835],[-84.26767,33.860939],[-84.267848,33.861078],[-84.268815,33.861894],[-84.269761,33.862735],[-84.270481,33.863334],[-84.271357,33.863835],[-84.272401,33.864467],[-84.273546,33.865084],[-84.274255,33.865412],[-84.274468,33.865087],[-84.274619,33.864803],[-84.274774,33.864416],[-84.274964,33.864444],[-84.275103,33.864478],[-84.275319,33.864575],[-84.275787,33.864799],[-84.276236,33.865161],[-84.276523,33.865337],[-84.276641,33.865413],[-84.276947,33.865811],[-84.277332,33.866406],[-84.277471,33.866762],[-84.277465,33.866949],[-84.277391,33.867108],[-84.277388,33.867138],[-84.277382,33.867198],[-84.277394,33.867287],[-84.277426,33.867373],[-84.277478,33.867452],[-84.277546,33.867522],[-84.277628,33.867581],[-84.277714,33.867635],[-84.277882,33.86773],[-84.27781,33.867881],[-84.277655,33.868057],[-84.277287,33.868394],[-84.277151,33.86854],[-84.277027,33.868623],[-84.276724,33.868874],[-84.276612,33.868966],[-84.276503,33.869144],[-84.276413,33.869318],[-84.276273,33.869469],[-84.276127,33.869565],[-84.276016,33.869562],[-84.275811,33.869642],[-84.275553,33.869792],[-84.275371,33.869843],[-84.275229,33.869883],[-84.275057,33.870006],[-84.274878,33.870326],[-84.274718,33.870576],[-84.274474,33.870796],[-84.274281,33.871017],[-84.273966,33.87139],[-84.273626,33.8716],[-84.273589,33.871698],[-84.273567,33.871853],[-84.273576,33.872078],[-84.273586,33.872318],[-84.273629,33.872558],[-84.27355,33.872923],[-84.27313,33.873378],[-84.27309,33.873403],[-84.276777,33.873247],[-84.277039,33.87342],[-84.277218,33.873539],[-84.277491,33.873274],[-84.277916,33.872905],[-84.278299,33.872602],[-84.278691,33.872333],[-84.27971,33.871682],[-84.28244,33.869908],[-84.283347,33.869314],[-84.284069,33.868799],[-84.284379,33.868562],[-84.285001,33.868037],[-84.285977,33.867184],[-84.287076,33.866232],[-84.288694,33.864819],[-84.288861,33.86467],[-84.288656,33.86447],[-84.288335,33.864202],[-84.288083,33.863948],[-84.287394,33.86299],[-84.286787,33.861976],[-84.286727,33.861876],[-84.286676,33.861814],[-84.286474,33.861405],[-84.286373,33.861217],[-84.28617,33.860908],[-84.285701,33.860366],[-84.284512,33.859224],[-84.283959,33.8586]]]]}},
{"type":"Feature","properties":{"GEOID":"13089021222"},"geometry":{"type":"MultiPolygon","coordinates":[[[[-84.327943,33.87522],[-84.327953,33.875125],[-84.327958,33.87508],[-84.327198,33.875534],[-84.326746,33.875789],[-84.325971,33.876243],[-84.325501,33.876525],[-84.325221,33.876692],[-84.324602,33.877044],[-84.324506,33.877106],[-84.322839,33.878078],[-84.322163,33.878485],[-84.321924,33.878632],[-84.321825,33.878693],[-84.32191,33.878667],[-84.321985,33.878644],[-84.322111,33.878607],[-84.322233,33.878572],[-84.322246,33.878584],[-84.322343,33.878672],[-84.322477,33.878793],[-84.322197,33.879095],[-84.32185,33.879508],[-84.321763,33.879599],[-84.320959,33.880481],[-84.320588,33.88088],[-84.320074,33.881264],[-84.319741,33.881501],[-84.319412,33.881691],[-84.31923,33.881797],[-84.31871,33.882065],[-84.3185,33.882189],[-84.318364,33.88227],[-84.317846,33.882635],[-84.317746,33.88273],[-84.317541,33.882873],[-84.317379,33.88302],[-84.317196,33.883203],[-84.31694,33.883503],[-84.316866,33.883609],[-84.316852,33.883623],[-84.315254,33.886002],[-84.314123,33.887664],[-84.313837,33.888023],[-84.313486,33.888414],[-84.313195,33.888667],[-84.312922,33.888894],[-84.3109,33.890494],[-84.310115,33.89109],[-84.309152,33.891825],[-84.30737,33.893205],[-84.30595,33.894302],[-84.304579,33.895614],[-84.304596,33.895726],[-84.304748,33.896687],[-84.304834,33.897531],[-84.304838,33.897698],[-84.304887,33.898084],[-84.304963,33.898434],[-84.305093,33.898712],[-84.305276,33.898978],[-84.305494,33.899251],[-84.305822,33.899607],[-84.306145,33.899875],[-84.306502,33.900179],[-84.306679,33.90033],[-84.307233,33.900697],[-84.307685,33.90098],[-84.308164,33.90128],[-84.30854,33.901133],[-84.310236,33.900656],[-84.31062,33.900537],[-84.311054,33.900455],[-84.311341,33.900433],[-84.311586,33.900453],[-84.311821,33.900486],[-84.311984,33.90013],[-84.3133,33.89992],[-84.314722,33.899831],[-84.315898,33.899779],[-84.317171,33.899835],[-84.318674,33.899847],[-84.319361,33.899849],[-84.319572,33.899849],[-84.319627,33.899851],[-84.319941,33.89986],[-84.320135,33.899862],[-84.320416,33.899807],[-84.320698,33.899694],[-84.321017,33.899468],[-84.321287,33.899213],[-84.321719,33.898638],[-84.322259,33.897861],[-84.322364,33.89773],[-84.322923,33.897234],[-84.322938,33.897221],[-84.32312,33.897049],[-84.323302,33.896919],[-84.323817,33.896442],[-84.323997,33.896269],[-84.32424,33.896005],[-84.324502,33.895661],[-84.32469,33.895414],[-84.324869,33.895051],[-84.325114,33.894606],[-84.325864,33.892953],[-84.326175,33.89227],[-84.325976,33.891897],[-84.325865,33.89164],[-84.325733,33.891277],[-84.325338,33.890132],[-84.325166,33.889669],[-84.325051,33.889256],[-84.324856,33.888692],[-84.324832,33.888595],[-84.324796,33.888444],[-84.324768,33.888238],[-84.324736,33.88792],[-84.324744,33.887404],[-84.324777,33.88715],[-84.324801,33.887058],[-84.324854,33.886855],[-84.324893,33.88677],[-84.324954,33.886638],[-84.325248,33.886171],[-84.32545,33.885942],[-84.325748,33.885623],[-84.326045,33.885347],[-84.326183,33.885248],[-84.326474,33.884978],[-84.326716,33.884754],[-84.326891,33.884567],[-84.32699,33.884407],[-84.327036,33.884273],[-84.327075,33.884112],[-84.327106,33.883943],[-84.327083,33.883819],[-84.327021,33.883142],[-84.327011,33.882911],[-84.327001,33.882689],[-84.32705,33.882196],[-84.327085,33.881603],[-84.327129,33.8813],[-84.327266,33.880441],[-84.327349,33.88015],[-84.327419,33.879825],[-84.327576,33.879164],[-84.32767,33.878601],[-84.327725,33.878185],[-84.327745,33.877858],[-84.32776,33.877592],[-84.327764,33.876914],[-84.327796,33.876434],[-84.327852,33.876025],[-84.327926,33.875364],[-84.327943,33.87522]]]]}},
{"type":"Feature","properties":{"GEOID":"13089021711"},"geometry":{"type":"MultiPolygon","coordinates":[[[[-84.271945,33.88017],[-84.273012,33.878913],[-84.272765,33.878751],[-84.272541,33.878606],[-84.272226,33.878451],[-84.271626,33.878191],[-84.270991,33.877842],[-84.27049,33.877642],[-84.27023,33.877581],[-84.269896,33.877579],[-84.269784,33.877538],[-84.269665,33.877514],[-84.269282,33.877545],[-84.269043,33.87754],[-84.268818,33.877495],[-84.268553,33.877395],[-84.268395,33.877296],[-84.268188,33.877227],[-84.268054,33.877193],[-84.267868,33.87716],[-84.266933,33.876908],[-84.266852,33.876891],[-84.264918,33.8765],[-84.264826,33.876603],[-84.264769,33.876679],[-84.264669,33.876839],[-84.264475,33.877102],[-84.264413,33.877185],[-84.26414,33.877278],[-84.263678,33.877465],[-84.263096,33.87772],[-84.262482,33.877889],[-84.261549,33.878037],[-84.259962,33.878537],[-84.258827,33.8789],[-84.258719,33.878992],[-84.258282,33.878412],[-84.258184,33.878292],[-84.257969,33.878068],[-84.257811,33.877946],[-84.257661,33.877892],[-84.25741,33.877844],[-84.257006,33.877827],[-84.254035,33.877778],[-84.253134,33.877791],[-84.252881,33.877811],[-84.252728,33.877841],[-84.252513,33.877929],[-84.252202,33.878164],[-84.251829,33.878445],[-84.251718,33.878528],[-84.251453,33.878816],[-84.251367,33.878983],[-84.2513,33.879176],[-84.251283,33.879395],[-84.2513,33.88077],[-84.251295,33.880896],[-84.251286,33.880917],[-84.251308,33.882381],[-84.251323,33.882558],[-84.251368,33.882745],[-84.251444,33.88289],[-84.251551,33.883002],[-84.251758,33.883192],[-84.252884,33.884027],[-84.253668,33.884812],[-84.253794,33.884975],[-84.25387,33.885112],[-84.253915,33.88529],[-84.253935,33.885566],[-84.253382,33.885564],[-84.252795,33.885562],[-84.251993,33.885579],[-84.251943,33.885578],[-84.251741,33.885575],[-84.251556,33.885571],[-84.251209,33.885571],[-84.250897,33.885557],[-84.250288,33.885585],[-84.249612,33.88559],[-84.248213,33.885602],[-84.248078,33.885592],[-84.247879,33.885569],[-84.248082,33.886204],[-84.248291,33.88686],[-84.248727,33.88774],[-84.248801,33.887906],[-84.249018,33.888395],[-84.249329,33.888972],[-84.249843,33.890083],[-84.250333,33.890854],[-84.250447,33.891061],[-84.250581,33.891536],[-84.250618,33.891959],[-84.250654,33.893214],[-84.250668,33.893708],[-84.250682,33.894193],[-84.250675,33.894415],[-84.250669,33.894602],[-84.250618,33.895122],[-84.250579,33.895403],[-84.250552,33.895592],[-84.25057,33.895997],[-84.250585,33.896333],[-84.250637,33.896664],[-84.250641,33.896691],[-84.250655,33.896778],[-84.250675,33.896961],[-84.250707,33.897258],[-84.25131,33.896837],[-84.251439,33.896755],[-84.252673,33.895972],[-84.253066,33.895724],[-84.254423,33.894864],[-84.254681,33.894708],[-84.257967,33.892716],[-84.258567,33.892315],[-84.258766,33.892192],[-84.259211,33.891964],[-84.259418,33.891834],[-84.259817,33.891609],[-84.260026,33.891479],[-84.260206,33.891367],[-84.263661,33.889217],[-84.263778,33.889142],[-84.264427,33.88876],[-84.264931,33.888417],[-84.265803,33.8877],[-84.266127,33.887388],[-84.266399,33.887111],[-84.266709,33.886763],[-84.266984,33.886454],[-84.267084,33.886383],[-84.267233,33.886166],[-84.268382,33.884643],[-84.270787,33.881667],[-84.271945,33.88017]]]]}},
{"type":"Feature","properties":{"GEOID":"13089021819"},"geometry":{"type":"MultiPolygon","coordinates":[[[[-84.23737,33.8586],[-84.23737,33.865761],[-84.237695,33.865951],[-84.237973,33.866046],[-84.238157,33.866109],[-84.238524,33.866202],[-84.238871,33.866289],[-84.239716,33.866472],[-84.24004,33.866535],[-84.240932,33.866709],[-84.241489,33.866831],[-84.241961,33.866974],[-84.242982,33.867176],[-84.243353,33.867255],[-84.243828,33.867374],[-84.244104,33.867443],[-84.244847,33.867569],[-84.245471,33.867653],[-84.245759,33.867698],[-84.246123,33.867722],[-84.246497,33.867714],[-84.247324,33.867739],[-84.249289,33.867802],[-84.249517,33.867809],[-84.249271,33.866529],[-84.24907,33.865665],[-84.248866,33.864675],[-84.248178,33.861875],[-84.247985,33.861091],[-84.247606,33.859517],[-84.247385,33.8586],[-84.23737,33.8586]]]]}},
{"type":"Feature","properties":{"GEOID":"13089021816"},"geometry":{"type":"MultiPolygon","coordinates":[[[[-84.23737,33.891056],[-84.23737,33.894915],[-84.237853,33.894977],[-84.238492,33.895076],[-84.238811,33.895118],[-84.239055,33.895159],[-84.2399,33.895389],[-84.241004,33.895723],[-84.241204,33.89582],[-84.241486,33.895967],[-84.241776,33.896156],[-84.242014,33.896359],[-84.242243,33.896589],[-84.242397,33.89679],[-84.242509,33.89699],[-84.242644,33.897253],[-84.242714,33.897445],[-84.242843,33.897774],[-84.243226,33.89766],[-84.243575,33.89752],[-84.244017,33.897374],[-84.244282,33.897206],[-84.244653,33.897023],[-84.244897,33.896889],[-84.245152,33.896722],[-84.24531,33.896656],[-84.245555,33.896591],[-84.246461,33.896358],[-84.246617,33.896249],[-84.246958,33.896192],[-84.246955,33.895925],[-84.246728,33.895932],[-84.246721,33.895273],[-84.246721,33.89525],[-84.246708,33.893848],[-84.247017,33.893525],[-84.24701,33.893105],[-84.24695,33.89311],[-84.246689,33.893076],[-84.246488,33.893022],[-84.246221,33.892917],[-84.246048,33.89278],[-84.245955,33.892683],[-84.245738,33.892463],[-84.244992,33.892079],[-84.244923,33.892043],[-84.244577,33.891782],[-84.244323,33.89153],[-84.244128,33.891307],[-84.243551,33.89059],[-84.242746,33.889635],[-84.242449,33.88941],[-84.242307,33.889358],[-84.242106,33.889304],[-84.241821,33.889262],[-84.241234,33.88922],[-84.240479,33.889232],[-84.239803,33.889252],[-84.23954,33.889289],[-84.239343,33.889347],[-84.239138,33.889434],[-84.238757,33.889595],[-84.238246,33.889858],[-84.23798,33.89],[-84.237832,33.890131],[-84.2377,33.89029],[-84.237575,33.890505],[-84.237447,33.890798],[-84.23737,33.891056]]]]}},
{"type":"Feature","properties":{"GEOID":"13089021103"},"geometry":{"type":"MultiPolygon","coordinates":[[[[-84.348238,33.875586],[-84.348239,33.874858],[-84.348239,33.873624],[-84.348237,33.873505],[-84.348237,33.873258],[-84.348234,33.872509],[-84.348236,33.872421],[-84.348233,33.869481],[-84.348232,33.869464],[-84.348231,33.869403],[-84.348218,33.868703],[-84.348213,33.86831],[-84.348205,33.867792],[-84.348194,33.867129],[-84.348189,33.866782],[-84.348185,33.866588],[-84.348177,33.866041],[-84.348173,33.86592],[-84.348163,33.865203],[-84.348126,33.865199],[-84.347563,33.865137],[-84.347458,33.865115],[-84.347358,33.865081],[-84.347151,33.865027],[-84.347044,33.865014],[-84.346937,33.865011],[-84.346829,33.865023],[-84.346725,33.865043],[-84.346638,33.865095],[-84.346584,33.865173],[-84.346519,33.865245],[-84.346499,33.865333],[-84.346528,33.865419],[-84.346574,33.865501],[-84.346608,33.865542],[-84.346605,33.865758],[-84.346693,33.866358],[-84.346626,33.86644],[-84.346549,33.866503],[-84.346479,33.866571],[-84.346417,33.866645],[-84.346361,33.866722],[-84.346311,33.866802],[-84.346267,33.866884],[-84.34623,33.866969],[-84.346199,33.867055],[-84.346161,33.86714],[-84.346105,33.867245],[-84.346022,33.867384],[-84.345967,33.867461],[-84.345845,33.86761],[-84.345706,33.867748],[-84.345552,33.867875],[-84.345385,33.867989],[-84.344966,33.868245],[-84.344398,33.868596],[-84.343664,33.869029],[-84.343585,33.86909],[-84.343512,33.869157],[-84.343447,33.869229],[-84.343389,33.869305],[-84.34334,33.869385],[-84.343146,33.869736],[-84.34292,33.869902],[-84.342643,33.870047],[-84.342443,33.870157],[-84.342214,33.870215],[-84.342043,33.870285],[-84.341988,33.870308],[-84.341953,33.870323],[-84.341571,33.870424],[-84.341544,33.870109],[-84.341507,33.869832],[-84.34149,33.869699],[-84.341468,33.869603],[-84.341468,33.869494],[-84.341343,33.869207],[-84.341188,33.868988],[-84.34097,33.868811],[-84.340821,33.868726],[-84.340575,33.868594],[-84.340407,33.86848],[-84.340122,33.86828],[-84.33993,33.868101],[-84.339737,33.867919],[-84.339667,33.867843],[-84.339625,33.867765],[-84.339532,33.867658],[-84.339422,33.867531],[-84.33917,33.867292],[-84.339107,33.867226],[-84.338587,33.866672],[-84.338493,33.866573],[-84.338305,33.86634],[-84.338179,33.866191],[-84.338009,33.866024],[-84.3379,33.865917],[-84.337471,33.865519],[-84.337284,33.865369],[-84.336985,33.865172],[-84.336892,33.865116],[-84.336829,33.865078],[-84.336507,33.865717],[-84.335268,33.867468],[-84.333947,33.869311],[-84.33368,33.869671],[-84.333235,33.870271],[-84.332105,33.871678],[-84.331808,33.87205],[-84.331189,33.872757],[-84.330917,33.873029],[-84.330468,33.873441],[-84.330304,33.873565],[-84.330144,33.873684],[-84.329908,33.873863],[-84.329587,33.874096],[-84.329151,33.874377],[-84.328581,33.874708],[-84.327958,33.87508],[-84.327953,33.875125],[-84.327943,33.87522],[-84.327926,33.875364],[-84.327852,33.876025],[-84.327796,33.876434],[-84.327764,33.876914],[-84.32776,33.877592],[-84.327745,33.877858],[-84.327725,33.878185],[-84.32767,33.878601],[-84.327576,33.879164],[-84.327419,33.879825],[-84.327349,33.88015],[-84.327266,33.880441],[-84.328452,33.880438],[-84.330021,33.880387],[-84.330895,33.880317],[-84.331565,33.880286],[-84.331678,33.880281],[-84.332927,33.880416],[-84.333221,33.880506],[-84.333254,33.880515],[-84.333683,33.880636],[-84.334176,33.880845],[-84.334369,33.880888],[-84.334454,33.880907],[-84.334682,33.880934],[-84.33487,33.880888],[-84.335135,33.880795],[-84.335694,33.880546],[-84.336496,33.880358],[-84.337297,33.880206],[-84.337782,33.88016],[-84.338526,33.880204],[-84.33948,33.880309],[-84.340248,33.880425],[-84.342187,33.880735],[-84.344581,33.881133],[-84.34545,33.881283],[-84.345703,33.881305],[-84.34607,33.881371],[-84.346746,33.881542],[-84.347485,33.881782],[-84.348028,33.882058],[-84.34807,33.88208],[-84.348089,33.88209],[-84.348124,33.882108],[-84.34809,33.882037],[-84.348091,33.88191],[-84.348098,33.881362],[-84.348114,33.880129],[-84.348138,33.879316],[-84.348167,33.877873],[-84.348227,33.876127],[-84.348238,33.875586]]]]}},
{"type":"Feature","properties":{"GEOID":"13089021219"},"geometry":{"type":"MultiPolygon","coordinates":[[[[-84.347944,33.906682],[-84.348008,33.90491],[-84.348006,33.904855],[-84.34797,33.903511],[-84.347987,33.902308],[-84.347887,33.902135],[-84.347645,33.901684],[-84.347372,33.901174],[-84.346743,33.900202],[-84.345226,33.8979],[-84.345157,33.897763],[-84.34497,33.897823],[-84.344867,33.897891],[-84.344643,33.898013],[-84.344439,33.898051],[-84.344052,33.898015],[-84.343732,33.89798],[-84.343376,33.898014],[-84.343124,33.897995],[-84.342774,33.897818],[-84.34249,33.897741],[-84.341747,33.897711],[-84.341234,33.897797],[-84.340932,33.897849],[-84.340523,33.897953],[-84.340405,33.897996],[-84.339549,33.898312],[-84.33921,33.898375],[-84.338241,33.898565],[-84.337919,33.898601],[-84.337677,33.898778],[-84.337704,33.89899],[-84.337846,33.899303],[-84.337976,33.899475],[-84.338224,33.89965],[-84.338335,33.899789],[-84.338467,33.899931],[-84.338613,33.900065],[-84.338675,33.900139],[-84.338725,33.900218],[-84.338764,33.900302],[-84.33879,33.90039],[-84.338803,33.900479],[-84.338803,33.900569],[-84.33879,33.900658],[-84.338764,33.900746],[-84.33859,33.900911],[-84.338413,33.901175],[-84.338305,33.901398],[-84.338146,33.901606],[-84.337906,33.901742],[-84.337556,33.901823],[-84.337285,33.901873],[-84.336928,33.901922],[-84.336366,33.902065],[-84.335581,33.902329],[-84.335292,33.902394],[-84.33492,33.9024],[-84.334802,33.902397],[-84.334354,33.902683],[-84.334199,33.902764],[-84.333693,33.902753],[-84.333455,33.90279],[-84.332841,33.902974],[-84.331917,33.903349],[-84.331184,33.903574],[-84.331245,33.903854],[-84.331385,33.904223],[-84.331788,33.90514],[-84.331968,33.905574],[-84.331759,33.905693],[-84.331383,33.905927],[-84.331279,33.906003],[-84.330709,33.90642],[-84.330269,33.906706],[-84.329837,33.907014],[-84.329318,33.907397],[-84.329059,33.907596],[-84.328765,33.907804],[-84.328635,33.907896],[-84.328173,33.908237],[-84.328116,33.908279],[-84.327753,33.908546],[-84.327168,33.908907],[-84.326944,33.90905],[-84.326515,33.909238],[-84.326336,33.909304],[-84.326014,33.909347],[-84.325709,33.909361],[-84.325177,33.909342],[-84.324008,33.909317],[-84.322535,33.909285],[-84.321952,33.909279],[-84.321775,33.909297],[-84.321503,33.909333],[-84.321332,33.909393],[-84.321161,33.909459],[-84.320972,33.909554],[-84.320774,33.909676],[-84.320637,33.909751],[-84.320093,33.910199],[-84.319107,33.910958],[-84.318949,33.911097],[-84.318716,33.911206],[-84.318114,33.911377],[-84.317563,33.911564],[-84.31733,33.91168],[-84.31719,33.911797],[-84.31703,33.912],[-84.316798,33.912321],[-84.316746,33.912377],[-84.316632,33.912474],[-84.316432,33.912583],[-84.316209,33.912657],[-84.316029,33.912674],[-84.315851,33.912649],[-84.315699,33.91261],[-84.315531,33.912528],[-84.315339,33.91241],[-84.31514,33.91225],[-84.314956,33.912139],[-84.314807,33.912257],[-84.314691,33.912425],[-84.314635,33.912594],[-84.314575,33.912855],[-84.314464,33.913151],[-84.314311,33.913411],[-84.313647,33.914476],[-84.313873,33.914538],[-84.314342,33.914749],[-84.314619,33.914933],[-84.314675,33.91497],[-84.314761,33.915082],[-84.315238,33.915632],[-84.315385,33.915827],[-84.315686,33.916289],[-84.31578,33.916447],[-84.315904,33.916657],[-84.31596,33.91688],[-84.31597,33.91694],[-84.316017,33.917231],[-84.316011,33.917332],[-84.315985,33.917439],[-84.315952,33.91758],[-84.315894,33.917799],[-84.315745,33.918145],[-84.315447,33.918836],[-84.315159,33.919508],[-84.315086,33.919649],[-84.314796,33.920211],[-84.317329,33.920203],[-84.320844,33.920202],[-84.325803,33.920197],[-84.327702,33.92016],[-84.328441,33.920145],[-84.329439,33.920089],[-84.330472,33.920006],[-84.331338,33.919898],[-84.332528,33.919642],[-84.333048,33.919491],[-84.334607,33.919027],[-84.337898,33.918047],[-84.338187,33.917961],[-84.338411,33.917893],[-84.342946,33.91651],[-84.343312,33.916396],[-84.343515,33.916333],[-84.346479,33.915407],[-84.347126,33.915206],[-84.34724,33.915175],[-84.347261,33.915169],[-84.347769,33.915041],[-84.347891,33.91501],[-84.347886,33.914673],[-84.347885,33.914098],[-84.347878,33.912593],[-84.347879,33.912531],[-84.34788,33.912429],[-84.347887,33.910849],[-84.347892,33.910589],[-84.347899,33.909082],[-84.347906,33.907833],[-84.347944,33.906682]]]]}},
{"type":"Feature","properties":{"GEOID":"13121010106"},"geometry":{"type":"MultiPolygon","coordinates":[[[[-84.341461,33.983041],[-84.341618,33.982714],[-84.34186,33.982251],[-84.341605,33.982262],[-84.341167,33.982276],[-84.341109,33.982268],[-84.340897,33.982261],[-84.340618,33.982225],[-84.340459,33.982204],[-84.340829,33.981743],[-84.341017,33.98148],[-84.341063,33.981368],[-84.341094,33.981244],[-84.341111,33.981098],[-84.341108,33.980971],[-84.341081,33.980805],[-84.34093,33.980263],[-84.340907,33.980118],[-84.340898,33.979965],[-84.340906,33.979806],[-84.341008,33.978842],[-84.341288,33.977151],[-84.341376,33.976437],[-84.341384,33.976115],[-84.341364,33.975748],[-84.341299,33.975307],[-84.341254,33.975193],[-84.341162,33.974847],[-84.341139,33.974685],[-84.340916,33.9739],[-84.340785,33.973395],[-84.34076,33.973211],[-84.340682,33.972934],[-84.340607,33.972674],[-84.340511,33.972477],[-84.34044,33.972373],[-84.339981,33.971577],[-84.339839,33.971388],[-84.339536,33.971043],[-84.337354,33.970881],[-84.337335,33.97088],[-84.33725,33.970893],[-84.337183,33.970911],[-84.337114,33.970923],[-84.337044,33.970929],[-84.336974,33.970929],[-84.336904,33.970924],[-84.336812,33.970911],[-84.336717,33.970883],[-84.336678,33.970866],[-84.33665,33.970854],[-84.336487,33.970784],[-84.33638,33.970747],[-84.336305,33.970722],[-84.336153,33.970652],[-84.33596,33.970563],[-84.33565,33.97042],[-84.335267,33.970245],[-84.335238,33.970232],[-84.334983,33.970136],[-84.33472,33.970049],[-84.333949,33.969832],[-84.333848,33.969803],[-84.333336,33.969656],[-84.333138,33.969596],[-84.332992,33.969552],[-84.332753,33.969479],[-84.332725,33.969471],[-84.332019,33.969292],[-84.331702,33.969203],[-84.331614,33.969179],[-84.331427,33.96913],[-84.330949,33.969005],[-84.329861,33.968698],[-84.329339,33.968518],[-84.328424,33.968149],[-84.327435,33.9678],[-84.327148,33.967714],[-84.326974,33.967664],[-84.326479,33.967545],[-84.326451,33.967539],[-84.325695,33.967371],[-84.325095,33.967249],[-84.324757,33.967206],[-84.324615,33.967202],[-84.324425,33.967197],[-84.324355,33.9672],[-84.324042,33.967214],[-84.323831,33.967223],[-84.323678,33.967212],[-84.323516,33.967236],[-84.323404,33.96724],[-84.323381,33.967238],[-84.323249,33.967242],[-84.323159,33.967245],[-84.322844,33.967255],[-84.322047,33.967349],[-84.321324,33.967425],[-84.321007,33.967439],[-84.320752,33.967442],[-84.320477,33.967421],[-84.320124,33.967371],[-84.319622,33.967258],[-84.319327,33.967186],[-84.318844,33.967076],[-84.318571,33.967007],[-84.31848,33.966985],[-84.318355,33.966934],[-84.318288,33.966898],[-84.318237,33.966871],[-84.318101,33.966773],[-84.317877,33.966574],[-84.317714,33.966429],[-84.31759,33.966342],[-84.317456,33.966267],[-84.317264,33.966185],[-84.317086,33.966132],[-84.316562,33.966046],[-84.316474,33.96675],[-84.316423,33.966887],[-84.316348,33.967003],[-84.316237,33.967113],[-84.316114,33.967195],[-84.315351,33.967551],[-84.3151,33.967669],[-84.314937,33.967734],[-84.314741,33.9678],[-84.31454,33.967853],[-84.314217,33.967912],[-84.313403,33.968003],[-84.313575,33.968987],[-84.31359,33.969166],[-84.313586,33.969346],[-84.313563,33.969517],[-84.31315,33.971204],[-84.313127,33.971346],[-84.313121,33.971489],[-84.313133,33.971613],[-84.31322,33.971868],[-84.31332,33.972063],[-84.313461,33.972271],[-84.313694,33.972596],[-84.313747,33.972688],[-84.313787,33.972786],[-84.313815,33.972894],[-84.313839,33.973071],[-84.313841,33.973173],[-84.31383,33.973313],[-84.313768,33.973682],[-84.313744,33.973839],[-84.313689,33.974514],[-84.313714,33.974703],[-84.313788,33.9749],[-84.313864,33.975022],[-84.313973,33.975148],[-84.314438,33.975577],[-84.314792,33.975875],[-84.315073,33.97615],[-84.31552,33.976645],[-84.315796,33.976897],[-84.315905,33.977026],[-84.315957,33.977111],[-84.316004,33.977215],[-84.316117,33.977583],[-84.316224,33.977782],[-84.316556,33.978219],[-84.316878,33.978771],[-84.316961,33.978886],[-84.317079,33.979002],[-84.317522,33.979348],[-84.317678,33.979264],[-84.318317,33.979028],[-84.318767,33.978846],[-84.319641,33.97847],[-84.319904,33.978379],[-84.320085,33.97835],[-84.320281,33.97836],[-84.320409,33.978391],[-84.320682,33.9785],[-84.320875,33.978589],[-84.320725,33.978711],[-84.320429,33.978872],[-84.320311,33.978929],[-84.320173,33.978964],[-84.320033,33.979095],[-84.319841,33.979248],[-84.319667,33.9794],[-84.319318,33.979576],[-84.319142,33.979621],[-84.319031,33.979667],[-84.318878,33.979777],[-84.318744,33.979907],[-84.318665,33.979964],[-84.318552,33.98007],[-84.31841,33.980228],[-84.31825,33.980398],[-84.318174,33.980547],[-84.318143,33.980692],[-84.318123,33.980929],[-84.318126,33.981026],[-84.318099,33.981074],[-84.318034,33.981089],[-84.317904,33.981086],[-84.3178,33.981089],[-84.317689,33.981119],[-84.317635,33.981183],[-84.317643,33.981364],[-84.317627,33.981439],[-84.317625,33.981515],[-84.317479,33.981625],[-84.317339,33.981751],[-84.317292,33.981804],[-84.317243,33.981933],[-84.317147,33.982082],[-84.317065,33.982231],[-84.316911,33.982379],[-84.316719,33.982515],[-84.316501,33.982634],[-84.316336,33.982733],[-84.316197,33.98283],[-84.316098,33.982893],[-84.315978,33.983003],[-84.315904,33.983093],[-84.315842,33.983195],[-84.31582,33.983286],[-84.315843,33.983384],[-84.31588,33.983455],[-84.315955,33.983537],[-84.316062,33.98362],[-84.316105,33.983692],[-84.316102,33.983794],[-84.316063,33.98402],[-84.316078,33.984139],[-84.316133,33.984264],[-84.316228,33.984336],[-84.316355,33.98442],[-84.316398,33.984491],[-84.31643,33.984686],[-84.316434,33.98507],[-84.316377,33.985269],[-84.316399,33.985466],[-84.316585,33.985453],[-84.317125,33.985431],[-84.317666,33.985429],[-84.318207,33.985443],[-84.318747,33.985465],[-84.319179,33.985474],[-84.319828,33.985471],[-84.320261,33.985485],[-84.320584,33.985507],[-84.320746,33.985529],[-84.321015,33.985583],[-84.321228,33.985614],[-84.321437,33.985659],[-84.32154,33.985687],[-84.32164,33.985722],[-84.321736,33.985762],[-84.321829,33.985809],[-84.321917,33.985861],[-84.322,33.985919],[-84.322078,33.985982],[-84.322487,33.986276],[-84.322565,33.986336],[-84.322725,33.98646],[-84.322928,33.986634],[-84.323129,33.986808],[-84.323209,33.98687],[-84.323283,33.986935],[-84.323353,33.987004],[-84.323418,33.987076],[-84.32353,33.98723],[-84.323577,33.987311],[-84.323628,33.987418],[-84.323697,33.987562],[-84.323799,33.987819],[-84.32388,33.988081],[-84.323897,33.988155],[-84.323933,33.988317],[-84.323967,33.988525],[-84.323977,33.988615],[-84.32409,33.989132],[-84.324263,33.98935],[-84.324581,33.989872],[-84.324726,33.990175],[-84.324734,33.990743],[-84.324749,33.991086],[-84.324705,33.992479],[-84.32464,33.992906],[-84.324502,33.993225],[-84.324518,33.993525],[-84.324584,33.99387],[-84.324926,33.994477],[-84.325266,33.995128],[-84.325414,33.995453],[-84.325434,33.995496],[-84.325753,33.995996],[-84.326232,33.996328],[-84.326439,33.997094],[-84.326771,33.997767],[-84.327069,33.998372],[-84.327843,33.999482],[-84.32798,33.999678],[-84.328298,34.0002],[-84.3286,34.00057],[-84.328868,34.000898],[-84.329116,34.001116],[-84.329269,34.00125],[-84.329512,34.00145],[-84.329543,34.001495],[-84.329658,34.001596],[-84.329952,34.001941],[-84.330296,34.002286],[-84.330492,34.002516],[-84.330704,34.002746],[-84.331118,34.003253],[-84.331148,34.003442],[-84.331656,34.00443],[-84.332145,34.005711],[-84.332185,34.005814],[-84.332437,34.006719],[-84.332557,34.007708],[-84.332597,34.008038],[-84.332978,34.00891],[-84.333215,34.009204],[-84.333336,34.009354],[-84.333361,34.009376],[-84.333619,34.009027],[-84.334139,34.008384],[-84.334587,34.007671],[-84.334874,34.007188],[-84.33521,34.006565],[-84.335393,34.006147],[-84.335494,34.005917],[-84.335822,34.00507],[-84.335962,34.004584],[-84.33617,34.003823],[-84.336277,34.003434],[-84.336414,34.002807],[-84.336491,34.002245],[-84.336713,34.000785],[-84.336909,33.999669],[-84.337021,33.998976],[-84.337167,33.998079],[-84.337701,33.994779],[-84.337893,33.993562],[-84.338092,33.992367],[-84.338216,33.991706],[-84.338371,33.990951],[-84.33864,33.989867],[-84.338978,33.98869],[-84.339453,33.987361],[-84.339652,33.986869],[-84.340039,33.985942],[-84.340128,33.985729],[-84.340262,33.98546],[-84.340976,33.983979],[-84.341344,33.983253],[-84.341461,33.983041]]]]}},
{"type":"Feature","properties":{"GEOID":"13121010204"},"geometry":{"type":"MultiPolygon","coordinates":[[[[-84.447714,33.908942],[-84.447728,33.908845],[-84.447734,33.908677],[-84.447714,33.908468],[-84.447705,33.908387],[-84.447675,33.908242],[-84.447641,33.908041],[-84.447544,33.90784],[-84.447445,33.907682],[-84.447321,33.907499],[-84.447181,33.907347],[-84.44704,33.907231],[-84.446862,33.907091],[-84.446756,33.907012],[-84.446682,33.906958],[-84.4465,33.906845],[-84.446388,33.906762],[-84.446268,33.906618],[-84.446186,33.906521],[-84.446102,33.90642],[-84.446035,33.906339],[-84.44601,33.906309],[-84.445955,33.906244],[-84.445887,33.906163],[-84.445788,33.906044],[-84.445713,33.905924],[-84.445672,33.905854],[-84.445638,33.905778],[-84.445579,33.905664],[-84.445498,33.905526],[-84.445463,33.90546],[-84.4454,33.905371],[-84.445329,33.905272],[-84.445259,33.90519],[-84.445195,33.905105],[-84.445118,33.905003],[-84.445075,33.904924],[-84.445017,33.904831],[-84.444935,33.90472],[-84.444882,33.904637],[-84.444827,33.904553],[-84.444775,33.904472],[-84.444725,33.904394],[-84.444712,33.904375],[-84.444666,33.904287],[-84.444615,33.90421],[-84.444562,33.904141],[-84.444522,33.904077],[-84.444466,33.903992],[-84.444404,33.90391],[-84.44437,33.903862],[-84.444329,33.903811],[-84.444312,33.903789],[-84.444242,33.903695],[-84.444183,33.903617],[-84.444128,33.903546],[-84.444041,33.903458],[-84.44394,33.903325],[-84.443881,33.903247],[-84.443836,33.903188],[-84.443784,33.90312],[-84.443641,33.902932],[-84.443525,33.902833],[-84.443448,33.90273],[-84.443431,33.902656],[-84.443373,33.902579],[-84.443325,33.902516],[-84.443232,33.902394],[-84.443182,33.902295],[-84.443106,33.902194],[-84.443034,33.902099],[-84.443,33.902056],[-84.442961,33.902003],[-84.442916,33.901943],[-84.442852,33.901887],[-84.442779,33.901762],[-84.442745,33.901729],[-84.442685,33.901675],[-84.442637,33.90157],[-84.442225,33.901726],[-84.442124,33.901765],[-84.441498,33.902007],[-84.440855,33.902256],[-84.439059,33.902961],[-84.436599,33.903908],[-84.43523,33.904429],[-84.435211,33.90444],[-84.435115,33.904463],[-84.434969,33.904544],[-84.434947,33.904549],[-84.434206,33.904869],[-84.433838,33.905063],[-84.433262,33.905385],[-84.432485,33.90586],[-84.432052,33.906191],[-84.431935,33.906298],[-84.429733,33.908188],[-84.429244,33.908664],[-84.428336,33.909476],[-84.427475,33.910226],[-84.42683,33.910817],[-84.426282,33.911233],[-84.426179,33.911341],[-84.426157,33.911356],[-84.425621,33.911847],[-84.424892,33.912455],[-84.424381,33.912873],[-84.423841,33.913252],[-84.423012,33.913707],[-84.422612,33.913938],[-84.421768,33.914364],[-84.421134,33.914628],[-84.420445,33.914903],[-84.420117,33.91501],[-84.419286,33.915266],[-84.41889,33.915377],[-84.418419,33.915481],[-84.417751,33.915586],[-84.41712,33.915715],[-84.416695,33.915775],[-84.415379,33.915842],[-84.41427,33.915881],[-84.414167,33.915865],[-84.412769,33.915843],[-84.411095,33.915869],[-84.410417,33.915829],[-84.40883,33.915846],[-84.407419,33.915816],[-84.406897,33.915824],[-84.406736,33.915839],[-84.406675,33.915836],[-84.406663,33.915997],[-84.40666,33.916027],[-84.406658,33.916614],[-84.406654,33.917409],[-84.406646,33.918202],[-84.406635,33.919282],[-84.40662,33.919866],[-84.406623,33.921051],[-84.406622,33.921126],[-84.406621,33.921894],[-84.406636,33.922047],[-84.406664,33.922191],[-84.406722,33.922375],[-84.406803,33.922554],[-84.40687,33.922668],[-84.407082,33.922981],[-84.408002,33.924363],[-84.407224,33.924872],[-84.406793,33.925168],[-84.405972,33.925809],[-84.403746,33.927604],[-84.403641,33.92772],[-84.403553,33.927845],[-84.403533,33.927883],[-84.403485,33.927979],[-84.403437,33.928117],[-84.403058,33.929445],[-84.402982,33.929625],[-84.402891,33.9298],[-84.402786,33.929969],[-84.402668,33.930132],[-84.402571,33.930275],[-84.402464,33.930408],[-84.402449,33.930439],[-84.402417,33.930461],[-84.402234,33.930639],[-84.402086,33.930759],[-84.402025,33.930804],[-84.401876,33.930902],[-84.399619,33.932455],[-84.399098,33.932816],[-84.398374,33.933348],[-84.398091,33.933516],[-84.397573,33.933733],[-84.396986,33.933935],[-84.396254,33.934208],[-84.395509,33.934529],[-84.394853,33.934815],[-84.394725,33.934862],[-84.394375,33.934971],[-84.394015,33.935054],[-84.393846,33.935082],[-84.393673,33.935094],[-84.393499,33.935091],[-84.393226,33.935063],[-84.393042,33.935055],[-84.392838,33.935064],[-84.392629,33.93509],[-84.392445,33.935115],[-84.391957,33.935229],[-84.391223,33.935393],[-84.389812,33.935693],[-84.389487,33.936056],[-84.38923,33.936284],[-84.388615,33.936833],[-84.388464,33.936986],[-84.388333,33.937136],[-84.388183,33.937332],[-84.387947,33.937697],[-84.387728,33.937995],[-84.387471,33.938293],[-84.387075,33.938691],[-84.38695,33.938841],[-84.386852,33.938986],[-84.386247,33.940178],[-84.385868,33.940772],[-84.385832,33.940899],[-84.385791,33.941446],[-84.38578,33.941954],[-84.385794,33.942105],[-84.38585,33.942433],[-84.385894,33.942549],[-84.385958,33.942663],[-84.386059,33.942882],[-84.386185,33.943297],[-84.386345,33.943983],[-84.386497,33.944443],[-84.386552,33.944554],[-84.387325,33.945913],[-84.387432,33.946171],[-84.387477,33.946326],[-84.387487,33.946447],[-84.387483,33.9466],[-84.387466,33.946738],[-84.387432,33.946897],[-84.3873,33.947381],[-84.387244,33.94755],[-84.387268,33.947563],[-84.387371,33.947589],[-84.387479,33.947589],[-84.387582,33.947562],[-84.387637,33.947476],[-84.38784,33.947187],[-84.387918,33.947125],[-84.388013,33.947084],[-84.388119,33.947066],[-84.388226,33.947076],[-84.388332,33.947094],[-84.388437,33.947118],[-84.388538,33.947148],[-84.388637,33.947185],[-84.388738,33.947231],[-84.389272,33.947425],[-84.389537,33.947581],[-84.389618,33.947641],[-84.389714,33.947681],[-84.38982,33.947697],[-84.389927,33.947693],[-84.390026,33.947658],[-84.390104,33.947596],[-84.39015,33.947514],[-84.390182,33.947428],[-84.390201,33.94734],[-84.390204,33.94723],[-84.390196,33.947141],[-84.3902,33.94705],[-84.390215,33.946961],[-84.390241,33.946874],[-84.390279,33.946789],[-84.390327,33.946709],[-84.390387,33.946634],[-84.390496,33.946478],[-84.390565,33.946359],[-84.390631,33.946288],[-84.39077,33.94615],[-84.390916,33.946017],[-84.391149,33.945829],[-84.391581,33.945518],[-84.391651,33.945449],[-84.391736,33.945394],[-84.391832,33.945353],[-84.391908,33.945335],[-84.391936,33.945328],[-84.392042,33.945314],[-84.392146,33.945336],[-84.392231,33.945392],[-84.39229,33.945467],[-84.392317,33.945554],[-84.392296,33.945683],[-84.392249,33.945763],[-84.39225,33.945852],[-84.3923,33.945932],[-84.392391,33.94598],[-84.392495,33.946003],[-84.392602,33.945999],[-84.392703,33.945968],[-84.392788,33.945913],[-84.392858,33.945824],[-84.392946,33.945772],[-84.393042,33.945731],[-84.393144,33.9457],[-84.393249,33.94568],[-84.393357,33.945672],[-84.393465,33.945675],[-84.393676,33.945715],[-84.393889,33.945744],[-84.394133,33.945765],[-84.394657,33.945872],[-84.394862,33.945929],[-84.395072,33.945973],[-84.395127,33.945982],[-84.395285,33.946004],[-84.3955,33.946021],[-84.395716,33.946026],[-84.395874,33.946021],[-84.396452,33.946044],[-84.39656,33.946043],[-84.396667,33.946057],[-84.396707,33.946067],[-84.39677,33.946084],[-84.396866,33.946125],[-84.396956,33.946174],[-84.397027,33.946242],[-84.397073,33.946323],[-84.397082,33.946486],[-84.397099,33.946575],[-84.397124,33.946663],[-84.397156,33.946749],[-84.397195,33.946833],[-84.397241,33.946915],[-84.397294,33.946993],[-84.397416,33.947142],[-84.39749,33.947207],[-84.397574,33.947264],[-84.397667,33.947311],[-84.39787,33.947373],[-84.398076,33.947428],[-84.398937,33.94763],[-84.399265,33.947752],[-84.399367,33.947782],[-84.399472,33.947804],[-84.399579,33.947817],[-84.399687,33.947822],[-84.399795,33.947819],[-84.39991,33.947806],[-84.400157,33.947794],[-84.400373,33.947783],[-84.400618,33.947819],[-84.401112,33.947837],[-84.40116,33.947804],[-84.401341,33.947569],[-84.401453,33.947455],[-84.401478,33.947407],[-84.401553,33.9473],[-84.401697,33.947196],[-84.401703,33.947167],[-84.401858,33.946988],[-84.401909,33.946904],[-84.402091,33.946666],[-84.402224,33.946539],[-84.402334,33.946464],[-84.402407,33.946406],[-84.402493,33.946309],[-84.402573,33.94623],[-84.402639,33.946168],[-84.402747,33.946065],[-84.402778,33.94604],[-84.402882,33.945946],[-84.402958,33.945869],[-84.403105,33.945786],[-84.403185,33.945726],[-84.403304,33.945629],[-84.403368,33.945553],[-84.403411,33.945481],[-84.403456,33.945423],[-84.403523,33.945356],[-84.403596,33.9453],[-84.403699,33.945215],[-84.403764,33.945148],[-84.403821,33.945093],[-84.403882,33.945016],[-84.403939,33.944929],[-84.403991,33.944854],[-84.404104,33.944772],[-84.40427,33.944589],[-84.404295,33.944566],[-84.404344,33.944512],[-84.404416,33.944435],[-84.404519,33.944353],[-84.404586,33.944275],[-84.404692,33.94418],[-84.404784,33.944124],[-84.404865,33.944047],[-84.404974,33.943944],[-84.405089,33.943851],[-84.405194,33.943769],[-84.405294,33.94367],[-84.405391,33.943546],[-84.405395,33.943485],[-84.405539,33.943385],[-84.405619,33.943316],[-84.40594,33.943041],[-84.407851,33.941389],[-84.408034,33.941232],[-84.408097,33.941202],[-84.408208,33.941115],[-84.40827,33.941064],[-84.408434,33.940952],[-84.40854,33.940887],[-84.408626,33.940812],[-84.40872,33.940729],[-84.408815,33.940646],[-84.408947,33.940531],[-84.408983,33.940499],[-84.409046,33.940413],[-84.409233,33.94028],[-84.409248,33.940268],[-84.409333,33.94021],[-84.409448,33.940111],[-84.409531,33.940028],[-84.409593,33.93998],[-84.409678,33.939898],[-84.409763,33.93985],[-84.409851,33.939757],[-84.409974,33.939642],[-84.410054,33.939562],[-84.410133,33.939501],[-84.410226,33.939411],[-84.410299,33.939348],[-84.410389,33.939268],[-84.410514,33.939159],[-84.410572,33.939108],[-84.410593,33.939095],[-84.410671,33.939019],[-84.41072,33.938979],[-84.410767,33.938937],[-84.410814,33.938874],[-84.410921,33.938772],[-84.411012,33.938723],[-84.411069,33.938673],[-84.411163,33.938565],[-84.411286,33.938483],[-84.411405,33.938379],[-84.411466,33.938281],[-84.41154,33.938225],[-84.411603,33.938153],[-84.411616,33.938138],[-84.411718,33.938047],[-84.412149,33.937607],[-84.413317,33.936267],[-84.414056,33.935427],[-84.414516,33.934906],[-84.415001,33.934406],[-84.415536,33.933894],[-84.41609,33.933404],[-84.416813,33.932807],[-84.41724,33.932454],[-84.417747,33.932085],[-84.418401,33.931662],[-84.419172,33.931207],[-84.419373,33.931097],[-84.419953,33.930866],[-84.420322,33.930654],[-84.420557,33.930474],[-84.420927,33.930306],[-84.421273,33.930106],[-84.421619,33.929933],[-84.421995,33.929722],[-84.422143,33.929627],[-84.422352,33.929517],[-84.423929,33.928693],[-84.425251,33.928014],[-84.42622,33.927602],[-84.426596,33.927418],[-84.426643,33.927393],[-84.426685,33.927379],[-84.427223,33.927128],[-84.427567,33.926945],[-84.427996,33.926654],[-84.428342,33.926398],[-84.428794,33.926019],[-84.4293,33.925668],[-84.429983,33.925194],[-84.430066,33.925139],[-84.430207,33.92504],[-84.430313,33.924966],[-84.430444,33.924874],[-84.430554,33.924799],[-84.430824,33.924628],[-84.431106,33.924484],[-84.431373,33.924376],[-84.431649,33.924288],[-84.432182,33.924159],[-84.432279,33.924136],[-84.432439,33.924084],[-84.432847,33.923966],[-84.433261,33.923862],[-84.433734,33.92376],[-84.433949,33.923739],[-84.434268,33.923692],[-84.434479,33.923651],[-84.434791,33.923577],[-84.435096,33.923486],[-84.435271,33.923422],[-84.435527,33.923358],[-84.435846,33.923248],[-84.436126,33.92312],[-84.436389,33.92297],[-84.436658,33.922778],[-84.43688,33.92258],[-84.437085,33.922353],[-84.437131,33.922287],[-84.437216,33.922168],[-84.437278,33.92208],[-84.437413,33.921826],[-84.437443,33.921749],[-84.4375,33.921653],[-84.437673,33.921281],[-84.437884,33.920733],[-84.438038,33.920346],[-84.438152,33.919991],[-84.438286,33.919571],[-84.438293,33.919548],[-84.438478,33.918894],[-84.438593,33.91849],[-84.438736,33.918184],[-84.438927,33.917899],[-84.439181,33.917508],[-84.439456,33.917171],[-84.439551,33.917084],[-84.439842,33.916818],[-84.440157,33.91653],[-84.440548,33.916292],[-84.440878,33.916032],[-84.441367,33.915729],[-84.441685,33.915533],[-84.442089,33.915337],[-84.442388,33.91517],[-84.442807,33.914893],[-84.443643,33.91434],[-84.443957,33.914055],[-84.44436,33.913753],[-84.444976,33.913255],[-84.445358,33.912987],[-84.445853,33.912673],[-84.446403,33.912233],[-84.446581,33.912084],[-84.44666,33.912014],[-84.446722,33.91193],[-84.446971,33.911623],[-84.44711,33.911431],[-84.447217,33.911265],[-84.447251,33.911188],[-84.44731,33.911059],[-84.447385,33.910886],[-84.44743,33.91072],[-84.44746,33.910536],[-84.447474,33.910444],[-84.447489,33.91035],[-84.447513,33.910198],[-84.447534,33.910062],[-84.447543,33.91002],[-84.447602,33.909695],[-84.447628,33.909534],[-84.447661,33.909338],[-84.447683,33.909195],[-84.447703,33.909022],[-84.447714,33.908942]]]]}},
{"type":"Feature","properties":{"GEOID":"13067031207"},"geometry":{"type":"MultiPolygon","coordinates":[[[[-84.4706,33.883712],[-84.4706,33.86575],[-84.470398,33.86579],[-84.469957,33.865877],[-84.469635,33.86594],[-84.469391,33.865961],[-84.4692,33.865963],[-84.468898,33.865929],[-84.46873,33.865877],[-84.468586,33.865868],[-84.468479,33.865878],[-84.468318,33.865907],[-84.468111,33.865953],[-84.467696,33.866059],[-84.467497,33.866087],[-84.46736,33.866113],[-84.466925,33.866195],[-84.466355,33.866297],[-84.466202,33.866321],[-84.466027,33.866337],[-84.465658,33.866395],[-84.464608,33.866662],[-84.464588,33.86667],[-84.464374,33.866769],[-84.464227,33.866876],[-84.464125,33.86695],[-84.46402,33.867041],[-84.463365,33.867641],[-84.463093,33.867914],[-84.462885,33.868131],[-84.462621,33.868474],[-84.46254,33.86853],[-84.462328,33.868781],[-84.462121,33.868937],[-84.462051,33.868973],[-84.461954,33.869026],[-84.461905,33.869043],[-84.461671,33.869089],[-84.461417,33.869117],[-84.46096,33.86915],[-84.460696,33.869161],[-84.460176,33.869277],[-84.459868,33.869389],[-84.459284,33.869639],[-84.458758,33.869899],[-84.457525,33.870508],[-84.45743,33.870578],[-84.457297,33.870676],[-84.457016,33.870924],[-84.456768,33.871105],[-84.456492,33.871299],[-84.456515,33.871396],[-84.456526,33.871527],[-84.456554,33.872024],[-84.456505,33.872715],[-84.456377,33.873461],[-84.456296,33.873884],[-84.456255,33.874026],[-84.456148,33.874562],[-84.45604,33.875196],[-84.456027,33.875375],[-84.456029,33.875466],[-84.456074,33.875966],[-84.4561,33.876195],[-84.456173,33.876432],[-84.456215,33.876583],[-84.456271,33.876783],[-84.456489,33.877277],[-84.45673,33.87762],[-84.45688,33.877835],[-84.457209,33.878157],[-84.457473,33.878359],[-84.457721,33.878534],[-84.457976,33.8787],[-84.458503,33.879017],[-84.458601,33.879067],[-84.459447,33.879528],[-84.459754,33.879687],[-84.459858,33.879742],[-84.460562,33.880128],[-84.460758,33.880211],[-84.460742,33.880225],[-84.460816,33.880257],[-84.46084,33.880269],[-84.460932,33.880314],[-84.461237,33.880438],[-84.461743,33.880579],[-84.462397,33.880703],[-84.462605,33.880734],[-84.462897,33.880768],[-84.464067,33.880935],[-84.464189,33.880962],[-84.464324,33.880992],[-84.464663,33.881083],[-84.464963,33.881154],[-84.465262,33.881254],[-84.465586,33.881415],[-84.465767,33.881513],[-84.466005,33.881651],[-84.466088,33.881708],[-84.466335,33.881898],[-84.466402,33.881939],[-84.467111,33.882372],[-84.468303,33.883099],[-84.469318,33.883766],[-84.46962,33.883965],[-84.469934,33.884282],[-84.47027,33.884009],[-84.4706,33.883712]]]]}},
{"type":"Feature","properties":{"GEOID":"13121011421"},"geometry":{"type":"MultiPolygon","coordinates":[[[[-84.335032,34.02844],[-84.335322,34.02844],[-84.33517,34.028321],[-84.335032,34.02844]]]]}},
{"type":"Feature","properties":{"GEOID":"13121010121"},"geometry":{"type":"MultiPolygon","coordinates":[[[[-84.380047,33.933011],[-84.380069,33.93263],[-84.380058,33.932323],[-84.380003,33.931924],[-84.379933,33.931599],[-84.379832,33.931267],[-84.379704,33.930942],[-84.37956,33.930622],[-84.379451,33.930333],[-84.379362,33.930054],[-84.37929,33.929772],[-84.379232,33.929478],[-84.379189,33.92916],[-84.379164,33.9288],[-84.379114,33.926804],[-84.379073,33.925137],[-84.378662,33.924861],[-84.378534,33.924801],[-84.378399,33.924752],[-84.378168,33.924688],[-84.37792,33.924636],[-84.377312,33.924563],[-84.377072,33.924531],[-84.376859,33.924474],[-84.376462,33.924469],[-84.376012,33.924424],[-84.375888,33.924412],[-84.37562,33.924395],[-84.37536,33.92439],[-84.374876,33.924398],[-84.37341,33.924423],[-84.373105,33.924448],[-84.372803,33.924494],[-84.372667,33.924524],[-84.372544,33.924553],[-84.372291,33.924628],[-84.37061,33.925219],[-84.368626,33.92599],[-84.368355,33.92611],[-84.367935,33.92631],[-84.367428,33.926571],[-84.366951,33.926798],[-84.366748,33.926909],[-84.366038,33.927216],[-84.365064,33.927626],[-84.364675,33.92777],[-84.364256,33.927911],[-84.364034,33.927979],[-84.363757,33.928064],[-84.361797,33.928616],[-84.361079,33.928835],[-84.360339,33.92906],[-84.359859,33.929206],[-84.358314,33.929674],[-84.357958,33.929793],[-84.357887,33.92981],[-84.3579,33.930114],[-84.357917,33.931206],[-84.357932,33.933333],[-84.357969,33.933339],[-84.358399,33.933332],[-84.358961,33.933326],[-84.35992,33.933316],[-84.360379,33.933352],[-84.360775,33.933415],[-84.361248,33.933531],[-84.361494,33.933609],[-84.361751,33.933704],[-84.362003,33.933811],[-84.362274,33.933941],[-84.362481,33.934055],[-84.362679,33.934181],[-84.363126,33.934521],[-84.364021,33.935256],[-84.364281,33.935439],[-84.364543,33.935598],[-84.364901,33.935781],[-84.364962,33.935805],[-84.365046,33.93584],[-84.365264,33.935931],[-84.36558,33.936036],[-84.366178,33.936203],[-84.366656,33.936411],[-84.366731,33.936427],[-84.367759,33.936736],[-84.368908,33.937089],[-84.369267,33.937199],[-84.369611,33.937264],[-84.369957,33.937305],[-84.370291,33.937327],[-84.370685,33.937316],[-84.371352,33.937238],[-84.371845,33.937165],[-84.372071,33.937148],[-84.372637,33.93704],[-84.373104,33.937007],[-84.373719,33.936999],[-84.37492,33.936983],[-84.377507,33.936956],[-84.378026,33.93696],[-84.378192,33.936971],[-84.378331,33.936992],[-84.378481,33.936758],[-84.378647,33.936533],[-84.378777,33.936348],[-84.378874,33.93621],[-84.379101,33.935862],[-84.379429,33.935313],[-84.379508,33.935164],[-84.37967,33.934773],[-84.37981,33.934373],[-84.379873,33.934136],[-84.379941,33.933812],[-84.380004,33.933421],[-84.380047,33.933011]]]]}},
{"type":"Feature","properties":{"GEOID":"13135050306"},"geometry":{"type":"MultiPolygon","coordinates":[[[[-84.23737,33.913603],[-84.23737,33.945365],[-84.237645,33.945233],[-84.23811,33.945042],[-84.239008,33.9447],[-84.239529,33.94446],[-84.240304,33.944015],[-84.240349,33.943985],[-84.240368,33.943973],[-84.240432,33.943931],[-84.240505,33.943885],[-84.240626,33.943809],[-84.240975,33.943617],[-84.241744,33.943182],[-84.242451,33.942755],[-84.243529,33.942126],[-84.24434,33.94166],[-84.245196,33.941126],[-84.24594,33.940715],[-84.246053,33.940657],[-84.248525,33.939218],[-84.248438,33.939096],[-84.247944,33.938548],[-84.247744,33.938408],[-84.247476,33.938331],[-84.24711,33.938154],[-84.246877,33.938022],[-84.246611,33.937889],[-84.246279,33.937699],[-84.246063,33.937581],[-84.245898,33.937465],[-84.24528,33.936216],[-84.24528,33.936183],[-84.244432,33.934386],[-84.24417,33.933919],[-84.243886,33.933339],[-84.24381,33.933155],[-84.243681,33.932837],[-84.243589,33.932567],[-84.243563,33.932327],[-84.243548,33.931749],[-84.243508,33.931411],[-84.243451,33.931085],[-84.243256,33.930841],[-84.241442,33.929434],[-84.240879,33.929098],[-84.240698,33.928925],[-84.240569,33.928753],[-84.238582,33.929096],[-84.238547,33.929102],[-84.238518,33.929042],[-84.238381,33.928764],[-84.238344,33.928689],[-84.238307,33.928606],[-84.238262,33.928506],[-84.239719,33.92817],[-84.240123,33.928069],[-84.240622,33.927944],[-84.241207,33.927813],[-84.242463,33.927511],[-84.243294,33.927326],[-84.244425,33.927056],[-84.244729,33.926972],[-84.244885,33.926927],[-84.24539,33.92678],[-84.245803,33.926631],[-84.245881,33.926599],[-84.246703,33.92626],[-84.246898,33.92617],[-84.247145,33.926058],[-84.24668,33.925455],[-84.24635,33.925053],[-84.245848,33.924732],[-84.245422,33.924414],[-84.244959,33.924132],[-84.244661,33.923928],[-84.243485,33.922253],[-84.241076,33.918822],[-84.2403,33.917717],[-84.238266,33.914861],[-84.23737,33.913603]]],[[[-84.23737,33.90506],[-84.23737,33.906041],[-84.237637,33.905886],[-84.237998,33.905677],[-84.238281,33.9055],[-84.238342,33.905463],[-84.238611,33.905302],[-84.238121,33.905102],[-84.238073,33.90507],[-84.238025,33.905038],[-84.237756,33.904859],[-84.237479,33.905003],[-84.23737,33.90506]]]]}},
{"type":"Feature","properties":{"GEOID":"13089021412"},"geometry":{"type":"MultiPolygon","coordinates":[[[[-84.313685,33.8586],[-84.311259,33.8586],[-84.310507,33.859264],[-84.310291,33.859474],[-84.310175,33.859589],[-84.310075,33.859684],[-84.30862,33.860924],[-84.30604,33.863236],[-84.304531,33.864606],[-84.30297,33.866011],[-84.302396,33.866533],[-84.303388,33.866481],[-84.303963,33.86643],[-84.304635,33.866397],[-84.30488,33.866378],[-84.3055,33.86629],[-84.306126,33.866122],[-84.30667,33.865937],[-84.307343,33.865712],[-84.307712,33.865595],[-84.307984,33.865542],[-84.30843,33.865465],[-84.30878,33.865424],[-84.309143,33.865391],[-84.309451,33.865356],[-84.30945,33.866593],[-84.309447,33.86788],[-84.309435,33.869152],[-84.309438,33.871092],[-84.309432,33.872119],[-84.30943,33.875481],[-84.309437,33.876509],[-84.309434,33.876798],[-84.309409,33.879023],[-84.309445,33.879732],[-84.309462,33.880204],[-84.309448,33.880643],[-84.309437,33.881432],[-84.309432,33.881585],[-84.309444,33.882011],[-84.309428,33.882523],[-84.309437,33.883051],[-84.309443,33.88349],[-84.309477,33.883857],[-84.30954,33.88417],[-84.309549,33.884214],[-84.309705,33.884622],[-84.310105,33.88525],[-84.310271,33.885445],[-84.310331,33.885515],[-84.310437,33.885639],[-84.310464,33.88567],[-84.312824,33.884481],[-84.31337,33.884217],[-84.314243,33.883795],[-84.314874,33.883491],[-84.315141,33.883362],[-84.315816,33.883141],[-84.315928,33.883109],[-84.31618,33.883014],[-84.316633,33.882781],[-84.316999,33.882581],[-84.317444,33.882311],[-84.317787,33.882081],[-84.318162,33.881812],[-84.31834,33.881672],[-84.318453,33.88157],[-84.318587,33.88144],[-84.318813,33.881211],[-84.319936,33.880154],[-84.320665,33.879522],[-84.321074,33.87921],[-84.321382,33.878984],[-84.321409,33.878964],[-84.321515,33.878894],[-84.321706,33.878769],[-84.321763,33.878731],[-84.321825,33.878693],[-84.321924,33.878632],[-84.322163,33.878485],[-84.322839,33.878078],[-84.324506,33.877106],[-84.324602,33.877044],[-84.325221,33.876692],[-84.325501,33.876525],[-84.325441,33.876398],[-84.325421,33.876357],[-84.325193,33.875877],[-84.325036,33.875169],[-84.324835,33.874447],[-84.323758,33.869777],[-84.323743,33.869608],[-84.323523,33.868868],[-84.323447,33.868697],[-84.323359,33.868577],[-84.322982,33.868269],[-84.321175,33.866797],[-84.320417,33.86613],[-84.320879,33.865832],[-84.321283,33.865523],[-84.322003,33.864972],[-84.322799,33.864474],[-84.323389,33.864073],[-84.322752,33.863223],[-84.322422,33.862697],[-84.322093,33.862092],[-84.321672,33.862255],[-84.320987,33.862482],[-84.32074,33.862595],[-84.320472,33.862725],[-84.320299,33.862834],[-84.319916,33.863075],[-84.319764,33.863159],[-84.319626,33.863243],[-84.319325,33.863443],[-84.319221,33.863507],[-84.319068,33.86359],[-84.318935,33.863629],[-84.318874,33.86364],[-84.318649,33.863682],[-84.318445,33.863714],[-84.318111,33.863763],[-84.317512,33.863891],[-84.317321,33.863934],[-84.316397,33.864283],[-84.316099,33.864403],[-84.315925,33.864482],[-84.315627,33.864587],[-84.315342,33.864657],[-84.314942,33.864701],[-84.314737,33.863763],[-84.314675,33.863603],[-84.314609,33.863458],[-84.314449,33.863287],[-84.314202,33.863001],[-84.314079,33.862806],[-84.313995,33.862584],[-84.313951,33.862355],[-84.313927,33.86216],[-84.31394,33.86121],[-84.313949,33.861188],[-84.313946,33.860894],[-84.313962,33.859986],[-84.313999,33.859581],[-84.314021,33.859095],[-84.314007,33.858958],[-84.313956,33.85883],[-84.313832,33.8587],[-84.313696,33.858606],[-84.313685,33.8586]]]]}},
{"type":"Feature","properties":{"GEOID":"13089021307"},"geometry":{"type":"MultiPolygon","coordinates":[[[[-84.286329,33.88911],[-84.288254,33.885651],[-84.287446,33.88569],[-84.285863,33.88568],[-84.284896,33.885654],[-84.284692,33.885527],[-84.284415,33.885314],[-84.28434,33.885251],[-84.283099,33.884208],[-84.282292,33.883556],[-84.282044,33.883389],[-84.281645,33.883176],[-84.281079,33.882938],[-84.280678,33.882802],[-84.280301,33.882688],[-84.279756,33.882524],[-84.27944,33.88243],[-84.2791,33.882326],[-84.278922,33.882272],[-84.278712,33.882209],[-84.277457,33.881836],[-84.276872,33.881662],[-84.276579,33.881563],[-84.276371,33.881467],[-84.276023,33.881276],[-84.275766,33.881123],[-84.275427,33.880897],[-84.275179,33.880708],[-84.274661,33.880274],[-84.274028,33.879746],[-84.273425,33.879231],[-84.273121,33.878985],[-84.273012,33.878913],[-84.271945,33.88017],[-84.270787,33.881667],[-84.268382,33.884643],[-84.267233,33.886166],[-84.267084,33.886383],[-84.266984,33.886454],[-84.266709,33.886763],[-84.266399,33.887111],[-84.266127,33.887388],[-84.265803,33.8877],[-84.264931,33.888417],[-84.264427,33.88876],[-84.263778,33.889142],[-84.263661,33.889217],[-84.260206,33.891367],[-84.260026,33.891479],[-84.259817,33.891609],[-84.259418,33.891834],[-84.259211,33.891964],[-84.259493,33.892192],[-84.259541,33.892231],[-84.259942,33.892561],[-84.260669,33.893098],[-84.263212,33.895049],[-84.265705,33.896977],[-84.268904,33.899452],[-84.26927,33.899714],[-84.270037,33.900323],[-84.270154,33.900416],[-84.270193,33.900446],[-84.270256,33.900497],[-84.270417,33.900625],[-84.270441,33.900644],[-84.270738,33.900868],[-84.271387,33.901362],[-84.271834,33.901726],[-84.272208,33.901989],[-84.272557,33.902209],[-84.272948,33.90248],[-84.273373,33.902737],[-84.273793,33.902967],[-84.273854,33.903011],[-84.274049,33.902823],[-84.274417,33.902505],[-84.274504,33.902434],[-84.274922,33.902078],[-84.275928,33.901315],[-84.277025,33.900525],[-84.277127,33.900451],[-84.277639,33.900019],[-84.278395,33.899395],[-84.280059,33.898023],[-84.28116,33.897143],[-84.281724,33.896679],[-84.282231,33.896106],[-84.282989,33.895122],[-84.28375,33.893766],[-84.284861,33.891769],[-84.28583,33.890006],[-84.286329,33.88911]]]]}},
{"type":"Feature","properties":{"GEOID":"13089021305"},"geometry":{"type":"MultiPolygon","coordinates":[[[[-84.287974,33.936674],[-84.288058,33.936591],[-84.288111,33.936499],[-84.287931,33.936419],[-84.287543,33.936191],[-84.287365,33.936052],[-84.287177,33.935912],[-84.28694,33.935704],[-84.286785,33.935481],[-84.285524,33.933036],[-84.28504,33.932181],[-84.284952,33.932017],[-84.284645,33.931447],[-84.284284,33.930773],[-84.284236,33.930684],[-84.284036,33.930266],[-84.283889,33.929798],[-84.283861,33.929674],[-84.283783,33.929293],[-84.28374,33.929076],[-84.283707,33.928907],[-84.28353,33.927998],[-84.283441,33.927607],[-84.283383,33.927417],[-84.283285,33.927097],[-84.283259,33.927036],[-84.283196,33.926883],[-84.283082,33.926608],[-84.283012,33.92644],[-84.282878,33.926132],[-84.282596,33.925484],[-84.281874,33.923961],[-84.281637,33.923461],[-84.281556,33.923294],[-84.281211,33.92358],[-84.281139,33.92364],[-84.280857,33.923867],[-84.280576,33.924085],[-84.280222,33.924299],[-84.279744,33.924577],[-84.27943,33.92474],[-84.279086,33.924907],[-84.27869,33.925075],[-84.278146,33.925305],[-84.277552,33.925544],[-84.276682,33.925919],[-84.276141,33.926161],[-84.274356,33.926957],[-84.274867,33.926895],[-84.274711,33.92696],[-84.274358,33.927107],[-84.27166,33.928308],[-84.269898,33.929071],[-84.269464,33.929259],[-84.268148,33.929826],[-84.26725,33.930214],[-84.265602,33.930909],[-84.265023,33.931162],[-84.264928,33.931205],[-84.265243,33.932261],[-84.265312,33.932493],[-84.265337,33.932576],[-84.265499,33.932908],[-84.265742,33.933407],[-84.265854,33.933636],[-84.265885,33.933701],[-84.266235,33.93442],[-84.26626,33.934471],[-84.266381,33.93472],[-84.266606,33.935181],[-84.266663,33.935298],[-84.266745,33.935467],[-84.266892,33.935764],[-84.267012,33.936007],[-84.267145,33.936275],[-84.267207,33.936374],[-84.26725,33.936443],[-84.267296,33.936515],[-84.26773,33.937205],[-84.267854,33.937389],[-84.267889,33.937441],[-84.267938,33.937648],[-84.268179,33.938115],[-84.269257,33.940146],[-84.268089,33.94071],[-84.268332,33.941059],[-84.268761,33.940853],[-84.26902,33.941204],[-84.269166,33.941134],[-84.269263,33.941334],[-84.26978,33.94245],[-84.270185,33.94337],[-84.270466,33.944008],[-84.270575,33.943753],[-84.270624,33.943641],[-84.270784,33.943251],[-84.270869,33.943042],[-84.270949,33.942856],[-84.271066,33.942506],[-84.27118,33.942188],[-84.271236,33.94206],[-84.271747,33.941423],[-84.272051,33.941137],[-84.272213,33.940985],[-84.272284,33.940925],[-84.272469,33.940827],[-84.272685,33.940756],[-84.272971,33.940686],[-84.273516,33.940612],[-84.275322,33.940417],[-84.276086,33.940299],[-84.276707,33.940237],[-84.277123,33.940212],[-84.277514,33.940206],[-84.278239,33.940194],[-84.279267,33.94009],[-84.280135,33.939898],[-84.281136,33.939667],[-84.282136,33.939461],[-84.282861,33.939291],[-84.283088,33.939186],[-84.283483,33.93889],[-84.284563,33.938026],[-84.284875,33.937747],[-84.285149,33.937516],[-84.285619,33.937286],[-84.285981,33.937171],[-84.287769,33.936754],[-84.287974,33.936674]]]]}},
{"type":"Feature","properties":{"GEOID":"13121011422"},"geometry":{"type":"MultiPolygon","coordinates":[[[[-84.393066,34.003282],[-84.394298,34.002829],[-84.394266,34.002788],[-84.394247,34.002753],[-84.394229,34.002714],[-84.394191,34.002625],[-84.394172,34.002579],[-84.394143,34.002468],[-84.394137,34.002381],[-84.394135,34.002238],[-84.394096,34.002094],[-84.394035,34.002016],[-84.393976,34.001929],[-84.39391,34.001859],[-84.393788,34.001772],[-84.393682,34.001769],[-84.393643,34.001765],[-84.393587,34.001756],[-84.393462,34.001718],[-84.393431,34.001714],[-84.393376,34.001713],[-84.393347,34.001708],[-84.39331,34.001701],[-84.393265,34.001681],[-84.393232,34.001657],[-84.393207,34.001633],[-84.393185,34.001606],[-84.393167,34.001571],[-84.393161,34.001535],[-84.393166,34.001448],[-84.393162,34.001385],[-84.393153,34.001314],[-84.393128,34.001212],[-84.393116,34.001186],[-84.393103,34.001159],[-84.393072,34.001114],[-84.393045,34.001049],[-84.393034,34.001032],[-84.393021,34.00102],[-84.393003,34.001009],[-84.392978,34.001005],[-84.392959,34.001008],[-84.392926,34.001018],[-84.392885,34.00103],[-84.392846,34.001035],[-84.392812,34.001028],[-84.392773,34.001015],[-84.392736,34.001024],[-84.392691,34.001046],[-84.392661,34.001056],[-84.392606,34.001066],[-84.392564,34.001068],[-84.392525,34.001065],[-84.392493,34.001051],[-84.392463,34.001021],[-84.392448,34.000992],[-84.392443,34.000964],[-84.392445,34.000933],[-84.392465,34.000905],[-84.392512,34.000873],[-84.392535,34.000855],[-84.392568,34.000819],[-84.392618,34.000766],[-84.39265,34.000722],[-84.392671,34.000666],[-84.392685,34.00044],[-84.392635,34.000375],[-84.392603,34.000331],[-84.39257,34.000302],[-84.392511,34.00027],[-84.392462,34.000237],[-84.392433,34.000179],[-84.392445,34.000118],[-84.392505,34.000038],[-84.392589,33.999988],[-84.392675,33.999959],[-84.392752,33.999957],[-84.392805,33.999963],[-84.392828,33.999962],[-84.392873,33.999948],[-84.392899,33.999931],[-84.392938,33.999891],[-84.392953,33.999863],[-84.392968,33.999822],[-84.392966,33.999773],[-84.392965,33.999735],[-84.392924,33.99968],[-84.392809,33.999633],[-84.392719,33.999602],[-84.392626,33.999591],[-84.392525,33.999586],[-84.392426,33.999579],[-84.392416,33.999573],[-84.392406,33.999562],[-84.392401,33.999553],[-84.392395,33.999543],[-84.39239,33.999531],[-84.392386,33.999514],[-84.392385,33.999495],[-84.392386,33.999483],[-84.392359,33.999271],[-84.392354,33.999262],[-84.392346,33.999249],[-84.392336,33.999237],[-84.392327,33.999227],[-84.392324,33.999189],[-84.392289,33.999141],[-84.392204,33.999114],[-84.392139,33.999113],[-84.392065,33.999115],[-84.391939,33.999109],[-84.391808,33.999108],[-84.391703,33.999111],[-84.391583,33.999124],[-84.391457,33.999155],[-84.39134,33.999184],[-84.391326,33.999186],[-84.391312,33.999187],[-84.391301,33.999188],[-84.391286,33.999188],[-84.391265,33.999186],[-84.39125,33.999184],[-84.391236,33.999181],[-84.391225,33.999179],[-84.391214,33.999176],[-84.391204,33.999172],[-84.391194,33.999168],[-84.391181,33.999162],[-84.391172,33.999157],[-84.391161,33.99915],[-84.391152,33.999144],[-84.391142,33.999135],[-84.391131,33.999126],[-84.39112,33.999114],[-84.391113,33.999107],[-84.391095,33.999087],[-84.39108,33.999069],[-84.391062,33.999049],[-84.391045,33.999028],[-84.39103,33.99901],[-84.391013,33.998989],[-84.391006,33.998979],[-84.390984,33.99892],[-84.390852,33.998784],[-84.390728,33.998705],[-84.390648,33.998655],[-84.390518,33.998621],[-84.390425,33.998601],[-84.390256,33.998578],[-84.390115,33.998543],[-84.39004,33.998508],[-84.39001,33.998491],[-84.389976,33.99847],[-84.389889,33.998436],[-84.389668,33.998363],[-84.38952,33.998315],[-84.389466,33.99826],[-84.389433,33.998208],[-84.38937,33.998115],[-84.38931,33.998028],[-84.38922,33.997946],[-84.389146,33.997895],[-84.389022,33.997833],[-84.388951,33.997801],[-84.388851,33.997752],[-84.388789,33.997732],[-84.388719,33.99771],[-84.388641,33.997678],[-84.388555,33.997629],[-84.388498,33.997597],[-84.38847,33.997573],[-84.388424,33.997513],[-84.388356,33.997456],[-84.388292,33.997407],[-84.388203,33.997332],[-84.388134,33.997269],[-84.388037,33.99718],[-84.387949,33.997093],[-84.387874,33.997044],[-84.387772,33.996969],[-84.387685,33.996904],[-84.387634,33.996856],[-84.387623,33.996846],[-84.387622,33.9968],[-84.387644,33.996765],[-84.387692,33.996715],[-84.387877,33.996623],[-84.388013,33.996558],[-84.388139,33.996483],[-84.388237,33.996417],[-84.388295,33.996378],[-84.388325,33.996315],[-84.388429,33.996227],[-84.388538,33.996137],[-84.38863,33.99606],[-84.388727,33.995984],[-84.388832,33.995908],[-84.389022,33.995787],[-84.389138,33.995708],[-84.389267,33.995631],[-84.389375,33.995574],[-84.389654,33.995511],[-84.389837,33.995446],[-84.389877,33.995427],[-84.389924,33.995405],[-84.389973,33.995369],[-84.389993,33.995335],[-84.390012,33.995279],[-84.390008,33.995248],[-84.389969,33.995103],[-84.389923,33.995005],[-84.389892,33.994944],[-84.389833,33.994882],[-84.389785,33.994831],[-84.389747,33.994806],[-84.389696,33.994772],[-84.389655,33.994772],[-84.38964,33.994766],[-84.389619,33.994759],[-84.389598,33.994752],[-84.389587,33.994749],[-84.389575,33.994746],[-84.389564,33.994743],[-84.389535,33.994737],[-84.389507,33.994731],[-84.389478,33.994725],[-84.389454,33.994719],[-84.389384,33.994701],[-84.389337,33.994689],[-84.389314,33.994682],[-84.389266,33.994669],[-84.389234,33.994658],[-84.389202,33.994648],[-84.389184,33.994642],[-84.389162,33.994634],[-84.389151,33.994631],[-84.389139,33.994628],[-84.389128,33.994625],[-84.389117,33.994623],[-84.389096,33.99462],[-84.389076,33.994619],[-84.389065,33.994619],[-84.389051,33.994619],[-84.389038,33.994618],[-84.389025,33.994617],[-84.389014,33.994615],[-84.389002,33.994612],[-84.388982,33.994607],[-84.388966,33.994602],[-84.388955,33.994597],[-84.38894,33.994591],[-84.38893,33.994585],[-84.38892,33.994579],[-84.388907,33.99457],[-84.388898,33.994563],[-84.388888,33.994556],[-84.388828,33.994527],[-84.388788,33.994509],[-84.388727,33.994481],[-84.388709,33.994473],[-84.388686,33.994463],[-84.388656,33.99445],[-84.388642,33.994445],[-84.388629,33.99444],[-84.388619,33.994436],[-84.388602,33.994428],[-84.388572,33.994414],[-84.388546,33.994401],[-84.388517,33.994385],[-84.388485,33.994365],[-84.388462,33.99435],[-84.388434,33.99433],[-84.388414,33.994314],[-84.388388,33.994292],[-84.388366,33.994271],[-84.388349,33.994256],[-84.388324,33.994234],[-84.388256,33.994177],[-84.388207,33.994138],[-84.388164,33.994107],[-84.388134,33.994085],[-84.388099,33.994062],[-84.388075,33.994047],[-84.388059,33.994038],[-84.388042,33.994029],[-84.388016,33.994017],[-84.38799,33.994006],[-84.387971,33.993999],[-84.387952,33.993993],[-84.387933,33.993987],[-84.387915,33.993982],[-84.387895,33.993978],[-84.387876,33.993974],[-84.387857,33.99397],[-84.387845,33.99397],[-84.387834,33.99397],[-84.387821,33.993969],[-84.38781,33.993968],[-84.387798,33.993967],[-84.387763,33.993963],[-84.387739,33.993959],[-84.387716,33.993954],[-84.387692,33.993949],[-84.38767,33.993944],[-84.387659,33.993941],[-84.387636,33.993934],[-84.387614,33.993927],[-84.387593,33.993919],[-84.387571,33.99391],[-84.38755,33.993901],[-84.387529,33.993891],[-84.387509,33.993881],[-84.387492,33.993872],[-84.387478,33.993864],[-84.387458,33.993851],[-84.387445,33.993842],[-84.387432,33.993833],[-84.38742,33.993824],[-84.387397,33.993803],[-84.387375,33.993782],[-84.38736,33.993765],[-84.387341,33.993741],[-84.387333,33.993729],[-84.387324,33.993714],[-84.387313,33.993698],[-84.387298,33.993675],[-84.387287,33.993656],[-84.387273,33.993632],[-84.387263,33.993614],[-84.387252,33.993594],[-84.387241,33.993573],[-84.387235,33.99356],[-84.387228,33.993546],[-84.387221,33.993531],[-84.387215,33.993516],[-84.387204,33.993491],[-84.387197,33.993476],[-84.387191,33.993461],[-84.387184,33.993441],[-84.387178,33.993426],[-84.387167,33.993396],[-84.387159,33.99337],[-84.387151,33.993347],[-84.387139,33.993312],[-84.387128,33.993284],[-84.387116,33.993249],[-84.387104,33.993221],[-84.387093,33.993192],[-84.387081,33.993164],[-84.387066,33.99313],[-84.387048,33.99309],[-84.387026,33.993043],[-84.387016,33.993023],[-84.387009,33.993003],[-84.387,33.992983],[-84.387066,33.992924],[-84.387068,33.992851],[-84.386977,33.992792],[-84.386902,33.992741],[-84.386844,33.992694],[-84.386779,33.992671],[-84.386674,33.992675],[-84.386518,33.992624],[-84.386471,33.992609],[-84.386435,33.992597],[-84.386411,33.992589],[-84.386232,33.992544],[-84.38602,33.992491],[-84.3859,33.992472],[-84.385711,33.992467],[-84.385551,33.992477],[-84.385403,33.992494],[-84.38523,33.992497],[-84.384876,33.992506],[-84.384648,33.992518],[-84.384336,33.992551],[-84.384246,33.992574],[-84.384221,33.992578],[-84.384201,33.992583],[-84.383897,33.992702],[-84.383654,33.992796],[-84.383535,33.992824],[-84.38347,33.992827],[-84.383329,33.992804],[-84.383183,33.992822],[-84.383266,33.992878],[-84.383355,33.992964],[-84.38345,33.993032],[-84.383435,33.993048],[-84.383159,33.993315],[-84.383079,33.993394],[-84.383096,33.993406],[-84.383114,33.993434],[-84.383135,33.993473],[-84.383146,33.993495],[-84.38316,33.993521],[-84.383174,33.993547],[-84.383187,33.993575],[-84.3832,33.9936],[-84.383212,33.993626],[-84.383232,33.993659],[-84.383244,33.993686],[-84.383258,33.993713],[-84.383269,33.993745],[-84.383275,33.993772],[-84.383288,33.993807],[-84.383302,33.99384],[-84.383316,33.993872],[-84.38333,33.9939],[-84.383342,33.993933],[-84.383343,33.993965],[-84.383346,33.994],[-84.383363,33.99403],[-84.383368,33.99406],[-84.383371,33.994088],[-84.383381,33.99412],[-84.383394,33.994155],[-84.383407,33.994189],[-84.383415,33.994217],[-84.38342,33.994245],[-84.383432,33.994279],[-84.38344,33.994315],[-84.383442,33.99435],[-84.383443,33.994383],[-84.383445,33.994479],[-84.383448,33.994514],[-84.383449,33.994543],[-84.383452,33.994579],[-84.383455,33.994615],[-84.383459,33.994649],[-84.383463,33.994683],[-84.38347,33.994719],[-84.383464,33.994749],[-84.38346,33.99478],[-84.383467,33.994812],[-84.383468,33.994845],[-84.383465,33.994875],[-84.383454,33.994906],[-84.383438,33.994933],[-84.383423,33.994961],[-84.383422,33.994996],[-84.383432,33.995024],[-84.383422,33.995051],[-84.383416,33.995085],[-84.383413,33.995114],[-84.383411,33.995142],[-84.383406,33.995169],[-84.383397,33.995202],[-84.383389,33.995236],[-84.383387,33.995268],[-84.383385,33.995304],[-84.383383,33.995332],[-84.383376,33.995367],[-84.383359,33.995397],[-84.383344,33.995425],[-84.383339,33.995452],[-84.383334,33.995487],[-84.383331,33.995519],[-84.383327,33.995554],[-84.383321,33.995589],[-84.383312,33.995624],[-84.383304,33.995655],[-84.383293,33.995688],[-84.383273,33.995714],[-84.383259,33.995742],[-84.383249,33.995777],[-84.383246,33.995806],[-84.383236,33.995835],[-84.383233,33.995868],[-84.383227,33.995896],[-84.383222,33.995932],[-84.38322,33.995965],[-84.383226,33.995997],[-84.383231,33.996026],[-84.38323,33.996059],[-84.383232,33.99609],[-84.383229,33.996124],[-84.383226,33.996157],[-84.383223,33.996191],[-84.383222,33.996219],[-84.383219,33.996253],[-84.383207,33.996279],[-84.383194,33.996309],[-84.383191,33.996337],[-84.383177,33.996372],[-84.383174,33.996406],[-84.383171,33.996438],[-84.383171,33.996471],[-84.383166,33.996506],[-84.383158,33.996539],[-84.383153,33.996572],[-84.383149,33.996601],[-84.383142,33.996629],[-84.38313,33.996692],[-84.383103,33.99671],[-84.38308,33.996733],[-84.383077,33.996762],[-84.383067,33.996789],[-84.383055,33.996816],[-84.383045,33.996848],[-84.383033,33.99688],[-84.383025,33.996911],[-84.383021,33.996946],[-84.383016,33.996979],[-84.383009,33.997007],[-84.383005,33.997037],[-84.382998,33.997069],[-84.38299,33.9971],[-84.382985,33.997132],[-84.382984,33.997162],[-84.382984,33.997193],[-84.38298,33.997222],[-84.382977,33.997253],[-84.382971,33.997272],[-84.382953,33.997341],[-84.382946,33.997372],[-84.382943,33.997405],[-84.382937,33.997438],[-84.382932,33.99747],[-84.382937,33.997504],[-84.382932,33.997537],[-84.382926,33.997568],[-84.382904,33.997595],[-84.382891,33.997627],[-84.382885,33.997657],[-84.382887,33.997686],[-84.382866,33.997712],[-84.382849,33.997739],[-84.382834,33.997765],[-84.382816,33.997791],[-84.382788,33.997809],[-84.382754,33.997804],[-84.38274,33.997828],[-84.382734,33.997857],[-84.382727,33.997887],[-84.382714,33.997919],[-84.382697,33.997948],[-84.382684,33.997975],[-84.382675,33.998004],[-84.382666,33.998032],[-84.382646,33.998063],[-84.382626,33.998088],[-84.382598,33.998144],[-84.382576,33.998174],[-84.38256,33.998206],[-84.382531,33.998257],[-84.382508,33.998284],[-84.382488,33.998309],[-84.38247,33.998333],[-84.382442,33.998356],[-84.382407,33.998362],[-84.382385,33.998387],[-84.382376,33.998414],[-84.382366,33.998444],[-84.382354,33.998471],[-84.382335,33.998502],[-84.382316,33.998529],[-84.382311,33.998558],[-84.382295,33.998585],[-84.382268,33.998609],[-84.382231,33.998621],[-84.382211,33.998646],[-84.382192,33.998675],[-84.382185,33.998707],[-84.382174,33.998733],[-84.382156,33.998758],[-84.382139,33.998782],[-84.382121,33.998807],[-84.382101,33.998833],[-84.382084,33.998862],[-84.382061,33.998889],[-84.382041,33.998917],[-84.38203,33.998932],[-84.382021,33.998944],[-84.382001,33.998972],[-84.381979,33.998999],[-84.381964,33.999018],[-84.381945,33.999041],[-84.38193,33.99906],[-84.381911,33.999082],[-84.381891,33.999105],[-84.381875,33.999123],[-84.381858,33.999141],[-84.381842,33.99916],[-84.381824,33.999187],[-84.381798,33.999216],[-84.381777,33.999241],[-84.381754,33.999266],[-84.381731,33.999292],[-84.381707,33.999317],[-84.381684,33.999343],[-84.381662,33.999364],[-84.381639,33.999387],[-84.381612,33.999409],[-84.381579,33.999431],[-84.381549,33.999455],[-84.381523,33.999483],[-84.38151,33.999509],[-84.381494,33.999544],[-84.381475,33.999571],[-84.381454,33.999595],[-84.381423,33.999613],[-84.381387,33.999629],[-84.381349,33.999643],[-84.381314,33.999655],[-84.381279,33.999669],[-84.381246,33.999686],[-84.38121,33.999702],[-84.381143,33.999734],[-84.381111,33.999753],[-84.381085,33.999774],[-84.381058,33.999794],[-84.381019,33.999808],[-84.380985,33.999809],[-84.380947,33.999808],[-84.380914,33.999818],[-84.380885,33.999838],[-84.380854,33.999856],[-84.380817,33.99987],[-84.38078,33.99988],[-84.380743,33.999892],[-84.38071,33.999908],[-84.380677,33.999916],[-84.380644,33.999925],[-84.380607,33.999944],[-84.380581,33.999965],[-84.380568,33.999976],[-84.380462,33.999994],[-84.380446,33.999999],[-84.380413,34.000016],[-84.380376,34.000031],[-84.380336,34.000049],[-84.380297,34.00006],[-84.380261,34.000067],[-84.38023,34.00008],[-84.380193,34.0001],[-84.380177,34.000108],[-84.380161,34.000115],[-84.380129,34.000129],[-84.380096,34.000148],[-84.380057,34.000164],[-84.38003,34.000179],[-84.380002,34.000195],[-84.379977,34.000231],[-84.379947,34.000243],[-84.379927,34.000267],[-84.3799,34.000286],[-84.379871,34.0003],[-84.379839,34.000317],[-84.379806,34.000332],[-84.379772,34.00035],[-84.379736,34.000364],[-84.379708,34.000382],[-84.37968,34.000402],[-84.379652,34.000417],[-84.379619,34.000431],[-84.37959,34.000444],[-84.379555,34.000456],[-84.37952,34.000472],[-84.379452,34.000501],[-84.379426,34.000519],[-84.379394,34.000536],[-84.379359,34.00056],[-84.379326,34.000578],[-84.37929,34.000594],[-84.379264,34.000611],[-84.379231,34.000624],[-84.379198,34.000641],[-84.379164,34.000659],[-84.379123,34.000675],[-84.379083,34.000694],[-84.379053,34.000717],[-84.379018,34.000737],[-84.378977,34.000753],[-84.378931,34.000767],[-84.3789,34.000781],[-84.378871,34.0008],[-84.378838,34.000818],[-84.378807,34.000838],[-84.378774,34.000849],[-84.378739,34.000863],[-84.378706,34.000873],[-84.378671,34.000883],[-84.378638,34.000888],[-84.3786,34.000891],[-84.378558,34.0009],[-84.378524,34.000905],[-84.378486,34.000914],[-84.378451,34.000924],[-84.378419,34.000935],[-84.378376,34.000941],[-84.378337,34.000946],[-84.378302,34.000949],[-84.378268,34.000948],[-84.378232,34.000943],[-84.378191,34.000937],[-84.37815,34.000936],[-84.37811,34.000939],[-84.378071,34.000944],[-84.378027,34.000947],[-84.377983,34.00095],[-84.377939,34.00095],[-84.377903,34.000946],[-84.37786,34.00094],[-84.377818,34.00094],[-84.377785,34.000935],[-84.377747,34.000934],[-84.377711,34.000934],[-84.377675,34.000936],[-84.37763,34.000937],[-84.377585,34.000939],[-84.37754,34.000945],[-84.377497,34.000945],[-84.377456,34.000946],[-84.377422,34.00095],[-84.377383,34.000953],[-84.377299,34.000955],[-84.377262,34.000955],[-84.377226,34.000954],[-84.377182,34.000954],[-84.377137,34.000958],[-84.377098,34.000961],[-84.377065,34.000961],[-84.377029,34.000963],[-84.376993,34.000967],[-84.376959,34.000967],[-84.376921,34.000972],[-84.376885,34.000972],[-84.376843,34.000973],[-84.376798,34.000976],[-84.376749,34.000976],[-84.376702,34.000976],[-84.376633,34.000976],[-84.376599,34.000979],[-84.376565,34.000979],[-84.376524,34.000979],[-84.376482,34.000975],[-84.376435,34.000971],[-84.376388,34.000964],[-84.376348,34.000959],[-84.376312,34.000955],[-84.376277,34.00095],[-84.376244,34.000943],[-84.376205,34.000942],[-84.376162,34.000941],[-84.376117,34.000941],[-84.376074,34.00094],[-84.376032,34.000941],[-84.375996,34.000951],[-84.375957,34.000952],[-84.375911,34.000952],[-84.375863,34.000941],[-84.375832,34.000931],[-84.375799,34.000925],[-84.37575,34.000925],[-84.375706,34.000913],[-84.375669,34.000911],[-84.375631,34.000913],[-84.375597,34.000926],[-84.375617,34.000949],[-84.375623,34.000977],[-84.375651,34.000994],[-84.375732,34.001003],[-84.375771,34.001017],[-84.375807,34.00103],[-84.37584,34.001035],[-84.375874,34.001032],[-84.375904,34.001048],[-84.375919,34.001074],[-84.375883,34.001079],[-84.375845,34.001076],[-84.375808,34.001082],[-84.375774,34.001094],[-84.37575,34.001074],[-84.375718,34.001065],[-84.375681,34.001061],[-84.375647,34.001055],[-84.37563,34.001029],[-84.37559,34.001022],[-84.375549,34.001014],[-84.375513,34.001014],[-84.375474,34.001003],[-84.375443,34.000992],[-84.375412,34.000979],[-84.375378,34.000971],[-84.375358,34.000944],[-84.375323,34.000929],[-84.375282,34.000922],[-84.375234,34.000922],[-84.375192,34.000923],[-84.375163,34.000907],[-84.375119,34.000913],[-84.375101,34.000939],[-84.37507,34.000926],[-84.375031,34.000922],[-84.374999,34.000909],[-84.374961,34.000896],[-84.374929,34.000879],[-84.374892,34.00087],[-84.374854,34.000868],[-84.374811,34.000864],[-84.37477,34.000862],[-84.374731,34.000859],[-84.374693,34.000859],[-84.374656,34.000854],[-84.374632,34.000849],[-84.374378,34.000839],[-84.373807,34.000827],[-84.373685,34.000784],[-84.373659,34.000776],[-84.373613,34.000782],[-84.373568,34.000776],[-84.373531,34.000778],[-84.373495,34.000779],[-84.373452,34.000779],[-84.373405,34.000779],[-84.373368,34.000777],[-84.373324,34.000774],[-84.373279,34.000774],[-84.373233,34.00077],[-84.373189,34.000764],[-84.373155,34.000759],[-84.373121,34.000759],[-84.373069,34.000757],[-84.373034,34.000757],[-84.372946,34.000756],[-84.372913,34.000752],[-84.372873,34.000746],[-84.372846,34.000748],[-84.372802,34.000745],[-84.372764,34.000735],[-84.372719,34.000732],[-84.37268,34.000732],[-84.372645,34.000732],[-84.372611,34.000731],[-84.372567,34.000723],[-84.372524,34.000721],[-84.372489,34.000709],[-84.372451,34.000703],[-84.37241,34.00069],[-84.372376,34.000681],[-84.372343,34.000674],[-84.372306,34.000671],[-84.372266,34.00067],[-84.372201,34.000649],[-84.372165,34.000655],[-84.372127,34.000661],[-84.372086,34.000659],[-84.372044,34.000654],[-84.371997,34.000645],[-84.371959,34.000633],[-84.371915,34.000624],[-84.371875,34.000609],[-84.371844,34.000596],[-84.371796,34.000589],[-84.371747,34.000585],[-84.371713,34.000576],[-84.371676,34.000566],[-84.371636,34.000557],[-84.371594,34.000548],[-84.371555,34.000552],[-84.371513,34.000552],[-84.371473,34.000551],[-84.371431,34.000539],[-84.371391,34.000527],[-84.371351,34.00052],[-84.371309,34.000518],[-84.371267,34.000502],[-84.371239,34.000485],[-84.371192,34.000476],[-84.371148,34.000478],[-84.371114,34.000478],[-84.37107,34.000477],[-84.371027,34.000466],[-84.370985,34.000456],[-84.370945,34.000441],[-84.370904,34.00044],[-84.370873,34.000431],[-84.370847,34.000413],[-84.370808,34.0004],[-84.37076,34.000389],[-84.370719,34.000383],[-84.37068,34.000382],[-84.370644,34.000379],[-84.370608,34.000378],[-84.370565,34.000364],[-84.370519,34.000351],[-84.370484,34.00034],[-84.370449,34.00033],[-84.370404,34.000316],[-84.370336,34.000286],[-84.370305,34.000274],[-84.370269,34.00027],[-84.370231,34.000262],[-84.370195,34.000255],[-84.370156,34.000249],[-84.370117,34.000242],[-84.370084,34.000236],[-84.370041,34.000222],[-84.370009,34.000214],[-84.369969,34.000211],[-84.369954,34.000206],[-84.369919,34.000201],[-84.369879,34.0002],[-84.369866,34.000197],[-84.369841,34.000193],[-84.369808,34.000193],[-84.369773,34.000198],[-84.369756,34.000192],[-84.369739,34.000186],[-84.369711,34.000172],[-84.369676,34.000165],[-84.36964,34.000153],[-84.369603,34.000147],[-84.369563,34.000139],[-84.369539,34.000132],[-84.369485,34.000118],[-84.369386,34.00009],[-84.369356,34.000078],[-84.369338,34.00007],[-84.368724,34.000023],[-84.36834,33.999959],[-84.368305,33.999958],[-84.368109,33.999959],[-84.36807,33.999959],[-84.367963,33.999959],[-84.367928,33.999956],[-84.36785,33.999948],[-84.367776,33.999945],[-84.367738,33.999945],[-84.367702,33.999944],[-84.367662,33.999942],[-84.367625,33.999936],[-84.367586,33.999935],[-84.367552,33.999938],[-84.367515,33.999944],[-84.367478,33.999953],[-84.36744,33.999957],[-84.367401,33.999963],[-84.367365,33.999963],[-84.367327,33.999966],[-84.367288,33.999967],[-84.367253,33.999971],[-84.367216,33.999977],[-84.367179,33.999982],[-84.367097,33.999991],[-84.367058,33.999999],[-84.367021,34.000009],[-84.366983,34.000021],[-84.366946,34.000036],[-84.366908,34.000047],[-84.366868,34.000056],[-84.366825,34.000065],[-84.366742,34.000085],[-84.366699,34.000086],[-84.366658,34.000086],[-84.366633,34.000105],[-84.366593,34.000119],[-84.366554,34.000127],[-84.366511,34.000138],[-84.366463,34.000147],[-84.36642,34.000157],[-84.366386,34.000166],[-84.366351,34.000174],[-84.366317,34.000182],[-84.366281,34.000189],[-84.366251,34.000199],[-84.366214,34.000213],[-84.366199,34.000217],[-84.36616,34.000223],[-84.366122,34.000229],[-84.366088,34.000238],[-84.366049,34.000245],[-84.366015,34.000253],[-84.365974,34.000259],[-84.365931,34.00026],[-84.365896,34.000259],[-84.365858,34.000267],[-84.365789,34.000279],[-84.365776,34.000279],[-84.365737,34.000279],[-84.365697,34.000281],[-84.365655,34.000284],[-84.365614,34.00029],[-84.365581,34.000297],[-84.365548,34.000305],[-84.365511,34.000311],[-84.365475,34.000313],[-84.365438,34.000321],[-84.365394,34.000329],[-84.365359,34.00033],[-84.365322,34.000331],[-84.365286,34.000336],[-84.365246,34.00034],[-84.365211,34.000344],[-84.365175,34.00035],[-84.365133,34.000355],[-84.365097,34.00036],[-84.365058,34.000369],[-84.36502,34.000376],[-84.364979,34.000387],[-84.364934,34.000394],[-84.364861,34.000403],[-84.36478,34.00041],[-84.364736,34.000427],[-84.364704,34.000437],[-84.364669,34.000441],[-84.364639,34.000454],[-84.364595,34.000471],[-84.36456,34.000481],[-84.364522,34.000492],[-84.364484,34.000505],[-84.36445,34.000515],[-84.364408,34.000522],[-84.364376,34.000533],[-84.364342,34.000543],[-84.364306,34.000554],[-84.364267,34.000569],[-84.364226,34.000582],[-84.364185,34.000591],[-84.364146,34.000599],[-84.36411,34.00061],[-84.364074,34.000622],[-84.364036,34.000629],[-84.363998,34.000634],[-84.363954,34.000646],[-84.363928,34.00066],[-84.363896,34.000673],[-84.363856,34.000684],[-84.363813,34.000692],[-84.363769,34.000701],[-84.363725,34.000711],[-84.363681,34.000721],[-84.363632,34.000723],[-84.363594,34.000733],[-84.36355,34.000745],[-84.363501,34.000753],[-84.363452,34.000767],[-84.36341,34.000784],[-84.36337,34.0008],[-84.363333,34.000808],[-84.363281,34.000808],[-84.363246,34.00081],[-84.36321,34.000809],[-84.363174,34.000812],[-84.363133,34.000815],[-84.363087,34.000817],[-84.362948,34.000816],[-84.3629,34.000818],[-84.362854,34.00082],[-84.362816,34.00082],[-84.362778,34.000825],[-84.362742,34.000831],[-84.362702,34.000839],[-84.362662,34.000847],[-84.36262,34.000839],[-84.362577,34.000828],[-84.362541,34.000827],[-84.362506,34.000827],[-84.362467,34.000832],[-84.362429,34.000833],[-84.362385,34.000832],[-84.362345,34.000837],[-84.362298,34.000845],[-84.362247,34.000846],[-84.362206,34.000847],[-84.362161,34.000854],[-84.362111,34.000859],[-84.362063,34.000861],[-84.362017,34.000867],[-84.361967,34.000878],[-84.361919,34.000891],[-84.36188,34.000903],[-84.361842,34.000908],[-84.361802,34.000909],[-84.361767,34.000918],[-84.361718,34.00093],[-84.361671,34.000937],[-84.361625,34.000944],[-84.361588,34.000954],[-84.361545,34.000963],[-84.361499,34.000973],[-84.361451,34.000985],[-84.36141,34.000996],[-84.361376,34.001003],[-84.361307,34.001009],[-84.361266,34.001022],[-84.36123,34.00103],[-84.361189,34.001036],[-84.361155,34.001044],[-84.361112,34.001056],[-84.36108,34.001065],[-84.361041,34.001085],[-84.361004,34.0011],[-84.360964,34.001107],[-84.360926,34.001119],[-84.360888,34.001134],[-84.360848,34.001144],[-84.360816,34.001153],[-84.36078,34.001156],[-84.360741,34.001167],[-84.360706,34.001174],[-84.360666,34.001181],[-84.36063,34.001195],[-84.360594,34.00121],[-84.360556,34.001224],[-84.360522,34.001238],[-84.360488,34.001249],[-84.360452,34.001265],[-84.360408,34.001281],[-84.360369,34.001304],[-84.360332,34.001328],[-84.360293,34.001349],[-84.360258,34.001363],[-84.360224,34.001369],[-84.360187,34.001379],[-84.360148,34.001395],[-84.360106,34.001404],[-84.360065,34.001415],[-84.360029,34.001435],[-84.359988,34.001454],[-84.359947,34.001471],[-84.3599,34.001484],[-84.359859,34.001496],[-84.359822,34.001504],[-84.359769,34.001501],[-84.359452,34.001569],[-84.35901,34.00156],[-84.358681,34.001553],[-84.357879,34.001664],[-84.357284,34.001759],[-84.355877,34.002329],[-84.355618,34.002474],[-84.355283,34.002566],[-84.354967,34.002609],[-84.354503,34.002642],[-84.353805,34.002808],[-84.353673,34.002839],[-84.353335,34.002939],[-84.352718,34.003227],[-84.35152,34.003551],[-84.351335,34.003517],[-84.350815,34.003678],[-84.350492,34.003715],[-84.350512,34.004057],[-84.350519,34.004167],[-84.350552,34.004739],[-84.350589,34.005383],[-84.350608,34.005518],[-84.350662,34.00571],[-84.350749,34.005895],[-84.350924,34.006144],[-84.351096,34.0063],[-84.351273,34.006424],[-84.351418,34.006504],[-84.352035,34.006798],[-84.352297,34.006942],[-84.352555,34.007109],[-84.353069,34.007484],[-84.353102,34.007508],[-84.353385,34.007683],[-84.353904,34.007958],[-84.355498,34.008799],[-84.355613,34.008849],[-84.355753,34.008891],[-84.355954,34.008922],[-84.356158,34.008921],[-84.357231,34.008771],[-84.358628,34.008573],[-84.35927,34.008482],[-84.359451,34.008476],[-84.359583,34.008489],[-84.35971,34.008518],[-84.359817,34.008555],[-84.359955,34.008618],[-84.360307,34.0089],[-84.360664,34.009196],[-84.360827,34.009327],[-84.361019,34.009525],[-84.362396,34.011273],[-84.362512,34.01142],[-84.362597,34.011553],[-84.36266,34.011671],[-84.362687,34.011723],[-84.362743,34.011859],[-84.362757,34.011906],[-84.362795,34.012029],[-84.362826,34.012173],[-84.362833,34.012238],[-84.362846,34.012351],[-84.362889,34.014341],[-84.363632,34.014353],[-84.364281,34.014366],[-84.365621,34.014399],[-84.36592,34.014391],[-84.366217,34.014367],[-84.366589,34.014314],[-84.366938,34.01424],[-84.367333,34.014129],[-84.367741,34.013987],[-84.367851,34.013948],[-84.370722,34.012934],[-84.371466,34.01267],[-84.373014,34.012124],[-84.373408,34.011985],[-84.373512,34.011962],[-84.374172,34.011816],[-84.375144,34.011421],[-84.375685,34.011266],[-84.376224,34.011111],[-84.376678,34.01098],[-84.380568,34.00986],[-84.381617,34.009559],[-84.381737,34.009524],[-84.38189,34.00948],[-84.381965,34.009458],[-84.382246,34.009377],[-84.383287,34.009077],[-84.38433,34.008777],[-84.384642,34.008675],[-84.384908,34.008575],[-84.385285,34.008411],[-84.385667,34.008216],[-84.385963,34.008041],[-84.385978,34.008033],[-84.386985,34.007365],[-84.388411,34.006417],[-84.389859,34.005454],[-84.391793,34.004167],[-84.392187,34.003908],[-84.392515,34.003706],[-84.392534,34.003695],[-84.393066,34.003282]]]]}},
{"type":"Feature","properties":{"GEOID":"13121011424"},"geometry":{"type":"MultiPolygon","coordinates":[[[[-84.276421,34.004505],[-84.276483,34.004506],[-84.276439,34.003602],[-84.276365,34.002108],[-84.276306,34.001761],[-84.276196,34.0014],[-84.276049,34.001083],[-84.275982,34.000972],[-84.275948,34.000918],[-84.275857,34.000792],[-84.275655,34.000555],[-84.275279,34.000185],[-84.275093,33.999972],[-84.274921,33.999756],[-84.274881,33.999696],[-84.274808,33.999589],[-84.274718,33.999465],[-84.274526,33.999168],[-84.274399,33.998894],[-84.274287,33.998596],[-84.274271,33.998542],[-84.274149,33.998126],[-84.274057,33.997811],[-84.274003,33.997595],[-84.273566,33.995892],[-84.273511,33.995509],[-84.273474,33.995105],[-84.273375,33.993074],[-84.273354,33.992606],[-84.273351,33.99254],[-84.273305,33.991532],[-84.273241,33.990389],[-84.273228,33.990151],[-84.273213,33.989889],[-84.273218,33.989721],[-84.273268,33.989494],[-84.273304,33.989406],[-84.273323,33.989358],[-84.273391,33.989225],[-84.273463,33.989121],[-84.273499,33.989069],[-84.273556,33.988986],[-84.273666,33.988872],[-84.273764,33.988771],[-84.273432,33.988554],[-84.273308,33.988457],[-84.273117,33.988296],[-84.272859,33.98804],[-84.272616,33.987763],[-84.272433,33.98757],[-84.272323,33.987463],[-84.272275,33.987415],[-84.272242,33.987382],[-84.272046,33.987202],[-84.271684,33.986915],[-84.271219,33.986587],[-84.27042,33.986046],[-84.269289,33.985342],[-84.269146,33.985424],[-84.268903,33.985472],[-84.268705,33.985526],[-84.268513,33.985595],[-84.268292,33.985695],[-84.268119,33.985792],[-84.267925,33.985925],[-84.267777,33.986048],[-84.267687,33.986135],[-84.267034,33.986771],[-84.266819,33.986966],[-84.266551,33.987185],[-84.266228,33.987397],[-84.265961,33.987542],[-84.265669,33.987673],[-84.26516,33.98786],[-84.264346,33.988159],[-84.264021,33.988261],[-84.263691,33.988351],[-84.263342,33.988429],[-84.263039,33.988482],[-84.262634,33.988549],[-84.26241,33.988597],[-84.262145,33.988672],[-84.261887,33.988765],[-84.261693,33.98885],[-84.260488,33.989449],[-84.260164,33.989639],[-84.259975,33.989783],[-84.259843,33.989901],[-84.259703,33.990055],[-84.259582,33.99022],[-84.259497,33.990365],[-84.259428,33.990516],[-84.259256,33.991037],[-84.258777,33.992419],[-84.258694,33.99275],[-84.258638,33.993117],[-84.258661,33.994022],[-84.258697,33.996548],[-84.258708,33.997656],[-84.258696,33.997861],[-84.25867,33.998033],[-84.258626,33.99821],[-84.25857,33.998377],[-84.258495,33.998547],[-84.258368,33.99877],[-84.257971,33.999333],[-84.257451,34.000143],[-84.25738,34.00025],[-84.257194,34.000482],[-84.25706,34.000684],[-84.256924,34.000894],[-84.254385,34.004483],[-84.252634,34.007],[-84.252477,34.007279],[-84.252388,34.007483],[-84.252235,34.008215],[-84.252185,34.008462],[-84.251905,34.009833],[-84.251867,34.01009],[-84.251845,34.010349],[-84.25184,34.010682],[-84.251862,34.011084],[-84.251898,34.011396],[-84.251992,34.012024],[-84.252027,34.012257],[-84.252081,34.012621],[-84.252089,34.012921],[-84.252055,34.013229],[-84.251976,34.013542],[-84.251896,34.013753],[-84.251745,34.014047],[-84.251581,34.014278],[-84.250798,34.015082],[-84.250748,34.015133],[-84.251101,34.015549],[-84.251437,34.015974],[-84.25168,34.016306],[-84.252056,34.016821],[-84.252178,34.017006],[-84.25223,34.017089],[-84.252717,34.017866],[-84.252981,34.018287],[-84.253221,34.018685],[-84.253293,34.018833],[-84.253358,34.019003],[-84.253409,34.019175],[-84.253446,34.01935],[-84.253468,34.019527],[-84.253475,34.019722],[-84.253465,34.019855],[-84.253454,34.020031],[-84.253394,34.020316],[-84.253347,34.020445],[-84.252936,34.021595],[-84.252924,34.021629],[-84.252902,34.021692],[-84.252852,34.021862],[-84.252815,34.022044],[-84.252788,34.02231],[-84.252794,34.022577],[-84.252824,34.022805],[-84.252911,34.023202],[-84.252936,34.023328],[-84.252947,34.023455],[-84.252941,34.023582],[-84.25292,34.023708],[-84.252883,34.023831],[-84.25283,34.02395],[-84.252763,34.024065],[-84.252683,34.024172],[-84.25314,34.024248],[-84.253576,34.024308],[-84.254015,34.024357],[-84.254486,34.024397],[-84.254844,34.024411],[-84.255127,34.024407],[-84.255177,34.024406],[-84.255427,34.024403],[-84.255835,34.024389],[-84.256243,34.024361],[-84.256918,34.024287],[-84.257113,34.024258],[-84.257538,34.024195],[-84.258311,34.02408],[-84.258451,34.024059],[-84.258967,34.023982],[-84.259206,34.023939],[-84.25945,34.02388],[-84.259811,34.023773],[-84.260193,34.023642],[-84.260567,34.023496],[-84.261527,34.02306],[-84.26258,34.022581],[-84.262908,34.022377],[-84.263108,34.022255],[-84.263906,34.021766],[-84.264165,34.021629],[-84.26392,34.021086],[-84.263716,34.02055],[-84.263547,34.020009],[-84.263508,34.019726],[-84.263499,34.019514],[-84.26351,34.019292],[-84.263605,34.01851],[-84.26376,34.017232],[-84.263788,34.016895],[-84.2638,34.016564],[-84.263792,34.016105],[-84.263779,34.015996],[-84.263585,34.014379],[-84.263484,34.013533],[-84.26331,34.011921],[-84.263324,34.011666],[-84.263322,34.011427],[-84.263317,34.010573],[-84.263262,34.009482],[-84.263265,34.009284],[-84.263285,34.009096],[-84.263286,34.00865],[-84.263304,34.008453],[-84.263326,34.008274],[-84.263383,34.008035],[-84.26346,34.007811],[-84.263554,34.007602],[-84.263645,34.007436],[-84.263743,34.007281],[-84.264125,34.006811],[-84.265515,34.005113],[-84.266841,34.003493],[-84.267136,34.003137],[-84.267335,34.002944],[-84.26745,34.002854],[-84.267603,34.002751],[-84.26789,34.002601],[-84.268084,34.002525],[-84.26827,34.002468],[-84.268461,34.002426],[-84.268655,34.002397],[-84.270984,34.002283],[-84.271229,34.002281],[-84.271479,34.002295],[-84.271718,34.002324],[-84.271961,34.002369],[-84.27219,34.002429],[-84.272417,34.002504],[-84.272631,34.002591],[-84.272846,34.002696],[-84.274896,34.003929],[-84.275101,34.004061],[-84.275277,34.004154],[-84.275469,34.004242],[-84.275667,34.004318],[-84.275882,34.004386],[-84.27609,34.004438],[-84.27619,34.004457],[-84.276314,34.004481],[-84.27635,34.004489],[-84.276421,34.004505]]]]}},
{"type":"Feature","properties":{"GEOID":"13089021306"},"geometry":{"type":"MultiPolygon","coordinates":[[[[-84.294329,33.92003],[-84.294779,33.919809],[-84.29499,33.919705],[-84.294464,33.919516],[-84.293696,33.919217],[-84.2924,33.918533],[-84.291836,33.918197],[-84.291157,33.917774],[-84.290563,33.91731],[-84.290087,33.916877],[-84.28998,33.916754],[-84.289671,33.916429],[-84.289617,33.916373],[-84.289455,33.916202],[-84.288681,33.915388],[-84.286306,33.913107],[-84.286186,33.912992],[-84.285713,33.912547],[-84.284453,33.911266],[-84.283216,33.910095],[-84.280846,33.907806],[-84.279044,33.906019],[-84.278367,33.905539],[-84.278019,33.905306],[-84.277792,33.905178],[-84.277747,33.905153],[-84.277711,33.905132],[-84.277671,33.90511],[-84.277468,33.904996],[-84.277407,33.904961],[-84.277239,33.904866],[-84.276634,33.904535],[-84.276247,33.90432],[-84.274294,33.903219],[-84.273854,33.903011],[-84.273365,33.903389],[-84.273296,33.903446],[-84.273094,33.903616],[-84.271162,33.905298],[-84.269646,33.906574],[-84.269395,33.906787],[-84.266813,33.908963],[-84.264185,33.911719],[-84.263974,33.911899],[-84.262101,33.913922],[-84.261124,33.914937],[-84.260494,33.915596],[-84.259837,33.916287],[-84.259462,33.916659],[-84.259314,33.916811],[-84.258931,33.917216],[-84.258489,33.917687],[-84.258474,33.917701],[-84.258285,33.91789],[-84.258345,33.917973],[-84.258668,33.918426],[-84.258777,33.918556],[-84.258798,33.918577],[-84.258832,33.918611],[-84.258877,33.918657],[-84.258922,33.918702],[-84.258959,33.91875],[-84.259005,33.918812],[-84.259013,33.918824],[-84.259023,33.918836],[-84.259137,33.918988],[-84.259222,33.919101],[-84.259261,33.919088],[-84.25945,33.919025],[-84.259822,33.918901],[-84.260125,33.919508],[-84.261211,33.921763],[-84.261344,33.922039],[-84.261422,33.922201],[-84.261517,33.922417],[-84.261542,33.922475],[-84.261664,33.922755],[-84.261802,33.923071],[-84.261937,33.923379],[-84.262009,33.923544],[-84.262295,33.924195],[-84.262574,33.924832],[-84.263315,33.926523],[-84.263525,33.927005],[-84.264485,33.929601],[-84.264493,33.929623],[-84.264502,33.929648],[-84.264522,33.929701],[-84.2646,33.929843],[-84.264838,33.930631],[-84.264851,33.930709],[-84.264865,33.930796],[-84.264876,33.930865],[-84.264888,33.931041],[-84.264917,33.931158],[-84.264928,33.931205],[-84.265023,33.931162],[-84.265602,33.930909],[-84.26725,33.930214],[-84.268148,33.929826],[-84.269464,33.929259],[-84.269898,33.929071],[-84.27166,33.928308],[-84.274358,33.927107],[-84.274711,33.92696],[-84.274867,33.926895],[-84.274356,33.926957],[-84.276141,33.926161],[-84.276682,33.925919],[-84.277552,33.925544],[-84.278146,33.925305],[-84.27869,33.925075],[-84.279086,33.924907],[-84.27943,33.92474],[-84.279744,33.924577],[-84.280222,33.924299],[-84.280576,33.924085],[-84.280857,33.923867],[-84.281139,33.92364],[-84.281211,33.92358],[-84.281556,33.923294],[-84.281637,33.923461],[-84.281874,33.923961],[-84.282346,33.923723],[-84.282392,33.92368],[-84.28244,33.923641],[-84.28249,33.923605],[-84.282517,33.923589],[-84.282543,33.923573],[-84.282578,33.92356],[-84.28262,33.923538],[-84.282644,33.923524],[-84.282679,33.923488],[-84.282719,33.923459],[-84.282797,33.923398],[-84.282872,33.923334],[-84.282943,33.923267],[-84.283011,33.923198],[-84.283242,33.922952],[-84.283264,33.922931],[-84.283296,33.922915],[-84.283314,33.92291],[-84.283346,33.922905],[-84.283371,33.922897],[-84.283392,33.922883],[-84.283408,33.922866],[-84.283467,33.922867],[-84.28352,33.922867],[-84.285739,33.922894],[-84.28589,33.922893],[-84.286119,33.922636],[-84.28626,33.922477],[-84.286314,33.922488],[-84.286369,33.922496],[-84.28646,33.92251],[-84.286549,33.922529],[-84.286607,33.922547],[-84.286663,33.922569],[-84.286715,33.922597],[-84.286777,33.922631],[-84.286843,33.92266],[-84.286912,33.922684],[-84.286957,33.922699],[-84.287001,33.922716],[-84.287068,33.922746],[-84.287132,33.92278],[-84.287154,33.922791],[-84.287178,33.922799],[-84.287203,33.922803],[-84.287229,33.922804],[-84.287254,33.922801],[-84.287278,33.922795],[-84.287301,33.922786],[-84.287321,33.922774],[-84.287339,33.92276],[-84.287354,33.922743],[-84.287371,33.922728],[-84.287392,33.922719],[-84.287416,33.922716],[-84.28744,33.92272],[-84.287465,33.92273],[-84.287489,33.922741],[-84.287512,33.922753],[-84.287534,33.922767],[-84.287554,33.922782],[-84.287573,33.922798],[-84.28759,33.922806],[-84.287602,33.922805],[-84.287628,33.922771],[-84.287632,33.922748],[-84.287631,33.922727],[-84.287627,33.922705],[-84.287619,33.922671],[-84.287619,33.922637],[-84.287625,33.922603],[-84.287629,33.922575],[-84.28764,33.9225],[-84.287651,33.922501],[-84.28771,33.922507],[-84.288017,33.922524],[-84.288573,33.922526],[-84.288828,33.92253],[-84.289481,33.922539],[-84.289805,33.922527],[-84.290021,33.92251],[-84.290234,33.92248],[-84.290443,33.922437],[-84.290648,33.922379],[-84.290847,33.922308],[-84.291041,33.922229],[-84.29123,33.922142],[-84.291504,33.921997],[-84.291693,33.921883],[-84.291849,33.92178],[-84.292066,33.921657],[-84.292589,33.921589],[-84.293378,33.921321],[-84.293501,33.921156],[-84.293478,33.920771],[-84.293516,33.920683],[-84.293892,33.920395],[-84.294329,33.92003]]]]}},
{"type":"Feature","properties":{"GEOID":"13089021308"},"geometry":{"type":"MultiPolygon","coordinates":[[[[-84.301212,33.86758],[-84.302396,33.866533],[-84.302102,33.866532],[-84.30166,33.866531],[-84.301627,33.866531],[-84.301602,33.866531],[-84.301134,33.866531],[-84.300586,33.866504],[-84.300341,33.866513],[-84.300205,33.866552],[-84.3,33.866618],[-84.299837,33.866685],[-84.299674,33.866787],[-84.299492,33.866924],[-84.299393,33.867007],[-84.299335,33.86709],[-84.299022,33.867632],[-84.298818,33.867959],[-84.298703,33.868132],[-84.298562,33.868312],[-84.298353,33.868512],[-84.298232,33.868601],[-84.29818,33.868635],[-84.298014,33.868732],[-84.297888,33.868784],[-84.297659,33.868842],[-84.297286,33.86889],[-84.29709,33.868928],[-84.296869,33.868987],[-84.296681,33.869046],[-84.296417,33.869139],[-84.294717,33.870056],[-84.294441,33.870208],[-84.29421,33.870295],[-84.294014,33.870354],[-84.293784,33.870412],[-84.293598,33.870436],[-84.293428,33.870461],[-84.293233,33.870477],[-84.292845,33.870483],[-84.292652,33.870451],[-84.292262,33.870354],[-84.292049,33.870289],[-84.291588,33.87016],[-84.291304,33.87009],[-84.291152,33.870065],[-84.290976,33.870047],[-84.290301,33.870033],[-84.290185,33.869403],[-84.289903,33.868179],[-84.289764,33.867527],[-84.289729,33.86702],[-84.28972,33.866773],[-84.289744,33.86586],[-84.289653,33.865527],[-84.289556,33.86537],[-84.289221,33.865031],[-84.288861,33.86467],[-84.288694,33.864819],[-84.287076,33.866232],[-84.285977,33.867184],[-84.285001,33.868037],[-84.284379,33.868562],[-84.284069,33.868799],[-84.283347,33.869314],[-84.28244,33.869908],[-84.27971,33.871682],[-84.278691,33.872333],[-84.278299,33.872602],[-84.277916,33.872905],[-84.277491,33.873274],[-84.277218,33.873539],[-84.277085,33.873669],[-84.276821,33.874025],[-84.275485,33.875754],[-84.275066,33.87625],[-84.273125,33.878749],[-84.273012,33.878913],[-84.273121,33.878985],[-84.273425,33.879231],[-84.274028,33.879746],[-84.274661,33.880274],[-84.275179,33.880708],[-84.275427,33.880897],[-84.275766,33.881123],[-84.276023,33.881276],[-84.276371,33.881467],[-84.276579,33.881563],[-84.276872,33.881662],[-84.277457,33.881836],[-84.278712,33.882209],[-84.278922,33.882272],[-84.2791,33.882326],[-84.27944,33.88243],[-84.279756,33.882524],[-84.280301,33.882688],[-84.280678,33.882802],[-84.281079,33.882938],[-84.281645,33.883176],[-84.282044,33.883389],[-84.282292,33.883556],[-84.283099,33.884208],[-84.28434,33.885251],[-84.284415,33.885314],[-84.284692,33.885527],[-84.284896,33.885654],[-84.285863,33.88568],[-84.287446,33.88569],[-84.288254,33.885651],[-84.289242,33.883812],[-84.290278,33.881971],[-84.290733,33.881153],[-84.292062,33.878763],[-84.292861,33.877329],[-84.293227,33.87666],[-84.293244,33.876629],[-84.293969,33.875306],[-84.294075,33.875346],[-84.294032,33.875196],[-84.294605,33.874211],[-84.295079,33.873435],[-84.295245,33.873189],[-84.295383,33.873001],[-84.295746,33.872589],[-84.296092,33.872289],[-84.297066,33.87129],[-84.297474,33.870924],[-84.298815,33.869705],[-84.299508,33.869089],[-84.301212,33.86758]]]]}},
{"type":"Feature","properties":{"GEOID":"13089021101"},"geometry":{"type":"MultiPolygon","coordinates":[[[[-84.348189,33.887858],[-84.348194,33.886143],[-84.348192,33.885491],[-84.34819,33.883702],[-84.348187,33.882237],[-84.348124,33.882108],[-84.348089,33.88209],[-84.34807,33.88208],[-84.348028,33.882058],[-84.347485,33.881782],[-84.346746,33.881542],[-84.34607,33.881371],[-84.345703,33.881305],[-84.34545,33.881283],[-84.344581,33.881133],[-84.342187,33.880735],[-84.340248,33.880425],[-84.33948,33.880309],[-84.338526,33.880204],[-84.337782,33.88016],[-84.337297,33.880206],[-84.336496,33.880358],[-84.335694,33.880546],[-84.335135,33.880795],[-84.33487,33.880888],[-84.334682,33.880934],[-84.334454,33.880907],[-84.334369,33.880888],[-84.334176,33.880845],[-84.333683,33.880636],[-84.333254,33.880515],[-84.333221,33.880506],[-84.332927,33.880416],[-84.331678,33.880281],[-84.331565,33.880286],[-84.330895,33.880317],[-84.330021,33.880387],[-84.328452,33.880438],[-84.327266,33.880441],[-84.327129,33.8813],[-84.327085,33.881603],[-84.32705,33.882196],[-84.327001,33.882689],[-84.327011,33.882911],[-84.327021,33.883142],[-84.327083,33.883819],[-84.327106,33.883943],[-84.327075,33.884112],[-84.327036,33.884273],[-84.32699,33.884407],[-84.326891,33.884567],[-84.326716,33.884754],[-84.326474,33.884978],[-84.326183,33.885248],[-84.326045,33.885347],[-84.325748,33.885623],[-84.32545,33.885942],[-84.325248,33.886171],[-84.324954,33.886638],[-84.324893,33.88677],[-84.324854,33.886855],[-84.324801,33.887058],[-84.324777,33.88715],[-84.324744,33.887404],[-84.324736,33.88792],[-84.324768,33.888238],[-84.324796,33.888444],[-84.324832,33.888595],[-84.324856,33.888692],[-84.325051,33.889256],[-84.325166,33.889669],[-84.325338,33.890132],[-84.325733,33.891277],[-84.325865,33.89164],[-84.325976,33.891897],[-84.326175,33.89227],[-84.327758,33.893255],[-84.328714,33.893452],[-84.329051,33.893502],[-84.32943,33.893538],[-84.329945,33.893542],[-84.330664,33.893495],[-84.331095,33.893443],[-84.331148,33.893428],[-84.33313,33.893231],[-84.333191,33.893238],[-84.333536,33.893198],[-84.333849,33.89319],[-84.334296,33.893214],[-84.334683,33.893258],[-84.334935,33.893312],[-84.335554,33.893488],[-84.336458,33.893754],[-84.337419,33.894099],[-84.339334,33.894711],[-84.341122,33.89532],[-84.341717,33.895495],[-84.342685,33.895868],[-84.343256,33.896136],[-84.343777,33.89635],[-84.344055,33.896525],[-84.34453,33.89689],[-84.344736,33.897106],[-84.344854,33.897244],[-84.344999,33.89745],[-84.345157,33.897763],[-84.345226,33.8979],[-84.346743,33.900202],[-84.347372,33.901174],[-84.347645,33.901684],[-84.347887,33.902135],[-84.347987,33.902308],[-84.347999,33.901561],[-84.348007,33.900824],[-84.348015,33.90029],[-84.348073,33.896316],[-84.348109,33.89379],[-84.348121,33.892937],[-84.348123,33.892819],[-84.348181,33.890939],[-84.348184,33.88977],[-84.348189,33.887858]]]]}},
{"type":"Feature","properties":{"GEOID":"13089021217"},"geometry":{"type":"MultiPolygon","coordinates":[[[[-84.296399,33.922417],[-84.296778,33.920596],[-84.29686,33.920151],[-84.29644,33.92008],[-84.295736,33.919896],[-84.295049,33.919726],[-84.29499,33.919705],[-84.294779,33.919809],[-84.294329,33.92003],[-84.293892,33.920395],[-84.293516,33.920683],[-84.293478,33.920771],[-84.293501,33.921156],[-84.293378,33.921321],[-84.292589,33.921589],[-84.292066,33.921657],[-84.291849,33.92178],[-84.291693,33.921883],[-84.291504,33.921997],[-84.29123,33.922142],[-84.291041,33.922229],[-84.290847,33.922308],[-84.290648,33.922379],[-84.290443,33.922437],[-84.290234,33.92248],[-84.290021,33.92251],[-84.289805,33.922527],[-84.289481,33.922539],[-84.288828,33.92253],[-84.288573,33.922526],[-84.288017,33.922524],[-84.28771,33.922507],[-84.287651,33.922501],[-84.28764,33.9225],[-84.287629,33.922575],[-84.287625,33.922603],[-84.287619,33.922637],[-84.287619,33.922671],[-84.287627,33.922705],[-84.287631,33.922727],[-84.287632,33.922748],[-84.287628,33.922771],[-84.287602,33.922805],[-84.28759,33.922806],[-84.287573,33.922798],[-84.287554,33.922782],[-84.287534,33.922767],[-84.287512,33.922753],[-84.287489,33.922741],[-84.287465,33.92273],[-84.28744,33.92272],[-84.287416,33.922716],[-84.287392,33.922719],[-84.287371,33.922728],[-84.287354,33.922743],[-84.287339,33.92276],[-84.287321,33.922774],[-84.287301,33.922786],[-84.287278,33.922795],[-84.287254,33.922801],[-84.287229,33.922804],[-84.287203,33.922803],[-84.287178,33.922799],[-84.287154,33.922791],[-84.287132,33.92278],[-84.287068,33.922746],[-84.287001,33.922716],[-84.286957,33.922699],[-84.286912,33.922684],[-84.286843,33.92266],[-84.286777,33.922631],[-84.286715,33.922597],[-84.286663,33.922569],[-84.286607,33.922547],[-84.286549,33.922529],[-84.28646,33.92251],[-84.286369,33.922496],[-84.286314,33.922488],[-84.28626,33.922477],[-84.286119,33.922636],[-84.28589,33.922893],[-84.285739,33.922894],[-84.28352,33.922867],[-84.283467,33.922867],[-84.283408,33.922866],[-84.283392,33.922883],[-84.283371,33.922897],[-84.283346,33.922905],[-84.283314,33.92291],[-84.283296,33.922915],[-84.283264,33.922931],[-84.283242,33.922952],[-84.283011,33.923198],[-84.282943,33.923267],[-84.282872,33.923334],[-84.282797,33.923398],[-84.282719,33.923459],[-84.282679,33.923488],[-84.282644,33.923524],[-84.28262,33.923538],[-84.282578,33.92356],[-84.282543,33.923573],[-84.282517,33.923589],[-84.28249,33.923605],[-84.28244,33.923641],[-84.282392,33.92368],[-84.282346,33.923723],[-84.281874,33.923961],[-84.282596,33.925484],[-84.282878,33.926132],[-84.283012,33.92644],[-84.283082,33.926608],[-84.283196,33.926883],[-84.283259,33.927036],[-84.283285,33.927097],[-84.283383,33.927417],[-84.283441,33.927607],[-84.28353,33.927998],[-84.283707,33.928907],[-84.28374,33.929076],[-84.283783,33.929293],[-84.283861,33.929674],[-84.283889,33.929798],[-84.284036,33.930266],[-84.284236,33.930684],[-84.284284,33.930773],[-84.284645,33.931447],[-84.284952,33.932017],[-84.28504,33.932181],[-84.285524,33.933036],[-84.286785,33.935481],[-84.28694,33.935704],[-84.287177,33.935912],[-84.287365,33.936052],[-84.287543,33.936191],[-84.287931,33.936419],[-84.288111,33.936499],[-84.288252,33.936545],[-84.288453,33.936591],[-84.288737,33.936606],[-84.289067,33.936576],[-84.289809,33.936541],[-84.290378,33.936495],[-84.291272,33.936447],[-84.292155,33.936407],[-84.292855,33.936389],[-84.293094,33.936406],[-84.293189,33.936413],[-84.293349,33.936467],[-84.29354,33.936531],[-84.293909,33.936681],[-84.293986,33.935829],[-84.294562,33.934946],[-84.294648,33.934779],[-84.294769,33.934494],[-84.294814,33.934334],[-84.294826,33.933971],[-84.294783,33.933404],[-84.294743,33.933065],[-84.294723,33.932405],[-84.294683,33.931762],[-84.294669,33.931229],[-84.29469,33.930909],[-84.294747,33.93069],[-84.294836,33.930447],[-84.295009,33.930096],[-84.295255,33.929383],[-84.295356,33.929064],[-84.295383,33.928211],[-84.295297,33.927406],[-84.295253,33.926881],[-84.295285,33.92651],[-84.296014,33.924014],[-84.296126,33.923627],[-84.296219,33.9233],[-84.296399,33.922417]]]]}},
{"type":"Feature","properties":{"GEOID":"13089021409"},"geometry":{"type":"MultiPolygon","coordinates":[[[[-84.300738,33.8586],[-84.29377,33.8586],[-84.293642,33.858854],[-84.293354,33.859427],[-84.29286,33.860376],[-84.292711,33.860636],[-84.292646,33.86075],[-84.292391,33.861165],[-84.292223,33.861401],[-84.292095,33.861579],[-84.291844,33.861868],[-84.291626,33.862094],[-84.291083,33.862659],[-84.290542,33.863178],[-84.289036,33.8645],[-84.288861,33.86467],[-84.289221,33.865031],[-84.289556,33.86537],[-84.289653,33.865527],[-84.289744,33.86586],[-84.28972,33.866773],[-84.289729,33.86702],[-84.289764,33.867527],[-84.289903,33.868179],[-84.290185,33.869403],[-84.290301,33.870033],[-84.290976,33.870047],[-84.291152,33.870065],[-84.291304,33.87009],[-84.291588,33.87016],[-84.292049,33.870289],[-84.292262,33.870354],[-84.292652,33.870451],[-84.292845,33.870483],[-84.293233,33.870477],[-84.293428,33.870461],[-84.293598,33.870436],[-84.293784,33.870412],[-84.294014,33.870354],[-84.29421,33.870295],[-84.294441,33.870208],[-84.294717,33.870056],[-84.294737,33.869964],[-84.294765,33.869877],[-84.29481,33.869795],[-84.294867,33.869718],[-84.294937,33.86965],[-84.295017,33.869589],[-84.295197,33.869489],[-84.295476,33.869352],[-84.295572,33.869311],[-84.29566,33.869259],[-84.295739,33.869197],[-84.295807,33.869127],[-84.295863,33.869051],[-84.296042,33.868722],[-84.296164,33.868472],[-84.296193,33.868385],[-84.296215,33.868297],[-84.296229,33.868208],[-84.296235,33.868118],[-84.296233,33.868028],[-84.296223,33.867938],[-84.296206,33.867849],[-84.296156,33.867769],[-84.296084,33.867703],[-84.295639,33.867448],[-84.295471,33.867335],[-84.295391,33.867274],[-84.295317,33.867208],[-84.295249,33.867138],[-84.295188,33.867064],[-84.295132,33.866986],[-84.295083,33.866906],[-84.29504,33.866824],[-84.295002,33.866739],[-84.294943,33.866566],[-84.294923,33.866477],[-84.294909,33.866388],[-84.294901,33.866298],[-84.294899,33.866208],[-84.294903,33.866118],[-84.29493,33.865939],[-84.294959,33.865842],[-84.29504,33.865578],[-84.295244,33.865401],[-84.29537,33.865156],[-84.295321,33.864841],[-84.295227,33.864674],[-84.295132,33.86454],[-84.295098,33.864391],[-84.295041,33.864307],[-84.294885,33.864221],[-84.29479,33.864103],[-84.294758,33.864006],[-84.294756,33.863916],[-84.29485,33.863504],[-84.29499,33.863037],[-84.295007,33.862948],[-84.295014,33.862858],[-84.295012,33.862768],[-84.294999,33.862678],[-84.294977,33.86259],[-84.294944,33.862504],[-84.294941,33.862414],[-84.294956,33.862325],[-84.294989,33.862239],[-84.295038,33.862159],[-84.295106,33.86209],[-84.29519,33.862033],[-84.295285,33.861991],[-84.295389,33.861966],[-84.295495,33.861947],[-84.295602,33.861937],[-84.29571,33.861938],[-84.295811,33.861908],[-84.295901,33.861858],[-84.296112,33.861653],[-84.29631,33.861439],[-84.296435,33.861292],[-84.296546,33.861138],[-84.296644,33.860977],[-84.296688,33.860895],[-84.296773,33.860839],[-84.296874,33.86081],[-84.296982,33.86081],[-84.297089,33.860821],[-84.297194,33.860843],[-84.297294,33.860876],[-84.297397,33.860902],[-84.297502,33.860923],[-84.297926,33.860991],[-84.298033,33.860978],[-84.29813,33.86094],[-84.29821,33.86088],[-84.298266,33.860803],[-84.298346,33.860742],[-84.298434,33.86069],[-84.298494,33.860665],[-84.29853,33.860649],[-84.298631,33.860618],[-84.298947,33.860556],[-84.299363,33.86046],[-84.299911,33.860308],[-84.300555,33.859966],[-84.30056,33.859944],[-84.300594,33.859798],[-84.300609,33.859333],[-84.300602,33.859243],[-84.300604,33.859153],[-84.300614,33.859064],[-84.300633,33.858975],[-84.30066,33.858888],[-84.300738,33.8586]]]]}},
{"type":"Feature","properties":{"GEOID":"13089021204"},"geometry":{"type":"MultiPolygon","coordinates":[[[[-84.309369,33.886222],[-84.310464,33.88567],[-84.310437,33.885639],[-84.310331,33.885515],[-84.310271,33.885445],[-84.310105,33.88525],[-84.309705,33.884622],[-84.309549,33.884214],[-84.30954,33.88417],[-84.309477,33.883857],[-84.309443,33.88349],[-84.309437,33.883051],[-84.309428,33.882523],[-84.309444,33.882011],[-84.309432,33.881585],[-84.309437,33.881432],[-84.309448,33.880643],[-84.309462,33.880204],[-84.309445,33.879732],[-84.309409,33.879023],[-84.309434,33.876798],[-84.309437,33.876509],[-84.30943,33.875481],[-84.309432,33.872119],[-84.309438,33.871092],[-84.309435,33.869152],[-84.309447,33.86788],[-84.30945,33.866593],[-84.309451,33.865356],[-84.309143,33.865391],[-84.30878,33.865424],[-84.30843,33.865465],[-84.307984,33.865542],[-84.307712,33.865595],[-84.307343,33.865712],[-84.30667,33.865937],[-84.306126,33.866122],[-84.3055,33.86629],[-84.30488,33.866378],[-84.304635,33.866397],[-84.303963,33.86643],[-84.303388,33.866481],[-84.302396,33.866533],[-84.301212,33.86758],[-84.299508,33.869089],[-84.298815,33.869705],[-84.297474,33.870924],[-84.297066,33.87129],[-84.296092,33.872289],[-84.295746,33.872589],[-84.295383,33.873001],[-84.295245,33.873189],[-84.295079,33.873435],[-84.294605,33.874211],[-84.294032,33.875196],[-84.294075,33.875346],[-84.293969,33.875306],[-84.293244,33.876629],[-84.293227,33.87666],[-84.292861,33.877329],[-84.292062,33.878763],[-84.290733,33.881153],[-84.290278,33.881971],[-84.289242,33.883812],[-84.288254,33.885651],[-84.286329,33.88911],[-84.28583,33.890006],[-84.286432,33.892116],[-84.28647,33.892424],[-84.286495,33.892685],[-84.286472,33.892903],[-84.28643,33.893156],[-84.286419,33.893213],[-84.28637,33.893457],[-84.28623,33.893877],[-84.286132,33.894085],[-84.286559,33.89468],[-84.286606,33.894745],[-84.287848,33.896475],[-84.287995,33.896681],[-84.287759,33.896778],[-84.28791,33.89704],[-84.288049,33.897284],[-84.2886,33.897264],[-84.288662,33.89728],[-84.288747,33.897284],[-84.288769,33.897284],[-84.288873,33.897294],[-84.288942,33.8973],[-84.289017,33.897307],[-84.289114,33.897315],[-84.289579,33.897104],[-84.295759,33.894582],[-84.297878,33.893707],[-84.298763,33.893297],[-84.299009,33.893161],[-84.299432,33.892903],[-84.299661,33.892753],[-84.299881,33.89261],[-84.300206,33.892358],[-84.300522,33.89209],[-84.300873,33.891772],[-84.302226,33.890368],[-84.302388,33.890209],[-84.302555,33.890044],[-84.303053,33.889626],[-84.303407,33.889359],[-84.30365,33.889184],[-84.303986,33.88897],[-84.304567,33.888635],[-84.304981,33.888413],[-84.306687,33.887573],[-84.308125,33.886848],[-84.308881,33.886467],[-84.309369,33.886222]]]]}},
{"type":"Feature","properties":{"GEOID":"13121011439"},"geometry":{"type":"MultiPolygon","coordinates":[[[[-84.29397,33.995543],[-84.294028,33.995331],[-84.294048,33.995109],[-84.294001,33.994495],[-84.29398,33.994067],[-84.294008,33.993499],[-84.293995,33.993363],[-84.293963,33.993229],[-84.293921,33.993117],[-84.293854,33.992992],[-84.29351,33.992541],[-84.293296,33.992264],[-84.293205,33.992099],[-84.293142,33.991904],[-84.293124,33.991784],[-84.293086,33.991251],[-84.293039,33.991031],[-84.292973,33.990866],[-84.292875,33.990698],[-84.292766,33.990562],[-84.29263,33.990429],[-84.292121,33.989981],[-84.291998,33.989841],[-84.291893,33.989686],[-84.291757,33.989404],[-84.291555,33.988972],[-84.291371,33.988666],[-84.291272,33.988529],[-84.291178,33.988425],[-84.291061,33.988262],[-84.290958,33.988067],[-84.290889,33.987861],[-84.290855,33.987664],[-84.29085,33.987517],[-84.29086,33.987249],[-84.290861,33.987121],[-84.290846,33.987005],[-84.290817,33.986891],[-84.290774,33.98678],[-84.290707,33.986656],[-84.290636,33.986556],[-84.290553,33.986463],[-84.290458,33.986377],[-84.290279,33.986254],[-84.29006,33.986152],[-84.289858,33.986092],[-84.289736,33.986071],[-84.289247,33.985988],[-84.287989,33.985771],[-84.287999,33.985695],[-84.288061,33.985477],[-84.288108,33.985243],[-84.2882,33.984955],[-84.288219,33.984688],[-84.288271,33.984445],[-84.288332,33.984267],[-84.288349,33.984205],[-84.288351,33.984186],[-84.288356,33.984044],[-84.288388,33.983726],[-84.288404,33.983698],[-84.288419,33.98363],[-84.288466,33.983534],[-84.28866,33.983477],[-84.28879,33.98344],[-84.289144,33.983273],[-84.289186,33.983192],[-84.289303,33.982963],[-84.289286,33.982799],[-84.28924,33.982688],[-84.289262,33.982527],[-84.28927,33.982421],[-84.289367,33.982335],[-84.289442,33.982231],[-84.289507,33.982117],[-84.289511,33.981979],[-84.28956,33.981847],[-84.289639,33.981777],[-84.290012,33.981532],[-84.290214,33.981283],[-84.290306,33.98116],[-84.290381,33.98107],[-84.290446,33.980933],[-84.290614,33.980697],[-84.290721,33.980626],[-84.290823,33.98055],[-84.290936,33.980488],[-84.29113,33.980485],[-84.291263,33.980469],[-84.291678,33.98011],[-84.291805,33.979965],[-84.291918,33.979862],[-84.292048,33.979772],[-84.292163,33.979664],[-84.292205,33.979559],[-84.29223,33.979449],[-84.292295,33.979335],[-84.292499,33.979176],[-84.292766,33.978938],[-84.292916,33.978752],[-84.293058,33.978461],[-84.293102,33.978291],[-84.293192,33.978076],[-84.293267,33.977797],[-84.293312,33.977595],[-84.293324,33.977052],[-84.29335,33.976925],[-84.293344,33.976882],[-84.293304,33.976589],[-84.293367,33.976437],[-84.29339,33.976382],[-84.292507,33.976019],[-84.292318,33.97593],[-84.292139,33.975829],[-84.292056,33.975772],[-84.291969,33.975719],[-84.291877,33.975671],[-84.291782,33.975628],[-84.291683,33.975591],[-84.291582,33.97556],[-84.291478,33.975534],[-84.290738,33.975399],[-84.290208,33.97531],[-84.289995,33.97528],[-84.289752,33.97526],[-84.289536,33.975248],[-84.28932,33.975249],[-84.289104,33.975262],[-84.28889,33.975286],[-84.288352,33.975336],[-84.287813,33.975373],[-84.287273,33.975397],[-84.286842,33.975423],[-84.286412,33.975464],[-84.285985,33.975522],[-84.285561,33.975595],[-84.285142,33.975685],[-84.284831,33.975762],[-84.284523,33.975848],[-84.28331,33.976232],[-84.282394,33.976507],[-84.282091,33.976604],[-84.281796,33.976716],[-84.281509,33.976843],[-84.281232,33.976983],[-84.280965,33.977137],[-84.280882,33.977194],[-84.280791,33.977243],[-84.280694,33.977283],[-84.280592,33.977313],[-84.280487,33.977333],[-84.280434,33.977338],[-84.280235,33.97748],[-84.279965,33.977667],[-84.279507,33.977976],[-84.279338,33.978109],[-84.27902,33.978467],[-84.278883,33.978646],[-84.278733,33.97888],[-84.278561,33.979123],[-84.278469,33.979276],[-84.278263,33.979554],[-84.278173,33.979643],[-84.278071,33.979732],[-84.277948,33.979821],[-84.277826,33.979882],[-84.277626,33.979959],[-84.277505,33.979993],[-84.27735,33.980026],[-84.277076,33.980038],[-84.276901,33.980025],[-84.276705,33.980003],[-84.276499,33.979953],[-84.276314,33.979894],[-84.276095,33.979818],[-84.275878,33.979708],[-84.275558,33.979553],[-84.275055,33.979227],[-84.274778,33.979029],[-84.274452,33.97876],[-84.274024,33.978366],[-84.273781,33.97809],[-84.273621,33.977868],[-84.273467,33.977607],[-84.273077,33.976691],[-84.272981,33.976401],[-84.2729,33.975997],[-84.272838,33.975647],[-84.272796,33.975314],[-84.272712,33.974998],[-84.272616,33.974699],[-84.272523,33.974491],[-84.272403,33.974332],[-84.27223,33.974153],[-84.271984,33.973991],[-84.271634,33.973782],[-84.271254,33.973547],[-84.270873,33.973355],[-84.269788,33.972851],[-84.269241,33.972611],[-84.268704,33.972355],[-84.268121,33.972067],[-84.268084,33.972055],[-84.267748,33.971945],[-84.267207,33.971811],[-84.266915,33.971761],[-84.266602,33.971728],[-84.266182,33.971753],[-84.26596,33.971809],[-84.265457,33.971986],[-84.264584,33.972412],[-84.264093,33.972672],[-84.263115,33.973113],[-84.263061,33.973145],[-84.262698,33.973365],[-84.262654,33.973401],[-84.262683,33.973442],[-84.262849,33.973676],[-84.263004,33.973893],[-84.265682,33.977658],[-84.26641,33.978681],[-84.266562,33.978894],[-84.266767,33.979217],[-84.266943,33.97955],[-84.267058,33.979807],[-84.267155,33.980068],[-84.267236,33.980334],[-84.267319,33.980692],[-84.267326,33.980739],[-84.267357,33.981195],[-84.267353,33.981795],[-84.267323,33.982734],[-84.267373,33.983048],[-84.267468,33.983363],[-84.267608,33.983692],[-84.267793,33.984021],[-84.268141,33.984417],[-84.268755,33.984956],[-84.269289,33.985342],[-84.27042,33.986046],[-84.271219,33.986587],[-84.271684,33.986915],[-84.272046,33.987202],[-84.272242,33.987382],[-84.272275,33.987415],[-84.272323,33.987463],[-84.272433,33.98757],[-84.272616,33.987763],[-84.272859,33.98804],[-84.273117,33.988296],[-84.273308,33.988457],[-84.273432,33.988554],[-84.273764,33.988771],[-84.274069,33.988979],[-84.275015,33.989624],[-84.275272,33.9898],[-84.275362,33.989858],[-84.276802,33.9908],[-84.277009,33.990935],[-84.277245,33.991089],[-84.277899,33.991463],[-84.27819,33.991588],[-84.278618,33.991774],[-84.279255,33.992049],[-84.279363,33.992103],[-84.2796,33.992244],[-84.279827,33.99242],[-84.279952,33.992539],[-84.280075,33.992679],[-84.280355,33.993065],[-84.280802,33.993687],[-84.281341,33.994397],[-84.281911,33.995149],[-84.281993,33.995256],[-84.28247,33.995885],[-84.282681,33.996189],[-84.282856,33.996479],[-84.282883,33.99653],[-84.283002,33.996759],[-84.283146,33.997082],[-84.283282,33.997467],[-84.283314,33.997603],[-84.283426,33.998069],[-84.283578,33.9987],[-84.283654,33.998962],[-84.283766,33.999225],[-84.28395,33.999552],[-84.284104,33.999774],[-84.284302,34.000017],[-84.28453,34.000244],[-84.284948,34.000532],[-84.285067,34.000606],[-84.285295,34.000733],[-84.285606,34.000879],[-84.28602,34.001023],[-84.287378,34.001375],[-84.287939,34.001533],[-84.289004,34.001962],[-84.289101,34.002007],[-84.289256,34.001782],[-84.28935,34.001588],[-84.289407,34.001384],[-84.289425,34.001175],[-84.289413,34.001012],[-84.289377,34.000852],[-84.289133,34.000265],[-84.289113,34.000189],[-84.289094,34.000088],[-84.289089,34.000051],[-84.289079,34.000016],[-84.289083,33.999979],[-84.289138,33.999701],[-84.289347,33.99899],[-84.289358,33.998954],[-84.289456,33.998781],[-84.289592,33.998635],[-84.289634,33.998606],[-84.289766,33.998516],[-84.289951,33.998438],[-84.290117,33.998399],[-84.290271,33.998385],[-84.290431,33.998385],[-84.290933,33.998388],[-84.291242,33.998389],[-84.291901,33.998392],[-84.292374,33.99839],[-84.292543,33.998367],[-84.292706,33.998326],[-84.292861,33.998266],[-84.293022,33.998179],[-84.293162,33.998074],[-84.293277,33.997957],[-84.293353,33.997853],[-84.29341,33.997751],[-84.293455,33.997641],[-84.293485,33.99753],[-84.2935,33.997397],[-84.293513,33.996736],[-84.293514,33.99669],[-84.29354,33.996528],[-84.293587,33.99637],[-84.29397,33.995543]]]]}},
{"type":"Feature","properties":{"GEOID":"13121011429"},"geometry":{"type":"MultiPolygon","coordinates":[[[[-84.250241,34.02844],[-84.269438,34.02844],[-84.269369,34.028165],[-84.269348,34.028081],[-84.26934,34.028026],[-84.269303,34.027784],[-84.269278,34.027621],[-84.26926,34.027374],[-84.269259,34.027282],[-84.269258,34.027171],[-84.269275,34.026879],[-84.26928,34.026785],[-84.269287,34.026676],[-84.269374,34.026012],[-84.269474,34.02527],[-84.269484,34.025199],[-84.269547,34.024726],[-84.269953,34.021402],[-84.269731,34.02137],[-84.269401,34.021331],[-84.269069,34.021315],[-84.267322,34.021312],[-84.266992,34.021312],[-84.265897,34.021311],[-84.265687,34.02131],[-84.265406,34.021322],[-84.265194,34.021343],[-84.264984,34.021375],[-84.264772,34.02142],[-84.26456,34.021479],[-84.264343,34.021553],[-84.264165,34.021629],[-84.263906,34.021766],[-84.263108,34.022255],[-84.262908,34.022377],[-84.26258,34.022581],[-84.261527,34.02306],[-84.260567,34.023496],[-84.260193,34.023642],[-84.259811,34.023773],[-84.25945,34.02388],[-84.259206,34.023939],[-84.258967,34.023982],[-84.258451,34.024059],[-84.258311,34.02408],[-84.257538,34.024195],[-84.257113,34.024258],[-84.256918,34.024287],[-84.256243,34.024361],[-84.255835,34.024389],[-84.255427,34.024403],[-84.255177,34.024406],[-84.255127,34.024407],[-84.254844,34.024411],[-84.254486,34.024397],[-84.254015,34.024357],[-84.253576,34.024308],[-84.25314,34.024248],[-84.252683,34.024172],[-84.251567,34.025479],[-84.251381,34.025723],[-84.251222,34.025962],[-84.251105,34.026161],[-84.250992,34.02638],[-84.250803,34.026841],[-84.250516,34.027672],[-84.250324,34.028221],[-84.250241,34.02844]]]]}},
{"type":"Feature","properties":{"GEOID":"13121011441"},"geometry":{"type":"MultiPolygon","coordinates":[[[[-84.316856,34.020908],[-84.317289,34.02053],[-84.317673,34.020202],[-84.31702,34.020055],[-84.316672,34.019968],[-84.316331,34.019862],[-84.316018,34.019746],[-84.315696,34.019606],[-84.314592,34.019055],[-84.312914,34.01822],[-84.312493,34.017986],[-84.312135,34.017756],[-84.31188,34.017573],[-84.31178,34.017494],[-84.311531,34.017289],[-84.310451,34.016295],[-84.310137,34.016024],[-84.309793,34.015745],[-84.309396,34.015444],[-84.309009,34.015169],[-84.307968,34.014526],[-84.307354,34.014147],[-84.307118,34.014001],[-84.306925,34.013882],[-84.306226,34.013492],[-84.305741,34.013199],[-84.30567,34.013237],[-84.305625,34.013245],[-84.305479,34.013182],[-84.3051,34.013142],[-84.304884,34.013137],[-84.304624,34.013187],[-84.304401,34.013236],[-84.304244,34.0133],[-84.304087,34.013382],[-84.303987,34.013451],[-84.303933,34.013488],[-84.303771,34.013547],[-84.303602,34.013552],[-84.303422,34.013595],[-84.303278,34.013697],[-84.303167,34.0138],[-84.303003,34.013934],[-84.302901,34.014007],[-84.301621,34.014987],[-84.301536,34.015032],[-84.301358,34.015126],[-84.301301,34.01514],[-84.301114,34.015212],[-84.300916,34.015289],[-84.300738,34.015398],[-84.300462,34.015517],[-84.300247,34.015558],[-84.300207,34.015566],[-84.299934,34.01558],[-84.299769,34.0156],[-84.299173,34.0157],[-84.298525,34.015706],[-84.298285,34.0157],[-84.298011,34.015716],[-84.297758,34.015732],[-84.297263,34.015791],[-84.296797,34.01582],[-84.2965,34.015857],[-84.296312,34.015853],[-84.295623,34.015869],[-84.295367,34.015875],[-84.295131,34.015897],[-84.294956,34.015936],[-84.294842,34.015981],[-84.294769,34.016034],[-84.294659,34.016098],[-84.294473,34.016192],[-84.294374,34.016205],[-84.294271,34.016183],[-84.294186,34.016115],[-84.29412,34.016063],[-84.294013,34.016021],[-84.293943,34.016019],[-84.293658,34.016111],[-84.293529,34.016167],[-84.293402,34.016184],[-84.293287,34.016122],[-84.29322,34.015863],[-84.293173,34.015717],[-84.29307,34.01555],[-84.293007,34.015439],[-84.292985,34.0154],[-84.292711,34.015167],[-84.292516,34.015076],[-84.292353,34.015034],[-84.292173,34.014951],[-84.29203,34.014866],[-84.291858,34.014792],[-84.291798,34.014775],[-84.291699,34.014777],[-84.291618,34.014798],[-84.291513,34.014851],[-84.291432,34.0149],[-84.291302,34.014999],[-84.291135,34.015102],[-84.290961,34.01521],[-84.290817,34.015305],[-84.290645,34.015411],[-84.290469,34.01547],[-84.290359,34.015534],[-84.290306,34.015579],[-84.290194,34.015686],[-84.29011,34.015692],[-84.290012,34.015667],[-84.289924,34.015622],[-84.289295,34.015463],[-84.289177,34.015436],[-84.288726,34.015333],[-84.288412,34.015271],[-84.28844,34.01515],[-84.288464,34.015088],[-84.288549,34.014958],[-84.288674,34.014844],[-84.288839,34.01475],[-84.288999,34.014705],[-84.289383,34.014681],[-84.289481,34.014656],[-84.289614,34.0146],[-84.28974,34.014514],[-84.289826,34.014416],[-84.289867,34.014309],[-84.289894,34.01421],[-84.289901,34.01414],[-84.28986,34.013853],[-84.289871,34.013733],[-84.289912,34.013613],[-84.290004,34.013473],[-84.29009,34.013396],[-84.290197,34.013332],[-84.290344,34.013276],[-84.290447,34.013259],[-84.290559,34.013259],[-84.290683,34.013276],[-84.291319,34.013443],[-84.291458,34.013467],[-84.291646,34.013463],[-84.291826,34.013435],[-84.292036,34.01336],[-84.29225,34.013249],[-84.292413,34.013097],[-84.292495,34.012959],[-84.292661,34.01234],[-84.292729,34.012146],[-84.292766,34.012059],[-84.292838,34.011961],[-84.292943,34.011843],[-84.293134,34.011674],[-84.293435,34.011406],[-84.293485,34.011343],[-84.293532,34.011242],[-84.293574,34.011154],[-84.293683,34.010443],[-84.293679,34.010359],[-84.293637,34.010216],[-84.29354,34.010077],[-84.293401,34.009977],[-84.293267,34.009918],[-84.293141,34.009888],[-84.293019,34.00988],[-84.292897,34.009897],[-84.292754,34.009939],[-84.292359,34.010162],[-84.292144,34.010217],[-84.292025,34.010225],[-84.291853,34.010213],[-84.291495,34.010168],[-84.291351,34.010176],[-84.290747,34.010254],[-84.290529,34.010279],[-84.290328,34.010262],[-84.290122,34.010221],[-84.289855,34.010094],[-84.289695,34.009954],[-84.289502,34.009736],[-84.289362,34.009601],[-84.289239,34.009543],[-84.28902,34.009458],[-84.288824,34.00944],[-84.288659,34.009449],[-84.28854,34.009465],[-84.288408,34.00949],[-84.288248,34.009572],[-84.288133,34.009646],[-84.288014,34.009745],[-84.28794,34.009851],[-84.287903,34.009934],[-84.287858,34.010049],[-84.287829,34.010205],[-84.287755,34.010789],[-84.287711,34.010916],[-84.287611,34.011067],[-84.287454,34.011235],[-84.28735,34.011324],[-84.287192,34.0114],[-84.287015,34.011465],[-84.286877,34.0115],[-84.286765,34.011501],[-84.286605,34.011484],[-84.286366,34.011443],[-84.286177,34.011373],[-84.286134,34.011366],[-84.285355,34.010901],[-84.285209,34.010852],[-84.285054,34.010829],[-84.284948,34.01083],[-84.284807,34.010848],[-84.28469,34.010885],[-84.284574,34.010939],[-84.284482,34.010996],[-84.284404,34.011064],[-84.284305,34.011218],[-84.28427,34.011295],[-84.284248,34.011406],[-84.284218,34.011807],[-84.284157,34.012026],[-84.284087,34.012169],[-84.283938,34.012438],[-84.283819,34.012728],[-84.283768,34.012918],[-84.283686,34.013376],[-84.283621,34.013691],[-84.283523,34.01391],[-84.283291,34.0142],[-84.283177,34.014301],[-84.283071,34.014367],[-84.282483,34.01457],[-84.282274,34.014602],[-84.281979,34.014603],[-84.281694,34.014587],[-84.280923,34.014491],[-84.280789,34.014915],[-84.280609,34.015486],[-84.280533,34.015728],[-84.280411,34.016074],[-84.280403,34.016099],[-84.28029,34.016341],[-84.280126,34.016601],[-84.279939,34.016829],[-84.277572,34.019091],[-84.277266,34.019355],[-84.276946,34.019592],[-84.276258,34.020044],[-84.275861,34.020287],[-84.275885,34.020291],[-84.276088,34.020205],[-84.276303,34.020129],[-84.276656,34.020029],[-84.277066,34.01995],[-84.27749,34.019908],[-84.277827,34.019928],[-84.278174,34.019976],[-84.278718,34.020068],[-84.279789,34.020275],[-84.280122,34.020322],[-84.280457,34.020353],[-84.280648,34.02036],[-84.280808,34.020367],[-84.281237,34.020365],[-84.281361,34.020362],[-84.282569,34.020329],[-84.28344,34.020318],[-84.283772,34.020328],[-84.284052,34.020351],[-84.284092,34.020357],[-84.284124,34.020361],[-84.284432,34.020404],[-84.284553,34.020429],[-84.284756,34.02047],[-84.28494,34.020519],[-84.285073,34.020554],[-84.285383,34.020656],[-84.285757,34.020808],[-84.2862,34.021014],[-84.286406,34.02111],[-84.287339,34.021546],[-84.287701,34.021695],[-84.288233,34.021895],[-84.289662,34.022427],[-84.289779,34.022469],[-84.290201,34.022625],[-84.290748,34.022826],[-84.291363,34.023028],[-84.291862,34.023211],[-84.292367,34.023429],[-84.292577,34.02353],[-84.293598,34.024077],[-84.293684,34.024123],[-84.294835,34.024742],[-84.294901,34.024774],[-84.295313,34.024949],[-84.295748,34.025092],[-84.296075,34.025174],[-84.297008,34.025371],[-84.298069,34.025593],[-84.298401,34.025663],[-84.298694,34.025706],[-84.298984,34.025729],[-84.2991,34.025733],[-84.299535,34.025722],[-84.299901,34.025693],[-84.300936,34.025612],[-84.301195,34.025605],[-84.301462,34.025613],[-84.302315,34.025692],[-84.302519,34.025685],[-84.30273,34.025663],[-84.302947,34.025624],[-84.303486,34.025475],[-84.303584,34.025446],[-84.304187,34.025273],[-84.304473,34.02519],[-84.305005,34.025065],[-84.305316,34.025003],[-84.305438,34.024979],[-84.307386,34.02463],[-84.307768,34.024545],[-84.308145,34.024448],[-84.308369,34.024382],[-84.308531,34.024335],[-84.308902,34.024211],[-84.309125,34.024116],[-84.3094,34.02398],[-84.309658,34.023879],[-84.309957,34.023787],[-84.310202,34.02373],[-84.310452,34.023693],[-84.310695,34.023676],[-84.312362,34.023658],[-84.31269,34.023616],[-84.312811,34.023583],[-84.312889,34.023561],[-84.312925,34.023552],[-84.313006,34.023531],[-84.313174,34.023466],[-84.313332,34.023391],[-84.313496,34.023298],[-84.313652,34.023194],[-84.313751,34.023114],[-84.313838,34.023046],[-84.314574,34.02236],[-84.314758,34.022226],[-84.314983,34.0221],[-84.31531,34.021923],[-84.316387,34.021284],[-84.316856,34.020908]]]]}},
{"type":"Feature","properties":{"GEOID":"13121011444"},"geometry":{"type":"MultiPolygon","coordinates":[[[[-84.23737,34.000115],[-84.23737,34.021643],[-84.237545,34.021753],[-84.237913,34.022077],[-84.23794,34.0221],[-84.238053,34.022272],[-84.238172,34.022524],[-84.238366,34.022835],[-84.23848,34.022948],[-84.238595,34.023036],[-84.238811,34.023068],[-84.23924,34.023214],[-84.239325,34.023216],[-84.23941,34.023204],[-84.239649,34.023124],[-84.239871,34.023059],[-84.240162,34.022953],[-84.240248,34.0229],[-84.240317,34.022867],[-84.240434,34.022803],[-84.240691,34.022713],[-84.240936,34.022612],[-84.241187,34.022517],[-84.241458,34.022395],[-84.241518,34.022363],[-84.241974,34.022171],[-84.242341,34.022016],[-84.242891,34.021746],[-84.243131,34.021612],[-84.243257,34.021576],[-84.24336,34.021546],[-84.243576,34.021464],[-84.243793,34.021344],[-84.244327,34.021073],[-84.24452,34.020967],[-84.244619,34.020901],[-84.244712,34.02083],[-84.244793,34.020795],[-84.245151,34.020643],[-84.245244,34.020597],[-84.245431,34.020519],[-84.245503,34.020449],[-84.245594,34.020396],[-84.245935,34.020574],[-84.246292,34.020778],[-84.246639,34.020991],[-84.247523,34.021562],[-84.249484,34.02283],[-84.250259,34.023328],[-84.250345,34.023383],[-84.250412,34.023426],[-84.250672,34.023568],[-84.250945,34.023693],[-84.251241,34.023806],[-84.251599,34.023916],[-84.252683,34.024172],[-84.252763,34.024065],[-84.25283,34.02395],[-84.252883,34.023831],[-84.25292,34.023708],[-84.252941,34.023582],[-84.252947,34.023455],[-84.252936,34.023328],[-84.252911,34.023202],[-84.252824,34.022805],[-84.252794,34.022577],[-84.252788,34.02231],[-84.252815,34.022044],[-84.252852,34.021862],[-84.252902,34.021692],[-84.252924,34.021629],[-84.252936,34.021595],[-84.253347,34.020445],[-84.253394,34.020316],[-84.253454,34.020031],[-84.253465,34.019855],[-84.253475,34.019722],[-84.253468,34.019527],[-84.253446,34.01935],[-84.253409,34.019175],[-84.253358,34.019003],[-84.253293,34.018833],[-84.253221,34.018685],[-84.252981,34.018287],[-84.252717,34.017866],[-84.25223,34.017089],[-84.252178,34.017006],[-84.252056,34.016821],[-84.25168,34.016306],[-84.251437,34.015974],[-84.251101,34.015549],[-84.250748,34.015133],[-84.250798,34.015082],[-84.251581,34.014278],[-84.251745,34.014047],[-84.251896,34.013753],[-84.251976,34.013542],[-84.252055,34.013229],[-84.252089,34.012921],[-84.252081,34.012621],[-84.252027,34.012257],[-84.251992,34.012024],[-84.251898,34.011396],[-84.251862,34.011084],[-84.25184,34.010682],[-84.251845,34.010349],[-84.251867,34.01009],[-84.251905,34.009833],[-84.252185,34.008462],[-84.252235,34.008215],[-84.252388,34.007483],[-84.252477,34.007279],[-84.252634,34.007],[-84.254385,34.004483],[-84.256924,34.000894],[-84.25706,34.000684],[-84.257194,34.000482],[-84.25738,34.00025],[-84.257451,34.000143],[-84.257971,33.999333],[-84.258368,33.99877],[-84.258495,33.998547],[-84.25857,33.998377],[-84.258626,33.99821],[-84.25867,33.998033],[-84.258696,33.997861],[-84.258708,33.997656],[-84.258697,33.996548],[-84.258661,33.994022],[-84.258638,33.993117],[-84.258694,33.99275],[-84.258777,33.992419],[-84.259256,33.991037],[-84.259428,33.990516],[-84.259497,33.990365],[-84.259582,33.99022],[-84.259703,33.990055],[-84.259843,33.989901],[-84.259975,33.989783],[-84.260164,33.989639],[-84.260488,33.989449],[-84.261693,33.98885],[-84.261887,33.988765],[-84.262145,33.988672],[-84.26241,33.988597],[-84.262634,33.988549],[-84.263039,33.988482],[-84.263342,33.988429],[-84.263691,33.988351],[-84.264021,33.988261],[-84.264346,33.988159],[-84.26516,33.98786],[-84.265669,33.987673],[-84.265961,33.987542],[-84.266228,33.987397],[-84.266551,33.987185],[-84.266819,33.986966],[-84.267034,33.986771],[-84.267687,33.986135],[-84.267777,33.986048],[-84.267925,33.985925],[-84.268119,33.985792],[-84.268292,33.985695],[-84.268513,33.985595],[-84.268705,33.985526],[-84.268903,33.985472],[-84.269146,33.985424],[-84.269289,33.985342],[-84.268755,33.984956],[-84.268141,33.984417],[-84.267793,33.984021],[-84.267608,33.983692],[-84.267468,33.983363],[-84.267373,33.983048],[-84.267323,33.982734],[-84.267353,33.981795],[-84.267357,33.981195],[-84.267326,33.980739],[-84.267319,33.980692],[-84.267236,33.980334],[-84.267155,33.980068],[-84.267058,33.979807],[-84.266943,33.97955],[-84.266767,33.979217],[-84.266562,33.978894],[-84.26641,33.978681],[-84.265682,33.977658],[-84.263004,33.973893],[-84.262849,33.973676],[-84.26276,33.973742],[-84.262679,33.973802],[-84.262598,33.973862],[-84.262253,33.974119],[-84.262067,33.974366],[-84.261929,33.974551],[-84.261758,33.975063],[-84.261646,33.975679],[-84.261642,33.97571],[-84.261558,33.976477],[-84.261597,33.9772],[-84.262213,33.979226],[-84.262645,33.980732],[-84.263022,33.981996],[-84.263064,33.982134],[-84.263336,33.983301],[-84.263455,33.984438],[-84.263451,33.985522],[-84.263445,33.985541],[-84.263305,33.985981],[-84.263272,33.986088],[-84.263175,33.986393],[-84.26308,33.986588],[-84.262976,33.986801],[-84.262655,33.987155],[-84.262276,33.987405],[-84.261744,33.987573],[-84.260936,33.987658],[-84.260135,33.987537],[-84.258668,33.986911],[-84.25803,33.986536],[-84.257328,33.986211],[-84.256715,33.986017],[-84.255975,33.985923],[-84.255355,33.985935],[-84.254669,33.9861],[-84.254491,33.986259],[-84.25407,33.986422],[-84.253334,33.987179],[-84.252602,33.988246],[-84.252106,33.989241],[-84.251328,33.990307],[-84.250429,33.991293],[-84.250157,33.991628],[-84.249752,33.992129],[-84.249598,33.992482],[-84.249485,33.992742],[-84.24947,33.993181],[-84.249601,33.993932],[-84.249733,33.994631],[-84.249753,33.99488],[-84.2498,33.995458],[-84.249745,33.996205],[-84.249572,33.996768],[-84.249275,33.997329],[-84.248951,33.997761],[-84.248316,33.998262],[-84.247499,33.998605],[-84.246283,33.998862],[-84.243451,33.999288],[-84.241744,33.999405],[-84.240505,33.999403],[-84.239945,33.999468],[-84.239011,33.999627],[-84.238043,33.999863],[-84.23737,34.000115]]]]}},
{"type":"Feature","properties":{"GEOID":"13089021410"},"geometry":{"type":"MultiPolygon","coordinates":[[[[-84.311259,33.8586],[-84.300738,33.8586],[-84.30066,33.858888],[-84.300633,33.858975],[-84.300614,33.859064],[-84.300604,33.859153],[-84.300602,33.859243],[-84.300609,33.859333],[-84.300594,33.859798],[-84.30056,33.859944],[-84.300555,33.859966],[-84.299911,33.860308],[-84.299363,33.86046],[-84.298947,33.860556],[-84.298631,33.860618],[-84.29853,33.860649],[-84.298494,33.860665],[-84.298434,33.86069],[-84.298346,33.860742],[-84.298266,33.860803],[-84.29821,33.86088],[-84.29813,33.86094],[-84.298033,33.860978],[-84.297926,33.860991],[-84.297502,33.860923],[-84.297397,33.860902],[-84.297294,33.860876],[-84.297194,33.860843],[-84.297089,33.860821],[-84.296982,33.86081],[-84.296874,33.86081],[-84.296773,33.860839],[-84.296688,33.860895],[-84.296644,33.860977],[-84.296546,33.861138],[-84.296435,33.861292],[-84.29631,33.861439],[-84.296112,33.861653],[-84.295901,33.861858],[-84.295811,33.861908],[-84.29571,33.861938],[-84.295602,33.861937],[-84.295495,33.861947],[-84.295389,33.861966],[-84.295285,33.861991],[-84.29519,33.862033],[-84.295106,33.86209],[-84.295038,33.862159],[-84.294989,33.862239],[-84.294956,33.862325],[-84.294941,33.862414],[-84.294944,33.862504],[-84.294977,33.86259],[-84.294999,33.862678],[-84.295012,33.862768],[-84.295014,33.862858],[-84.295007,33.862948],[-84.29499,33.863037],[-84.29485,33.863504],[-84.294756,33.863916],[-84.294758,33.864006],[-84.29479,33.864103],[-84.294885,33.864221],[-84.295041,33.864307],[-84.295098,33.864391],[-84.295132,33.86454],[-84.295227,33.864674],[-84.295321,33.864841],[-84.29537,33.865156],[-84.295244,33.865401],[-84.29504,33.865578],[-84.294959,33.865842],[-84.29493,33.865939],[-84.294903,33.866118],[-84.294899,33.866208],[-84.294901,33.866298],[-84.294909,33.866388],[-84.294923,33.866477],[-84.294943,33.866566],[-84.295002,33.866739],[-84.29504,33.866824],[-84.295083,33.866906],[-84.295132,33.866986],[-84.295188,33.867064],[-84.295249,33.867138],[-84.295317,33.867208],[-84.295391,33.867274],[-84.295471,33.867335],[-84.295639,33.867448],[-84.296084,33.867703],[-84.296156,33.867769],[-84.296206,33.867849],[-84.296223,33.867938],[-84.296233,33.868028],[-84.296235,33.868118],[-84.296229,33.868208],[-84.296215,33.868297],[-84.296193,33.868385],[-84.296164,33.868472],[-84.296042,33.868722],[-84.295863,33.869051],[-84.295807,33.869127],[-84.295739,33.869197],[-84.29566,33.869259],[-84.295572,33.869311],[-84.295476,33.869352],[-84.295197,33.869489],[-84.295017,33.869589],[-84.294937,33.86965],[-84.294867,33.869718],[-84.29481,33.869795],[-84.294765,33.869877],[-84.294737,33.869964],[-84.294717,33.870056],[-84.296417,33.869139],[-84.296681,33.869046],[-84.296869,33.868987],[-84.29709,33.868928],[-84.297286,33.86889],[-84.297659,33.868842],[-84.297888,33.868784],[-84.298014,33.868732],[-84.29818,33.868635],[-84.298232,33.868601],[-84.298353,33.868512],[-84.298562,33.868312],[-84.298703,33.868132],[-84.298818,33.867959],[-84.299022,33.867632],[-84.299335,33.86709],[-84.299393,33.867007],[-84.299492,33.866924],[-84.299674,33.866787],[-84.299837,33.866685],[-84.3,33.866618],[-84.300205,33.866552],[-84.300341,33.866513],[-84.300586,33.866504],[-84.301134,33.866531],[-84.301602,33.866531],[-84.301627,33.866531],[-84.30166,33.866531],[-84.302102,33.866532],[-84.302396,33.866533],[-84.30297,33.866011],[-84.304531,33.864606],[-84.30604,33.863236],[-84.30862,33.860924],[-84.310075,33.859684],[-84.310175,33.859589],[-84.310291,33.859474],[-84.310507,33.859264],[-84.311259,33.8586]]]]}},
{"type":"Feature","properties":{"GEOID":"13089021208"},"geometry":{"type":"MultiPolygon","coordinates":[[[[-84.322197,33.879095],[-84.322477,33.878793],[-84.322343,33.878672],[-84.322246,33.878584],[-84.322233,33.878572],[-84.322111,33.878607],[-84.321985,33.878644],[-84.32191,33.878667],[-84.321825,33.878693],[-84.321763,33.878731],[-84.321706,33.878769],[-84.321515,33.878894],[-84.321409,33.878964],[-84.321382,33.878984],[-84.321074,33.87921],[-84.320665,33.879522],[-84.319936,33.880154],[-84.318813,33.881211],[-84.318587,33.88144],[-84.318453,33.88157],[-84.31834,33.881672],[-84.318162,33.881812],[-84.317787,33.882081],[-84.317444,33.882311],[-84.316999,33.882581],[-84.316633,33.882781],[-84.31618,33.883014],[-84.315928,33.883109],[-84.315816,33.883141],[-84.315141,33.883362],[-84.314874,33.883491],[-84.314243,33.883795],[-84.31337,33.884217],[-84.312824,33.884481],[-84.310464,33.88567],[-84.309369,33.886222],[-84.308881,33.886467],[-84.308125,33.886848],[-84.306687,33.887573],[-84.304981,33.888413],[-84.304567,33.888635],[-84.303986,33.88897],[-84.30365,33.889184],[-84.303407,33.889359],[-84.303053,33.889626],[-84.302555,33.890044],[-84.302388,33.890209],[-84.302226,33.890368],[-84.300873,33.891772],[-84.300522,33.89209],[-84.300206,33.892358],[-84.299881,33.89261],[-84.299661,33.892753],[-84.299432,33.892903],[-84.299009,33.893161],[-84.298763,33.893297],[-84.297878,33.893707],[-84.295759,33.894582],[-84.289579,33.897104],[-84.289114,33.897315],[-84.289218,33.897325],[-84.289302,33.897332],[-84.289437,33.897344],[-84.289535,33.897353],[-84.289589,33.897358],[-84.289657,33.897364],[-84.289653,33.897629],[-84.289659,33.89779],[-84.289678,33.897686],[-84.289765,33.897508],[-84.289849,33.897405],[-84.290015,33.897273],[-84.290208,33.897165],[-84.29049,33.897066],[-84.292182,33.896704],[-84.292936,33.89653],[-84.293884,33.896312],[-84.293836,33.897536],[-84.293797,33.898515],[-84.293819,33.899149],[-84.294125,33.900684],[-84.294406,33.901705],[-84.294662,33.902669],[-84.294847,33.903372],[-84.294915,33.90361],[-84.294969,33.903802],[-84.295137,33.904174],[-84.29544,33.904718],[-84.295607,33.905038],[-84.295717,33.905322],[-84.295801,33.905599],[-84.295885,33.906143],[-84.295975,33.906786],[-84.296071,33.907204],[-84.29624,33.907736],[-84.296496,33.908445],[-84.296986,33.909586],[-84.297285,33.910036],[-84.297526,33.910415],[-84.297987,33.91108],[-84.298469,33.911577],[-84.298932,33.911911],[-84.299879,33.912685],[-84.300231,33.913038],[-84.300484,33.913325],[-84.300916,33.913828],[-84.301751,33.914945],[-84.302085,33.9156],[-84.302311,33.915936],[-84.302741,33.916495],[-84.302986,33.916806],[-84.303352,33.917192],[-84.303672,33.917523],[-84.30407,33.91801],[-84.30411,33.918076],[-84.304306,33.918052],[-84.304545,33.917973],[-84.305066,33.917533],[-84.305432,33.917161],[-84.305863,33.916889],[-84.306309,33.916687],[-84.306903,33.916365],[-84.308062,33.91574],[-84.308237,33.91556],[-84.30846,33.915438],[-84.308718,33.915289],[-84.308897,33.914997],[-84.309075,33.914691],[-84.309126,33.914157],[-84.309251,33.913934],[-84.309613,33.913182],[-84.309672,33.912915],[-84.309892,33.912357],[-84.309916,33.912132],[-84.309907,33.911878],[-84.309963,33.91171],[-84.310505,33.911123],[-84.31067,33.911223],[-84.310905,33.911402],[-84.310886,33.911171],[-84.310828,33.91086],[-84.310787,33.910607],[-84.310756,33.910471],[-84.310702,33.910301],[-84.310615,33.910102],[-84.310537,33.909903],[-84.310236,33.909306],[-84.310141,33.909056],[-84.309937,33.908657],[-84.309814,33.908045],[-84.309817,33.907866],[-84.309852,33.907668],[-84.309879,33.907514],[-84.309897,33.907452],[-84.309903,33.90743],[-84.310049,33.906929],[-84.310275,33.90615],[-84.310367,33.905535],[-84.310317,33.905004],[-84.31026,33.904734],[-84.310025,33.904058],[-84.309484,33.903083],[-84.309334,33.902823],[-84.308938,33.902184],[-84.308671,33.901805],[-84.308469,33.901533],[-84.308305,33.901367],[-84.308164,33.90128],[-84.307685,33.90098],[-84.307233,33.900697],[-84.306679,33.90033],[-84.306502,33.900179],[-84.306145,33.899875],[-84.305822,33.899607],[-84.305494,33.899251],[-84.305276,33.898978],[-84.305093,33.898712],[-84.304963,33.898434],[-84.304887,33.898084],[-84.304838,33.897698],[-84.304834,33.897531],[-84.304748,33.896687],[-84.304596,33.895726],[-84.304579,33.895614],[-84.30595,33.894302],[-84.30737,33.893205],[-84.309152,33.891825],[-84.310115,33.89109],[-84.3109,33.890494],[-84.312922,33.888894],[-84.313195,33.888667],[-84.313486,33.888414],[-84.313837,33.888023],[-84.314123,33.887664],[-84.315254,33.886002],[-84.316852,33.883623],[-84.316866,33.883609],[-84.31694,33.883503],[-84.317196,33.883203],[-84.317379,33.88302],[-84.317541,33.882873],[-84.317746,33.88273],[-84.317846,33.882635],[-84.318364,33.88227],[-84.3185,33.882189],[-84.31871,33.882065],[-84.31923,33.881797],[-84.319412,33.881691],[-84.319741,33.881501],[-84.320074,33.881264],[-84.320588,33.88088],[-84.320959,33.880481],[-84.321763,33.879599],[-84.32185,33.879508],[-84.322197,33.879095]]]]}},
{"type":"Feature","properties":{"GEOID":"13089021210"},"geometry":{"type":"MultiPolygon","coordinates":[[[[-84.333721,33.946287],[-84.334265,33.946071],[-84.333926,33.945573],[-84.3337,33.945349],[-84.333579,33.945256],[-84.333363,33.945088],[-84.332909,33.944755],[-84.332699,33.9446],[-84.332322,33.94433],[-84.332116,33.944122],[-84.33188,33.943872],[-84.331616,33.943562],[-84.331266,33.943061],[-84.330577,33.942078],[-84.329707,33.941053],[-84.328774,33.940061],[-84.328054,33.939399],[-84.327493,33.938883],[-84.327364,33.938766],[-84.326911,33.938355],[-84.326615,33.938078],[-84.32452,33.936393],[-84.323369,33.935621],[-84.322312,33.934975],[-84.321031,33.934216],[-84.320768,33.934002],[-84.320249,33.933717],[-84.319679,33.933472],[-84.319259,33.933189],[-84.316759,33.931863],[-84.316366,33.93168],[-84.315876,33.93142],[-84.315148,33.930806],[-84.314742,33.930399],[-84.314329,33.929933],[-84.314136,33.929704],[-84.313809,33.92934],[-84.313434,33.929527],[-84.313142,33.929657],[-84.312814,33.929785],[-84.311914,33.93001],[-84.311879,33.930034],[-84.311411,33.93021],[-84.310886,33.930478],[-84.310669,33.930608],[-84.310399,33.930805],[-84.310086,33.931086],[-84.30953,33.931665],[-84.309448,33.931759],[-84.309162,33.932088],[-84.309015,33.932229],[-84.308951,33.932329],[-84.30881,33.932621],[-84.30866,33.93321],[-84.308551,33.933461],[-84.308412,33.933695],[-84.308313,33.933802],[-84.307929,33.9342],[-84.307614,33.93441],[-84.307525,33.93447],[-84.307278,33.934591],[-84.30696,33.934702],[-84.306756,33.934757],[-84.306531,33.93482],[-84.305734,33.935014],[-84.305418,33.935066],[-84.30498,33.935124],[-84.304624,33.935167],[-84.304349,33.935186],[-84.303019,33.935241],[-84.302684,33.935276],[-84.302276,33.935335],[-84.301777,33.935417],[-84.301001,33.935586],[-84.30056,33.93572],[-84.300092,33.935794],[-84.299597,33.935849],[-84.299156,33.935875],[-84.29876,33.935892],[-84.298731,33.937767],[-84.298723,33.937946],[-84.298735,33.939263],[-84.298708,33.939483],[-84.298653,33.939608],[-84.298538,33.939724],[-84.297911,33.939956],[-84.297889,33.93996],[-84.29786,33.939921],[-84.297573,33.939441],[-84.297416,33.939277],[-84.297199,33.939078],[-84.296427,33.938477],[-84.295397,33.93772],[-84.294846,33.937359],[-84.293909,33.936681],[-84.293673,33.937784],[-84.293662,33.938131],[-84.293698,33.938292],[-84.293811,33.938548],[-84.294099,33.93907],[-84.294259,33.939471],[-84.29435,33.939785],[-84.29447,33.940058],[-84.294742,33.940538],[-84.294876,33.940794],[-84.295019,33.941085],[-84.295171,33.941409],[-84.295284,33.941674],[-84.295375,33.941989],[-84.295465,33.942675],[-84.295504,33.943039],[-84.295597,33.943641],[-84.295644,33.943761],[-84.295701,33.943872],[-84.295819,33.94401],[-84.296114,33.944278],[-84.296447,33.944625],[-84.296591,33.944877],[-84.296649,33.945008],[-84.296655,33.945135],[-84.29664,33.945296],[-84.296563,33.945471],[-84.296361,33.945763],[-84.296308,33.945836],[-84.295927,33.946362],[-84.295832,33.94647],[-84.295748,33.946552],[-84.295531,33.946674],[-84.295354,33.946732],[-84.295275,33.946762],[-84.295152,33.946818],[-84.295058,33.946892],[-84.294984,33.947],[-84.2949,33.947091],[-84.294806,33.947165],[-84.294694,33.947233],[-84.29462,33.947271],[-84.294477,33.947306],[-84.294323,33.947358],[-84.294178,33.947473],[-84.29404,33.947647],[-84.293965,33.947798],[-84.293948,33.947992],[-84.29399,33.948263],[-84.293987,33.948364],[-84.294013,33.9485],[-84.294061,33.948603],[-84.294168,33.948723],[-84.294396,33.948889],[-84.294555,33.948994],[-84.294714,33.949124],[-84.294781,33.949235],[-84.294817,33.949372],[-84.294813,33.949507],[-84.294786,33.949709],[-84.294714,33.949916],[-84.294652,33.950095],[-84.294513,33.950558],[-84.294484,33.950615],[-84.294541,33.950726],[-84.294849,33.950944],[-84.295324,33.951239],[-84.295984,33.951743],[-84.296924,33.952663],[-84.297516,33.953175],[-84.298164,33.953788],[-84.298589,33.954127],[-84.298647,33.95423],[-84.298763,33.954739],[-84.298905,33.955437],[-84.298981,33.955607],[-84.299229,33.956095],[-84.299404,33.956327],[-84.299611,33.956542],[-84.299907,33.956786],[-84.300382,33.957159],[-84.300759,33.957438],[-84.300906,33.957585],[-84.301401,33.958184],[-84.302843,33.957254],[-84.303909,33.956473],[-84.304448,33.956104],[-84.30493,33.955738],[-84.305227,33.955513],[-84.305528,33.955325],[-84.305648,33.955254],[-84.305936,33.955085],[-84.306891,33.954526],[-84.307407,33.954308],[-84.307655,33.954203],[-84.307982,33.954045],[-84.308512,33.953827],[-84.309276,33.953514],[-84.310293,33.953122],[-84.310682,33.952995],[-84.31172,33.952561],[-84.312387,33.952322],[-84.313053,33.952109],[-84.313963,33.951858],[-84.314545,33.951736],[-84.315198,33.951631],[-84.31589,33.951545],[-84.316349,33.951462],[-84.316922,33.951297],[-84.317404,33.95113],[-84.318379,33.950763],[-84.319445,33.950414],[-84.321454,33.949714],[-84.323547,33.948948],[-84.324624,33.948583],[-84.326399,33.94792],[-84.327323,33.947543],[-84.327723,33.947408],[-84.328224,33.947284],[-84.329151,33.94716],[-84.33083,33.94696],[-84.331522,33.946899],[-84.331756,33.94687],[-84.332123,33.946802],[-84.332532,33.946684],[-84.33284,33.946581],[-84.333086,33.94651],[-84.333444,33.946388],[-84.333721,33.946287]]]]}},
{"type":"Feature","properties":{"GEOID":"13089021211"},"geometry":{"type":"MultiPolygon","coordinates":[[[[-84.299824,33.959343],[-84.301401,33.958184],[-84.300906,33.957585],[-84.300759,33.957438],[-84.300382,33.957159],[-84.299907,33.956786],[-84.299611,33.956542],[-84.299404,33.956327],[-84.299229,33.956095],[-84.298981,33.955607],[-84.298905,33.955437],[-84.298763,33.954739],[-84.298647,33.95423],[-84.298589,33.954127],[-84.298164,33.953788],[-84.297516,33.953175],[-84.296924,33.952663],[-84.295984,33.951743],[-84.295324,33.951239],[-84.294849,33.950944],[-84.294541,33.950726],[-84.294484,33.950615],[-84.294513,33.950558],[-84.294652,33.950095],[-84.294714,33.949916],[-84.294786,33.949709],[-84.294813,33.949507],[-84.294817,33.949372],[-84.294781,33.949235],[-84.294714,33.949124],[-84.294555,33.948994],[-84.294396,33.948889],[-84.294168,33.948723],[-84.294061,33.948603],[-84.294013,33.9485],[-84.293987,33.948364],[-84.29399,33.948263],[-84.293948,33.947992],[-84.293965,33.947798],[-84.29404,33.947647],[-84.294178,33.947473],[-84.294323,33.947358],[-84.294477,33.947306],[-84.29462,33.947271],[-84.294694,33.947233],[-84.294806,33.947165],[-84.2949,33.947091],[-84.294984,33.947],[-84.295058,33.946892],[-84.295152,33.946818],[-84.295275,33.946762],[-84.295354,33.946732],[-84.295531,33.946674],[-84.295748,33.946552],[-84.295832,33.94647],[-84.295927,33.946362],[-84.296308,33.945836],[-84.296361,33.945763],[-84.296563,33.945471],[-84.29664,33.945296],[-84.296655,33.945135],[-84.296649,33.945008],[-84.296591,33.944877],[-84.296447,33.944625],[-84.296114,33.944278],[-84.295819,33.94401],[-84.295701,33.943872],[-84.295644,33.943761],[-84.295597,33.943641],[-84.295504,33.943039],[-84.295465,33.942675],[-84.295375,33.941989],[-84.295284,33.941674],[-84.295171,33.941409],[-84.295019,33.941085],[-84.294876,33.940794],[-84.294742,33.940538],[-84.29447,33.940058],[-84.29435,33.939785],[-84.294259,33.939471],[-84.294099,33.93907],[-84.293811,33.938548],[-84.293698,33.938292],[-84.293662,33.938131],[-84.293673,33.937784],[-84.293909,33.936681],[-84.29354,33.936531],[-84.293349,33.936467],[-84.293189,33.936413],[-84.293094,33.936406],[-84.292855,33.936389],[-84.292155,33.936407],[-84.291272,33.936447],[-84.290378,33.936495],[-84.289809,33.936541],[-84.289067,33.936576],[-84.288737,33.936606],[-84.288453,33.936591],[-84.288252,33.936545],[-84.288111,33.936499],[-84.288058,33.936591],[-84.287974,33.936674],[-84.287769,33.936754],[-84.285981,33.937171],[-84.285619,33.937286],[-84.285149,33.937516],[-84.284875,33.937747],[-84.284563,33.938026],[-84.283483,33.93889],[-84.283088,33.939186],[-84.282861,33.939291],[-84.282136,33.939461],[-84.281136,33.939667],[-84.280135,33.939898],[-84.279267,33.94009],[-84.278239,33.940194],[-84.277514,33.940206],[-84.277123,33.940212],[-84.276707,33.940237],[-84.276086,33.940299],[-84.275322,33.940417],[-84.273516,33.940612],[-84.272971,33.940686],[-84.272685,33.940756],[-84.272469,33.940827],[-84.272284,33.940925],[-84.272213,33.940985],[-84.272051,33.941137],[-84.271747,33.941423],[-84.271236,33.94206],[-84.27118,33.942188],[-84.271066,33.942506],[-84.270949,33.942856],[-84.270869,33.943042],[-84.270784,33.943251],[-84.270624,33.943641],[-84.270575,33.943753],[-84.270466,33.944008],[-84.270295,33.944406],[-84.270023,33.945233],[-84.269908,33.945914],[-84.267254,33.947135],[-84.266156,33.947668],[-84.265868,33.947925],[-84.266516,33.948845],[-84.267204,33.949804],[-84.268273,33.951336],[-84.269539,33.953132],[-84.269913,33.953654],[-84.269942,33.953703],[-84.270499,33.954501],[-84.270683,33.954767],[-84.271102,33.955366],[-84.27147,33.955892],[-84.271817,33.95574],[-84.272373,33.955473],[-84.273653,33.954876],[-84.275011,33.954241],[-84.275323,33.954095],[-84.275568,33.954582],[-84.275643,33.954731],[-84.275812,33.955069],[-84.27598,33.955401],[-84.276242,33.955926],[-84.276279,33.956],[-84.276499,33.956439],[-84.276667,33.956773],[-84.27679,33.957019],[-84.276813,33.957065],[-84.277093,33.957614],[-84.277195,33.957827],[-84.27725,33.957802],[-84.277664,33.957611],[-84.278075,33.957421],[-84.2784,33.957251],[-84.278745,33.957088],[-84.280368,33.956045],[-84.280497,33.95602],[-84.282253,33.956209],[-84.28272,33.956234],[-84.283489,33.956277],[-84.283576,33.956282],[-84.283898,33.956315],[-84.284271,33.956376],[-84.284346,33.956397],[-84.284624,33.956477],[-84.284903,33.956583],[-84.286112,33.957136],[-84.286213,33.957185],[-84.286862,33.957496],[-84.287455,33.957745],[-84.287833,33.957853],[-84.287954,33.957887],[-84.288454,33.957973],[-84.288699,33.957996],[-84.288743,33.957994],[-84.289813,33.958134],[-84.290176,33.95818],[-84.290581,33.958242],[-84.290646,33.958252],[-84.290885,33.958327],[-84.291052,33.958379],[-84.291786,33.958705],[-84.291993,33.958797],[-84.292588,33.959152],[-84.292984,33.959351],[-84.29341,33.959525],[-84.293522,33.95956],[-84.294108,33.959724],[-84.294532,33.959773],[-84.294945,33.959792],[-84.295074,33.959788],[-84.296284,33.959746],[-84.296545,33.959754],[-84.296809,33.959763],[-84.297027,33.959775],[-84.297795,33.959833],[-84.29796,33.959828],[-84.298321,33.95979],[-84.298614,33.959719],[-84.298665,33.959706],[-84.299113,33.959547],[-84.299525,33.95942],[-84.299824,33.959343]]]]}},
{"type":"Feature","properties":{"GEOID":"13089021808"},"geometry":{"type":"MultiPolygon","coordinates":[[[[-84.23737,33.868275],[-84.23737,33.884941],[-84.237428,33.884941],[-84.237461,33.884945],[-84.238094,33.885018],[-84.238438,33.884951],[-84.239016,33.88488],[-84.23914,33.884856],[-84.239363,33.884836],[-84.239542,33.884774],[-84.239999,33.884617],[-84.240293,33.884488],[-84.240602,33.884351],[-84.240587,33.884342],[-84.240698,33.884309],[-84.241035,33.884178],[-84.241305,33.884061],[-84.241818,33.883825],[-84.242316,33.883588],[-84.242558,33.883457],[-84.243285,33.883128],[-84.243516,33.883073],[-84.243686,33.883038],[-84.243779,33.883015],[-84.243994,33.883007],[-84.244217,33.883025],[-84.244545,33.883083],[-84.244774,33.883146],[-84.245038,33.88264],[-84.245226,33.882307],[-84.245314,33.882189],[-84.245812,33.881675],[-84.246302,33.881144],[-84.247009,33.880216],[-84.24728,33.879863],[-84.247638,33.879497],[-84.24782,33.879354],[-84.248032,33.879212],[-84.24825,33.879103],[-84.24849,33.879002],[-84.24887,33.878901],[-84.249071,33.878826],[-84.249629,33.878619],[-84.249838,33.878561],[-84.249962,33.878511],[-84.249984,33.878502],[-84.250104,33.878454],[-84.250387,33.878312],[-84.250718,33.878059],[-84.251061,33.877796],[-84.251332,33.877552],[-84.251567,33.877353],[-84.251948,33.87703],[-84.252209,33.876775],[-84.252385,33.876568],[-84.252573,33.876234],[-84.252694,33.875885],[-84.252735,33.875646],[-84.252728,33.875343],[-84.252675,33.874696],[-84.252615,33.874462],[-84.252497,33.874199],[-84.252337,33.8739],[-84.252199,33.87372],[-84.251844,33.873227],[-84.2515,33.872826],[-84.251177,33.872412],[-84.251096,33.872308],[-84.250829,33.871902],[-84.250718,33.871722],[-84.250665,33.871545],[-84.250621,33.871333],[-84.250609,33.871238],[-84.250215,33.870854],[-84.249819,33.870572],[-84.249734,33.869946],[-84.249687,33.869832],[-84.249569,33.869618],[-84.249508,33.869556],[-84.249388,33.869433],[-84.249219,33.869364],[-84.249105,33.869425],[-84.249004,33.869481],[-84.248917,33.869527],[-84.248839,33.869562],[-84.248554,33.869688],[-84.248465,33.869775],[-84.248265,33.869967],[-84.248133,33.870014],[-84.24773,33.870158],[-84.246226,33.870724],[-84.246184,33.870739],[-84.245898,33.870732],[-84.245617,33.870726],[-84.245562,33.870725],[-84.245147,33.870645],[-84.244969,33.87061],[-84.244804,33.870578],[-84.244401,33.870482],[-84.244276,33.870453],[-84.244215,33.870411],[-84.244155,33.870376],[-84.244092,33.870344],[-84.244026,33.870313],[-84.243736,33.870133],[-84.243258,33.869776],[-84.243151,33.869696],[-84.242358,33.869304],[-84.242282,33.869266],[-84.242264,33.869252],[-84.24223,33.869219],[-84.242199,33.869185],[-84.241951,33.869064],[-84.241854,33.868951],[-84.241737,33.868876],[-84.241624,33.868828],[-84.241468,33.868766],[-84.241371,33.868698],[-84.241296,33.868692],[-84.241275,33.868678],[-84.241252,33.868666],[-84.241227,33.868658],[-84.241201,33.868652],[-84.241174,33.868651],[-84.241134,33.868654],[-84.241085,33.868669],[-84.241039,33.86868],[-84.241023,33.868679],[-84.240992,33.868671],[-84.240963,33.868657],[-84.240936,33.86864],[-84.240911,33.868621],[-84.240901,33.868609],[-84.241062,33.868332],[-84.24107,33.868271],[-84.241101,33.868046],[-84.241071,33.867982],[-84.241018,33.867866],[-84.240391,33.867539],[-84.239994,33.867541],[-84.239872,33.867567],[-84.239828,33.867562],[-84.239798,33.867559],[-84.239762,33.86756],[-84.239726,33.867563],[-84.239691,33.86757],[-84.2396,33.867598],[-84.239526,33.867628],[-84.239477,33.867652],[-84.238712,33.867829],[-84.238698,33.867834],[-84.237858,33.868117],[-84.23737,33.868275]]]]}},
{"type":"Feature","properties":{"GEOID":"13135050315"},"geometry":{"type":"MultiPolygon","coordinates":[[[[-84.276895,33.957676],[-84.277063,33.957623],[-84.277093,33.957614],[-84.276813,33.957065],[-84.27679,33.957019],[-84.276667,33.956773],[-84.276499,33.956439],[-84.276279,33.956],[-84.276242,33.955926],[-84.27598,33.955401],[-84.275812,33.955069],[-84.275643,33.954731],[-84.275568,33.954582],[-84.275323,33.954095],[-84.275011,33.954241],[-84.273653,33.954876],[-84.272373,33.955473],[-84.271817,33.95574],[-84.27147,33.955892],[-84.271102,33.955366],[-84.270683,33.954767],[-84.270499,33.954501],[-84.269942,33.953703],[-84.269913,33.953654],[-84.269539,33.953132],[-84.268273,33.951336],[-84.267204,33.949804],[-84.266516,33.948845],[-84.265868,33.947925],[-84.266156,33.947668],[-84.267254,33.947135],[-84.266787,33.947121],[-84.266251,33.947012],[-84.265858,33.947001],[-84.265497,33.947038],[-84.26509,33.947071],[-84.264366,33.94705],[-84.263724,33.947031],[-84.263295,33.946917],[-84.262178,33.946337],[-84.261582,33.946107],[-84.261421,33.946072],[-84.260683,33.945984],[-84.260162,33.945997],[-84.258878,33.946215],[-84.258358,33.946321],[-84.257128,33.946541],[-84.256636,33.946587],[-84.256535,33.946596],[-84.256061,33.946606],[-84.255376,33.946561],[-84.254506,33.946384],[-84.254123,33.946178],[-84.253893,33.945946],[-84.253533,33.945741],[-84.25295,33.945471],[-84.252509,33.945195],[-84.252387,33.945188],[-84.252236,33.945148],[-84.252076,33.945091],[-84.251803,33.94511],[-84.250885,33.945307],[-84.251024,33.945773],[-84.251248,33.946663],[-84.251273,33.946763],[-84.25129,33.94683],[-84.251464,33.947528],[-84.251661,33.948317],[-84.25172,33.948767],[-84.251743,33.949171],[-84.251728,33.94944],[-84.251621,33.950177],[-84.251527,33.950435],[-84.251408,33.95076],[-84.251361,33.950891],[-84.250847,33.952171],[-84.250807,33.952318],[-84.250767,33.952422],[-84.250629,33.95278],[-84.250207,33.953877],[-84.250355,33.953895],[-84.250571,33.954],[-84.25071,33.954123],[-84.250829,33.954194],[-84.25097,33.954242],[-84.251136,33.95427],[-84.251316,33.954281],[-84.251489,33.954303],[-84.251631,33.954351],[-84.251772,33.954429],[-84.251852,33.954519],[-84.251988,33.954649],[-84.252081,33.954737],[-84.252123,33.954777],[-84.252146,33.954797],[-84.252191,33.954837],[-84.252313,33.954944],[-84.252451,33.955111],[-84.252704,33.955242],[-84.252927,33.955335],[-84.253016,33.955387],[-84.253066,33.955477],[-84.253085,33.955596],[-84.253119,33.955692],[-84.2532,33.955763],[-84.253353,33.955936],[-84.253597,33.956098],[-84.253759,33.956221],[-84.253839,33.956305],[-84.253844,33.956315],[-84.253896,33.956401],[-84.253937,33.956533],[-84.253956,33.956666],[-84.253931,33.956967],[-84.253906,33.957042],[-84.253941,33.957118],[-84.254045,33.957177],[-84.254314,33.957259],[-84.25455,33.95732],[-84.254616,33.95736],[-84.254653,33.957398],[-84.254719,33.95745],[-84.254775,33.957486],[-84.255001,33.957582],[-84.255178,33.957705],[-84.255259,33.957783],[-84.255474,33.957913],[-84.255578,33.957966],[-84.255703,33.958044],[-84.255834,33.958108],[-84.25591,33.958294],[-84.255976,33.958377],[-84.256332,33.958691],[-84.25646,33.958803],[-84.256505,33.95881],[-84.256588,33.958793],[-84.256658,33.958738],[-84.256804,33.958647],[-84.256927,33.958599],[-84.256995,33.958595],[-84.257084,33.958622],[-84.257187,33.958706],[-84.257402,33.95883],[-84.257476,33.958888],[-84.257624,33.958955],[-84.257982,33.959082],[-84.258155,33.959124],[-84.2585,33.959175],[-84.258944,33.959229],[-84.259078,33.959264],[-84.259302,33.959344],[-84.259488,33.95943],[-84.25973,33.95953],[-84.259841,33.959601],[-84.25998,33.959717],[-84.260163,33.959904],[-84.260309,33.960045],[-84.260428,33.960111],[-84.260541,33.960126],[-84.260654,33.960122],[-84.260746,33.96008],[-84.260821,33.960082],[-84.260874,33.960096],[-84.260902,33.960159],[-84.260943,33.96028],[-84.261031,33.960351],[-84.26121,33.960443],[-84.261238,33.960494],[-84.26125,33.960601],[-84.261254,33.960714],[-84.261281,33.96079],[-84.261354,33.96088],[-84.261478,33.961002],[-84.261608,33.961187],[-84.261761,33.961373],[-84.261995,33.961592],[-84.262079,33.961676],[-84.262107,33.961745],[-84.262119,33.961852],[-84.262155,33.961916],[-84.262285,33.962041],[-84.262306,33.962061],[-84.262354,33.962153],[-84.262374,33.96226],[-84.262408,33.962356],[-84.262517,33.962496],[-84.262817,33.96278],[-84.262853,33.96285],[-84.26288,33.962957],[-84.262898,33.963089],[-84.262918,33.963178],[-84.262996,33.963312],[-84.263134,33.963491],[-84.263259,33.963594],[-84.263407,33.963673],[-84.263451,33.963718],[-84.263502,33.963795],[-84.263604,33.963885],[-84.263738,33.963951],[-84.263768,33.963958],[-84.26382,33.963978],[-84.263827,33.964016],[-84.26382,33.964204],[-84.263827,33.964248],[-84.263915,33.964313],[-84.263966,33.964364],[-84.26401,33.964416],[-84.264255,33.964528],[-84.264329,33.964567],[-84.264358,33.964618],[-84.264371,33.964688],[-84.264375,33.964782],[-84.264365,33.964876],[-84.264423,33.964947],[-84.264482,33.964998],[-84.264638,33.965077],[-84.264704,33.965129],[-84.264729,33.965159],[-84.265218,33.964911],[-84.265522,33.96475],[-84.265747,33.964631],[-84.266627,33.964208],[-84.267335,33.963868],[-84.267559,33.963796],[-84.267622,33.963776],[-84.267748,33.963516],[-84.268265,33.962445],[-84.268383,33.962219],[-84.268536,33.961925],[-84.268741,33.961597],[-84.268814,33.961524],[-84.269089,33.961253],[-84.26939,33.961006],[-84.270659,33.960153],[-84.271174,33.959803],[-84.271538,33.959548],[-84.271697,33.959426],[-84.271932,33.959271],[-84.272352,33.95895],[-84.272495,33.95884],[-84.273021,33.959396],[-84.273734,33.958804],[-84.274053,33.958391],[-84.274122,33.9583],[-84.275194,33.958056],[-84.276319,33.9578],[-84.276436,33.957777],[-84.276822,33.9577],[-84.276874,33.957683],[-84.276895,33.957676]]]]}},
{"type":"Feature","properties":{"GEOID":"13089021213"},"geometry":{"type":"MultiPolygon","coordinates":[[[[-84.347686,33.938426],[-84.34769,33.938287],[-84.347699,33.938148],[-84.34767,33.938176],[-84.347565,33.938277],[-84.347294,33.938442],[-84.346241,33.939111],[-84.345725,33.939395],[-84.344775,33.939967],[-84.344261,33.940302],[-84.344123,33.940392],[-84.343301,33.940865],[-84.341552,33.941681],[-84.341402,33.941756],[-84.339821,33.94254],[-84.338924,33.943011],[-84.338376,33.943345],[-84.338024,33.943591],[-84.337937,33.943647],[-84.337351,33.944025],[-84.336655,33.94455],[-84.336322,33.944839],[-84.335593,33.945457],[-84.335396,33.945597],[-84.335076,33.945759],[-84.334265,33.946071],[-84.335175,33.947138],[-84.335387,33.947515],[-84.335727,33.948317],[-84.336154,33.949247],[-84.336267,33.949529],[-84.33633,33.949775],[-84.336373,33.950046],[-84.336544,33.951048],[-84.336817,33.95271],[-84.336829,33.952989],[-84.336819,33.953285],[-84.33673,33.953866],[-84.336737,33.953884],[-84.336546,33.954572],[-84.336233,33.955595],[-84.336061,33.956134],[-84.335974,33.956468],[-84.335958,33.956528],[-84.335897,33.956831],[-84.335869,33.957101],[-84.335865,33.957532],[-84.3359,33.957736],[-84.336018,33.958161],[-84.336264,33.958733],[-84.336933,33.960156],[-84.337402,33.961155],[-84.337714,33.96186],[-84.337998,33.962516],[-84.338157,33.963066],[-84.338198,33.963489],[-84.33821,33.96361],[-84.33822,33.963876],[-84.338239,33.964387],[-84.338249,33.964498],[-84.338291,33.964959],[-84.338313,33.965399],[-84.338318,33.96578],[-84.338349,33.966294],[-84.338389,33.966705],[-84.338434,33.967629],[-84.338435,33.96779],[-84.338442,33.967932],[-84.338465,33.968133],[-84.338489,33.968299],[-84.338501,33.968475],[-84.338513,33.968573],[-84.338591,33.968797],[-84.338631,33.968914],[-84.338756,33.969276],[-84.338779,33.969345],[-84.33879,33.969377],[-84.338863,33.969355],[-84.339031,33.969306],[-84.339145,33.9696],[-84.339306,33.970016],[-84.339632,33.97001],[-84.339867,33.969835],[-84.34025,33.969553],[-84.340569,33.969423],[-84.340619,33.969372],[-84.340886,33.969111],[-84.341109,33.968924],[-84.341341,33.968731],[-84.341366,33.968721],[-84.341927,33.968492],[-84.342174,33.968235],[-84.342359,33.968138],[-84.342405,33.968114],[-84.342585,33.968114],[-84.343055,33.968114],[-84.34358,33.967814],[-84.343713,33.967738],[-84.344993,33.967006],[-84.346081,33.966131],[-84.346167,33.96598],[-84.346438,33.966018],[-84.346534,33.966111],[-84.3466,33.966175],[-84.346743,33.966318],[-84.346765,33.966417],[-84.346787,33.966507],[-84.346803,33.966588],[-84.346723,33.966827],[-84.346683,33.966933],[-84.346725,33.967257],[-84.346784,33.967707],[-84.346837,33.96811],[-84.346942,33.968109],[-84.347412,33.968109],[-84.347414,33.967898],[-84.347416,33.967786],[-84.347416,33.967767],[-84.347418,33.966777],[-84.347419,33.96652],[-84.347422,33.966325],[-84.347424,33.96622],[-84.347427,33.966093],[-84.347447,33.963046],[-84.347447,33.96246],[-84.347449,33.961329],[-84.347456,33.960348],[-84.347455,33.960251],[-84.347453,33.959292],[-84.347448,33.958475],[-84.347439,33.956362],[-84.347445,33.955951],[-84.347503,33.9519],[-84.347533,33.950982],[-84.347565,33.950056],[-84.347574,33.94975],[-84.347623,33.948258],[-84.347625,33.947602],[-84.347627,33.944734],[-84.347631,33.944102],[-84.347629,33.943337],[-84.347642,33.941542],[-84.347639,33.940355],[-84.347645,33.94025],[-84.34765,33.939624],[-84.347686,33.938426]]]]}},
{"type":"Feature","properties":{"GEOID":"13089021301"},"geometry":{"type":"MultiPolygon","coordinates":[[[[-84.302473,33.920397],[-84.305182,33.920381],[-84.305125,33.920219],[-84.304987,33.919832],[-84.304629,33.91903],[-84.304263,33.918331],[-84.30411,33.918076],[-84.30407,33.91801],[-84.303672,33.917523],[-84.303352,33.917192],[-84.302986,33.916806],[-84.302741,33.916495],[-84.302311,33.915936],[-84.302085,33.9156],[-84.301751,33.914945],[-84.300916,33.913828],[-84.300484,33.913325],[-84.300231,33.913038],[-84.299879,33.912685],[-84.298932,33.911911],[-84.298469,33.911577],[-84.297987,33.91108],[-84.297526,33.910415],[-84.297285,33.910036],[-84.296986,33.909586],[-84.296496,33.908445],[-84.29624,33.907736],[-84.296071,33.907204],[-84.295975,33.906786],[-84.295885,33.906143],[-84.295801,33.905599],[-84.295717,33.905322],[-84.295607,33.905038],[-84.29544,33.904718],[-84.295137,33.904174],[-84.294969,33.903802],[-84.294915,33.90361],[-84.294847,33.903372],[-84.294662,33.902669],[-84.294406,33.901705],[-84.294125,33.900684],[-84.293819,33.899149],[-84.293797,33.898515],[-84.293836,33.897536],[-84.293884,33.896312],[-84.292936,33.89653],[-84.292182,33.896704],[-84.29049,33.897066],[-84.290208,33.897165],[-84.290015,33.897273],[-84.289849,33.897405],[-84.289765,33.897508],[-84.289678,33.897686],[-84.289659,33.89779],[-84.289653,33.897629],[-84.289657,33.897364],[-84.289589,33.897358],[-84.289535,33.897353],[-84.289437,33.897344],[-84.289302,33.897332],[-84.289218,33.897325],[-84.289114,33.897315],[-84.289017,33.897307],[-84.288942,33.8973],[-84.288873,33.897294],[-84.288769,33.897284],[-84.288747,33.897284],[-84.288662,33.89728],[-84.2886,33.897264],[-84.288049,33.897284],[-84.28791,33.89704],[-84.287759,33.896778],[-84.287995,33.896681],[-84.287848,33.896475],[-84.286606,33.894745],[-84.286559,33.89468],[-84.286132,33.894085],[-84.28623,33.893877],[-84.28637,33.893457],[-84.286419,33.893213],[-84.28643,33.893156],[-84.286472,33.892903],[-84.286495,33.892685],[-84.28647,33.892424],[-84.286432,33.892116],[-84.28583,33.890006],[-84.284861,33.891769],[-84.28375,33.893766],[-84.282989,33.895122],[-84.282231,33.896106],[-84.281724,33.896679],[-84.28116,33.897143],[-84.280059,33.898023],[-84.278395,33.899395],[-84.277639,33.900019],[-84.277127,33.900451],[-84.277025,33.900525],[-84.275928,33.901315],[-84.274922,33.902078],[-84.274504,33.902434],[-84.274417,33.902505],[-84.274049,33.902823],[-84.273854,33.903011],[-84.274294,33.903219],[-84.276247,33.90432],[-84.276634,33.904535],[-84.277239,33.904866],[-84.277407,33.904961],[-84.277468,33.904996],[-84.277671,33.90511],[-84.277711,33.905132],[-84.277747,33.905153],[-84.277792,33.905178],[-84.278019,33.905306],[-84.278367,33.905539],[-84.279044,33.906019],[-84.280846,33.907806],[-84.283216,33.910095],[-84.284453,33.911266],[-84.285713,33.912547],[-84.286186,33.912992],[-84.286306,33.913107],[-84.288681,33.915388],[-84.289455,33.916202],[-84.289617,33.916373],[-84.289671,33.916429],[-84.28998,33.916754],[-84.290087,33.916877],[-84.290563,33.91731],[-84.291157,33.917774],[-84.291836,33.918197],[-84.2924,33.918533],[-84.293696,33.919217],[-84.294464,33.919516],[-84.29499,33.919705],[-84.295049,33.919726],[-84.295736,33.919896],[-84.29644,33.92008],[-84.29686,33.920151],[-84.297802,33.920286],[-84.298712,33.920363],[-84.301245,33.920404],[-84.302473,33.920397]]]]}},
{"type":"Feature","properties":{"GEOID":"13089021812"},"geometry":{"type":"MultiPolygon","coordinates":[[[[-84.23737,33.884941],[-84.23737,33.891056],[-84.237447,33.890798],[-84.237575,33.890505],[-84.2377,33.89029],[-84.237832,33.890131],[-84.23798,33.89],[-84.238246,33.889858],[-84.238757,33.889595],[-84.239138,33.889434],[-84.239343,33.889347],[-84.23954,33.889289],[-84.239803,33.889252],[-84.240479,33.889232],[-84.241234,33.88922],[-84.241821,33.889262],[-84.242106,33.889304],[-84.242307,33.889358],[-84.242449,33.88941],[-84.242746,33.889635],[-84.243551,33.89059],[-84.244128,33.891307],[-84.244323,33.89153],[-84.244577,33.891782],[-84.244923,33.892043],[-84.244992,33.892079],[-84.245738,33.892463],[-84.245955,33.892683],[-84.246048,33.89278],[-84.246221,33.892917],[-84.246488,33.893022],[-84.246689,33.893076],[-84.24695,33.89311],[-84.24701,33.893105],[-84.247017,33.893525],[-84.246708,33.893848],[-84.246721,33.89525],[-84.246721,33.895273],[-84.246728,33.895932],[-84.246955,33.895925],[-84.246958,33.896192],[-84.246617,33.896249],[-84.246461,33.896358],[-84.245555,33.896591],[-84.24531,33.896656],[-84.245152,33.896722],[-84.244897,33.896889],[-84.244653,33.897023],[-84.244282,33.897206],[-84.244017,33.897374],[-84.243575,33.89752],[-84.243226,33.89766],[-84.242843,33.897774],[-84.243401,33.899193],[-84.243433,33.899284],[-84.243591,33.899723],[-84.243879,33.900528],[-84.244083,33.901019],[-84.2442,33.901317],[-84.24545,33.900497],[-84.24732,33.899268],[-84.247985,33.898872],[-84.250707,33.897258],[-84.250675,33.896961],[-84.250655,33.896778],[-84.250641,33.896691],[-84.250637,33.896664],[-84.250585,33.896333],[-84.25057,33.895997],[-84.250552,33.895592],[-84.250579,33.895403],[-84.250618,33.895122],[-84.250669,33.894602],[-84.250675,33.894415],[-84.250682,33.894193],[-84.250668,33.893708],[-84.250654,33.893214],[-84.250618,33.891959],[-84.250581,33.891536],[-84.250447,33.891061],[-84.250333,33.890854],[-84.249843,33.890083],[-84.249329,33.888972],[-84.249018,33.888395],[-84.248801,33.887906],[-84.248727,33.88774],[-84.248291,33.88686],[-84.248082,33.886204],[-84.247879,33.885569],[-84.24775,33.885544],[-84.247588,33.885503],[-84.247278,33.885357],[-84.247121,33.885238],[-84.246994,33.885119],[-84.246905,33.885015],[-84.246742,33.884838],[-84.246578,33.884668],[-84.24646,33.884518],[-84.246229,33.884269],[-84.246111,33.884125],[-84.245911,33.883896],[-84.245732,33.883719],[-84.245597,33.883607],[-84.245424,33.883481],[-84.245289,33.883401],[-84.245089,33.883291],[-84.244895,33.883207],[-84.244774,33.883146],[-84.244545,33.883083],[-84.244217,33.883025],[-84.243994,33.883007],[-84.243779,33.883015],[-84.243686,33.883038],[-84.243516,33.883073],[-84.243285,33.883128],[-84.242558,33.883457],[-84.242316,33.883588],[-84.241818,33.883825],[-84.241305,33.884061],[-84.241035,33.884178],[-84.240698,33.884309],[-84.240587,33.884342],[-84.240602,33.884351],[-84.240293,33.884488],[-84.239999,33.884617],[-84.239542,33.884774],[-84.239363,33.884836],[-84.23914,33.884856],[-84.239016,33.88488],[-84.238438,33.884951],[-84.238094,33.885018],[-84.237461,33.884945],[-84.237428,33.884941],[-84.23737,33.884941]]]]}},
{"type":"Feature","properties":{"GEOID":"13067031212"},"geometry":{"type":"MultiPolygon","coordinates":[[[[-84.4706,33.85887],[-84.4706,33.8586],[-84.454555,33.8586],[-84.454546,33.858617],[-84.454467,33.858725],[-84.454449,33.858796],[-84.454406,33.858963],[-84.454375,33.859027],[-84.454355,33.859067],[-84.45434,33.859112],[-84.454312,33.8592],[-84.454287,33.859276],[-84.454256,33.859368],[-84.454246,33.859399],[-84.454243,33.85942],[-84.454241,33.859519],[-84.454237,33.859539],[-84.454195,33.859729],[-84.454237,33.859831],[-84.454237,33.859863],[-84.45425,33.859898],[-84.454259,33.859987],[-84.454239,33.860138],[-84.454232,33.86019],[-84.454239,33.860206],[-84.454268,33.860276],[-84.454297,33.860336],[-84.454309,33.860364],[-84.454351,33.860451],[-84.454372,33.860523],[-84.454379,33.860551],[-84.454406,33.860618],[-84.454442,33.860707],[-84.454474,33.860787],[-84.454458,33.860863],[-84.454487,33.860945],[-84.454527,33.861014],[-84.454598,33.861092],[-84.454594,33.861189],[-84.454622,33.861275],[-84.454648,33.861344],[-84.454667,33.861397],[-84.454686,33.861452],[-84.454958,33.861982],[-84.454999,33.862084],[-84.45501,33.86211],[-84.45503,33.862149],[-84.455087,33.862231],[-84.455157,33.8623],[-84.45521,33.862356],[-84.455277,33.862428],[-84.455336,33.862499],[-84.4554,33.862568],[-84.455474,33.862631],[-84.455529,33.862682],[-84.455542,33.862693],[-84.455589,33.862769],[-84.45565,33.862844],[-84.455704,33.862915],[-84.455775,33.86298],[-84.455837,33.863052],[-84.455899,33.863123],[-84.455927,33.863204],[-84.45598,33.863277],[-84.456019,33.863361],[-84.456041,33.863405],[-84.456057,33.86345],[-84.456087,33.863535],[-84.45612,33.863627],[-84.45615,33.863711],[-84.456179,33.863793],[-84.456182,33.86388],[-84.456178,33.863915],[-84.456178,33.863985],[-84.456202,33.864053],[-84.456187,33.864137],[-84.456185,33.864164],[-84.456181,33.864223],[-84.456183,33.86431],[-84.456177,33.864402],[-84.456176,33.864491],[-84.45614,33.86458],[-84.456116,33.864671],[-84.456053,33.864787],[-84.456032,33.864836],[-84.455995,33.864926],[-84.45596,33.86501],[-84.455927,33.865089],[-84.455894,33.86517],[-84.455859,33.865254],[-84.455829,33.865325],[-84.455794,33.86541],[-84.455759,33.865495],[-84.455744,33.865532],[-84.455719,33.865591],[-84.455684,33.865675],[-84.455464,33.866011],[-84.455321,33.866219],[-84.45525,33.866303],[-84.455161,33.866342],[-84.45514,33.866449],[-84.455073,33.866514],[-84.455015,33.866583],[-84.454958,33.866651],[-84.454913,33.866697],[-84.454885,33.866725],[-84.454815,33.866796],[-84.454746,33.866866],[-84.454667,33.866946],[-84.454618,33.86702],[-84.454564,33.8671],[-84.454497,33.86717],[-84.454431,33.867243],[-84.454367,33.867308],[-84.454313,33.867386],[-84.453968,33.867699],[-84.45401,33.867744],[-84.454106,33.867846],[-84.454201,33.867949],[-84.454512,33.868283],[-84.454847,33.868651],[-84.455605,33.869466],[-84.4558,33.869731],[-84.456085,33.870186],[-84.456155,33.870312],[-84.456231,33.870481],[-84.456287,33.870655],[-84.456309,33.870743],[-84.456447,33.871179],[-84.456492,33.871299],[-84.456768,33.871105],[-84.457016,33.870924],[-84.457297,33.870676],[-84.45743,33.870578],[-84.457525,33.870508],[-84.458758,33.869899],[-84.459284,33.869639],[-84.459868,33.869389],[-84.460176,33.869277],[-84.460696,33.869161],[-84.46096,33.86915],[-84.461417,33.869117],[-84.461671,33.869089],[-84.461905,33.869043],[-84.461954,33.869026],[-84.462051,33.868973],[-84.462121,33.868937],[-84.462328,33.868781],[-84.46254,33.86853],[-84.462621,33.868474],[-84.462885,33.868131],[-84.463093,33.867914],[-84.463365,33.867641],[-84.46402,33.867041],[-84.464125,33.86695],[-84.464227,33.866876],[-84.464374,33.866769],[-84.464588,33.86667],[-84.464608,33.866662],[-84.465658,33.866395],[-84.466027,33.866337],[-84.466202,33.866321],[-84.466355,33.866297],[-84.466925,33.866195],[-84.46736,33.866113],[-84.467497,33.866087],[-84.467696,33.866059],[-84.468111,33.865953],[-84.468318,33.865907],[-84.468479,33.865878],[-84.468586,33.865868],[-84.46873,33.865877],[-84.468906,33.865709],[-84.469039,33.865567],[-84.469164,33.86542],[-84.469281,33.865268],[-84.469381,33.865123],[-84.46939,33.865112],[-84.469484,33.86496],[-84.469573,33.864786],[-84.469641,33.864615],[-84.469665,33.864527],[-84.469683,33.864424],[-84.469727,33.864247],[-84.469755,33.864068],[-84.469764,33.863944],[-84.469756,33.863831],[-84.469746,33.863674],[-84.469724,33.86353],[-84.469705,33.863406],[-84.469662,33.863214],[-84.469583,33.862952],[-84.46941,33.862411],[-84.469317,33.861883],[-84.469307,33.861793],[-84.469296,33.861613],[-84.469297,33.861433],[-84.4693,33.861386],[-84.469311,33.861253],[-84.469352,33.860999],[-84.469468,33.860622],[-84.46954,33.860452],[-84.469663,33.860202],[-84.469756,33.860039],[-84.46986,33.859879],[-84.469906,33.859808],[-84.470221,33.859389],[-84.470491,33.859018],[-84.470549,33.85894],[-84.4706,33.85887]]]]}},
{"type":"Feature","properties":{"GEOID":"13067030369"},"geometry":{"type":"MultiPolygon","coordinates":[[[[-84.436279,34.00476],[-84.436344,34.004357],[-84.436365,34.004057],[-84.436292,34.003488],[-84.436261,34.003379],[-84.436222,34.003239],[-84.435968,34.002619],[-84.435935,34.002538],[-84.435897,34.002476],[-84.435727,34.002191],[-84.43553,34.001876],[-84.435308,34.00156],[-84.435158,34.001355],[-84.435061,34.001223],[-84.434867,34.000951],[-84.43479,34.000843],[-84.43474,34.000768],[-84.434654,34.000636],[-84.434508,34.000387],[-84.434399,34.000159],[-84.43434,33.999976],[-84.434282,33.999761],[-84.434247,33.999453],[-84.434251,33.999096],[-84.434291,33.998604],[-84.434403,33.997849],[-84.434425,33.997589],[-84.434509,33.996926],[-84.434504,33.996669],[-84.434485,33.996443],[-84.434451,33.996271],[-84.434405,33.996099],[-84.43431,33.99584],[-84.434105,33.995396],[-84.433948,33.99519],[-84.433683,33.994873],[-84.433483,33.994676],[-84.433124,33.994448],[-84.432649,33.994221],[-84.432168,33.994018],[-84.431501,33.993792],[-84.431272,33.993745],[-84.430798,33.993646],[-84.430462,33.993547],[-84.429846,33.993282],[-84.429344,33.99299],[-84.429203,33.992862],[-84.428996,33.992663],[-84.428805,33.992438],[-84.42866,33.992253],[-84.428536,33.992069],[-84.428399,33.991789],[-84.428186,33.99134],[-84.428013,33.990976],[-84.427746,33.990441],[-84.427322,33.98959],[-84.427196,33.989285],[-84.427178,33.989229],[-84.427125,33.989058],[-84.427088,33.988907],[-84.426984,33.988284],[-84.426989,33.988038],[-84.427052,33.987293],[-84.427165,33.986716],[-84.427181,33.986629],[-84.427195,33.986156],[-84.427187,33.985844],[-84.427157,33.984782],[-84.427156,33.98474],[-84.427131,33.984388],[-84.427094,33.983742],[-84.427082,33.98355],[-84.426287,33.984136],[-84.426065,33.984289],[-84.425706,33.984508],[-84.425154,33.98482],[-84.424401,33.985218],[-84.423907,33.985396],[-84.423358,33.985603],[-84.422589,33.985911],[-84.422187,33.986068],[-84.421884,33.986213],[-84.421416,33.986444],[-84.421001,33.986691],[-84.42055,33.986953],[-84.420207,33.987232],[-84.419744,33.987599],[-84.41926,33.988063],[-84.418943,33.988388],[-84.418745,33.988625],[-84.41792,33.989602],[-84.417364,33.990336],[-84.417026,33.990758],[-84.416358,33.991611],[-84.416096,33.991914],[-84.415862,33.992173],[-84.415771,33.992262],[-84.415425,33.992548],[-84.414983,33.99284],[-84.414716,33.992985],[-84.414376,33.993151],[-84.413973,33.993323],[-84.413635,33.993451],[-84.413406,33.993545],[-84.412958,33.993652],[-84.412779,33.993705],[-84.411594,33.993943],[-84.411027,33.99415],[-84.410791,33.994264],[-84.410504,33.994402],[-84.410208,33.994593],[-84.410107,33.994658],[-84.409552,33.99506],[-84.409245,33.995363],[-84.40911,33.995527],[-84.409067,33.995562],[-84.408453,33.996431],[-84.407893,33.9973],[-84.407275,33.998274],[-84.407435,33.998262],[-84.407668,33.998244],[-84.407984,33.998251],[-84.408419,33.998302],[-84.408975,33.998373],[-84.40941,33.998433],[-84.409611,33.998496],[-84.409862,33.998586],[-84.410211,33.998788],[-84.410429,33.998961],[-84.410617,33.99914],[-84.410665,33.999194],[-84.410883,33.999377],[-84.411071,33.99955],[-84.41136,33.999716],[-84.41171,33.999893],[-84.412025,34.000022],[-84.412219,34.00007],[-84.412826,34.000229],[-84.413269,34.000323],[-84.413714,34.000383],[-84.414069,34.000399],[-84.414761,34.000364],[-84.415024,34.000351],[-84.415119,34.000362],[-84.415438,34.000427],[-84.415908,34.000649],[-84.416987,34.001204],[-84.417749,34.001524],[-84.417669,34.00181],[-84.417654,34.001987],[-84.417721,34.002213],[-84.417829,34.002346],[-84.418157,34.002776],[-84.418298,34.002993],[-84.418829,34.003812],[-84.419377,34.003502],[-84.419619,34.003435],[-84.419831,34.003408],[-84.420449,34.003597],[-84.420868,34.003785],[-84.421274,34.00395],[-84.421375,34.003974],[-84.421509,34.004007],[-84.421546,34.004016],[-84.421609,34.004031],[-84.42182,34.004082],[-84.421941,34.004108],[-84.422342,34.004148],[-84.423053,34.004178],[-84.423299,34.004248],[-84.423644,34.004317],[-84.424369,34.004518],[-84.424924,34.004622],[-84.425419,34.004684],[-84.425804,34.004725],[-84.42621,34.004717],[-84.426546,34.004682],[-84.426666,34.004659],[-84.426781,34.004636],[-84.427486,34.004562],[-84.427727,34.004546],[-84.427801,34.004526],[-84.427989,34.004514],[-84.428253,34.004526],[-84.428354,34.004526],[-84.428426,34.004526],[-84.428694,34.004506],[-84.429191,34.004438],[-84.429396,34.004414],[-84.429716,34.00439],[-84.430895,34.004245],[-84.431244,34.004225],[-84.431376,34.004233],[-84.431512,34.004265],[-84.432298,34.004518],[-84.432506,34.004606],[-84.432743,34.004682],[-84.432923,34.00473],[-84.433159,34.004746],[-84.433592,34.004778],[-84.433904,34.004796],[-84.434504,34.004804],[-84.436279,34.00476]]]]}},
{"type":"Feature","properties":{"GEOID":"13067030354"},"geometry":{"type":"MultiPolygon","coordinates":[[[[-84.464234,33.924831],[-84.464337,33.924755],[-84.464257,33.924659],[-84.464209,33.924601],[-84.464164,33.924519],[-84.464111,33.924441],[-84.464051,33.924366],[-84.463981,33.924229],[-84.463952,33.924142],[-84.463934,33.924053],[-84.463934,33.923885],[-84.463956,33.923716],[-84.463983,33.923],[-84.464005,33.922074],[-84.46402,33.921894],[-84.464051,33.921716],[-84.464098,33.92154],[-84.464171,33.921337],[-84.462704,33.920996],[-84.461508,33.92075],[-84.461906,33.919508],[-84.461924,33.919284],[-84.461881,33.919129],[-84.461821,33.919014],[-84.461753,33.918916],[-84.461015,33.918223],[-84.460714,33.917957],[-84.460604,33.917892],[-84.460425,33.917839],[-84.46032,33.917821],[-84.460139,33.917805],[-84.457963,33.917746],[-84.457975,33.916966],[-84.457902,33.916989],[-84.457591,33.917066],[-84.457495,33.917108],[-84.457409,33.917162],[-84.457328,33.917222],[-84.457254,33.917288],[-84.457155,33.917323],[-84.457049,33.917336],[-84.456941,33.91734],[-84.456833,33.917333],[-84.456725,33.917342],[-84.456619,33.917357],[-84.456514,33.91738],[-84.456415,33.917416],[-84.456323,33.917463],[-84.45624,33.91752],[-84.456166,33.917586],[-84.456104,33.91766],[-84.456055,33.91774],[-84.455974,33.9178],[-84.455878,33.917839],[-84.455771,33.917855],[-84.455448,33.917847],[-84.45535,33.917886],[-84.455277,33.917951],[-84.455224,33.918029],[-84.455184,33.918113],[-84.455158,33.9182],[-84.455078,33.91826],[-84.454902,33.918365],[-84.454717,33.918458],[-84.454525,33.91854],[-84.45442,33.918562],[-84.454332,33.918572],[-84.454057,33.918434],[-84.453956,33.918404],[-84.453848,33.918395],[-84.453742,33.918412],[-84.453638,33.918437],[-84.453539,33.918472],[-84.453448,33.918521],[-84.453354,33.918566],[-84.453256,33.918604],[-84.453155,33.918636],[-84.453068,33.918689],[-84.452967,33.91872],[-84.452859,33.918724],[-84.452751,33.918721],[-84.452644,33.918711],[-84.452537,33.918724],[-84.452455,33.918756],[-84.45233,33.918805],[-84.452244,33.918839],[-84.45214,33.918863],[-84.452033,33.918871],[-84.451925,33.918864],[-84.451821,33.91884],[-84.451609,33.918803],[-84.451514,33.918805],[-84.451339,33.918665],[-84.451046,33.918434],[-84.450924,33.91833],[-84.450071,33.917599],[-84.449735,33.917438],[-84.449427,33.917276],[-84.449124,33.917116],[-84.449045,33.917063],[-84.448976,33.917017],[-84.448828,33.916906],[-84.44878,33.91686],[-84.448753,33.916833],[-84.448694,33.916757],[-84.448677,33.916727],[-84.448648,33.916676],[-84.448623,33.916525],[-84.44862,33.916435],[-84.448624,33.916282],[-84.448686,33.916143],[-84.448682,33.916004],[-84.448693,33.915914],[-84.448736,33.915659],[-84.448727,33.915306],[-84.448739,33.915156],[-84.448719,33.915068],[-84.448679,33.914984],[-84.448614,33.914876],[-84.448523,33.914722],[-84.448117,33.914228],[-84.44771,33.913703],[-84.447498,33.913484],[-84.447439,33.913409],[-84.447389,33.913329],[-84.447324,33.913167],[-84.44717,33.912935],[-84.446861,33.912487],[-84.446581,33.912084],[-84.446403,33.912233],[-84.445853,33.912673],[-84.445358,33.912987],[-84.444976,33.913255],[-84.44436,33.913753],[-84.443957,33.914055],[-84.443643,33.91434],[-84.442807,33.914893],[-84.442388,33.91517],[-84.442089,33.915337],[-84.441685,33.915533],[-84.441367,33.915729],[-84.440878,33.916032],[-84.440548,33.916292],[-84.440157,33.91653],[-84.439842,33.916818],[-84.439551,33.917084],[-84.439456,33.917171],[-84.439181,33.917508],[-84.438927,33.917899],[-84.438736,33.918184],[-84.438593,33.91849],[-84.438478,33.918894],[-84.438293,33.919548],[-84.438286,33.919571],[-84.438152,33.919991],[-84.438038,33.920346],[-84.437884,33.920733],[-84.437673,33.921281],[-84.4375,33.921653],[-84.437443,33.921749],[-84.437413,33.921826],[-84.437278,33.92208],[-84.437216,33.922168],[-84.437131,33.922287],[-84.437085,33.922353],[-84.43688,33.92258],[-84.436658,33.922778],[-84.436389,33.92297],[-84.436126,33.92312],[-84.435846,33.923248],[-84.435527,33.923358],[-84.435271,33.923422],[-84.435096,33.923486],[-84.434791,33.923577],[-84.434479,33.923651],[-84.434268,33.923692],[-84.433949,33.923739],[-84.433734,33.92376],[-84.433261,33.923862],[-84.432847,33.923966],[-84.432439,33.924084],[-84.432279,33.924136],[-84.432182,33.924159],[-84.431649,33.924288],[-84.431373,33.924376],[-84.431106,33.924484],[-84.430824,33.924628],[-84.430554,33.924799],[-84.430444,33.924874],[-84.430313,33.924966],[-84.430207,33.92504],[-84.430066,33.925139],[-84.429999,33.925539],[-84.430144,33.925458],[-84.430182,33.925729],[-84.430207,33.925979],[-84.430271,33.926406],[-84.430311,33.926592],[-84.430349,33.926714],[-84.430411,33.926852],[-84.430526,33.927085],[-84.430606,33.927212],[-84.43073,33.927461],[-84.430774,33.927575],[-84.43085,33.92785],[-84.430885,33.927933],[-84.430957,33.928032],[-84.431078,33.928226],[-84.431191,33.92846],[-84.431241,33.928562],[-84.431289,33.9287],[-84.4313,33.928794],[-84.431304,33.92897],[-84.431293,33.929169],[-84.431144,33.930062],[-84.431069,33.930248],[-84.431019,33.930341],[-84.430907,33.930467],[-84.430848,33.930552],[-84.430811,33.930696],[-84.430818,33.93077],[-84.430891,33.931006],[-84.431083,33.931339],[-84.431159,33.931442],[-84.431211,33.9315],[-84.431337,33.931679],[-84.431476,33.931908],[-84.431573,33.932121],[-84.43163,33.932259],[-84.431728,33.932414],[-84.431799,33.932541],[-84.431862,33.932628],[-84.431962,33.932736],[-84.432281,33.933063],[-84.432335,33.933107],[-84.432427,33.933183],[-84.432795,33.933537],[-84.432938,33.933683],[-84.433178,33.933954],[-84.433489,33.934394],[-84.433663,33.934679],[-84.433869,33.935028],[-84.43392,33.935155],[-84.434069,33.935528],[-84.434182,33.935832],[-84.43423,33.93595],[-84.434358,33.936238],[-84.434458,33.93649],[-84.434607,33.936842],[-84.434686,33.937007],[-84.434821,33.937198],[-84.435078,33.937537],[-84.435101,33.937567],[-84.435564,33.938078],[-84.435819,33.938345],[-84.436028,33.938576],[-84.436217,33.938821],[-84.436447,33.93916],[-84.436666,33.9395],[-84.436909,33.939857],[-84.437185,33.940348],[-84.437332,33.940621],[-84.437423,33.94082],[-84.437442,33.940867],[-84.437558,33.940816],[-84.437595,33.940799],[-84.438021,33.940597],[-84.438286,33.940535],[-84.438724,33.940468],[-84.439746,33.940211],[-84.439982,33.940114],[-84.440241,33.939942],[-84.440469,33.939769],[-84.440769,33.939564],[-84.441007,33.939408],[-84.441247,33.939295],[-84.44133,33.939233],[-84.441448,33.939152],[-84.44255,33.938567],[-84.442899,33.938422],[-84.443113,33.938384],[-84.443418,33.938365],[-84.443905,33.938376],[-84.444844,33.938497],[-84.445289,33.938531],[-84.445554,33.938494],[-84.44579,33.938415],[-84.445996,33.938301],[-84.446152,33.93816],[-84.44636,33.937995],[-84.446691,33.937774],[-84.44695,33.937577],[-84.447397,33.937223],[-84.447656,33.937042],[-84.447872,33.936928],[-84.448067,33.936865],[-84.448291,33.936844],[-84.448523,33.936849],[-84.449119,33.936861],[-84.449657,33.93685],[-84.449788,33.936854],[-84.451476,33.9369],[-84.451662,33.936906],[-84.45305,33.936946],[-84.454277,33.936912],[-84.455238,33.936898],[-84.456585,33.93693],[-84.457318,33.936953],[-84.457772,33.937022],[-84.458033,33.937112],[-84.458462,33.937366],[-84.458778,33.937635],[-84.459038,33.937826],[-84.459584,33.938281],[-84.460069,33.938629],[-84.460092,33.938642],[-84.460796,33.939028],[-84.461166,33.939037],[-84.461494,33.9389],[-84.461452,33.938846],[-84.461345,33.938677],[-84.461301,33.938593],[-84.461223,33.938421],[-84.461213,33.938384],[-84.461182,33.938295],[-84.461163,33.938208],[-84.461155,33.93812],[-84.46113,33.937949],[-84.461123,33.93786],[-84.461118,33.937683],[-84.461092,33.937317],[-84.461088,33.936445],[-84.461021,33.9353],[-84.460994,33.934581],[-84.460996,33.934201],[-84.461063,33.932133],[-84.461062,33.931546],[-84.461076,33.930947],[-84.461061,33.930417],[-84.461032,33.929304],[-84.461042,33.929264],[-84.461049,33.929038],[-84.461037,33.928481],[-84.461036,33.928454],[-84.461046,33.928329],[-84.461063,33.928182],[-84.461067,33.92815],[-84.46111,33.927882],[-84.461159,33.927701],[-84.461266,33.92747],[-84.461384,33.927253],[-84.461537,33.927059],[-84.461605,33.926977],[-84.461675,33.926908],[-84.461894,33.926709],[-84.462324,33.926349],[-84.462373,33.926299],[-84.46249,33.926217],[-84.462925,33.925861],[-84.463894,33.925107],[-84.464234,33.924831]]]]}},
{"type":"Feature","properties":{"GEOID":"13121010212"},"geometry":{"type":"MultiPolygon","coordinates":[[[[-84.397664,33.900718],[-84.397698,33.900612],[-84.397697,33.900489],[-84.397656,33.90035],[-84.397594,33.90024],[-84.397497,33.900124],[-84.397274,33.899927],[-84.397185,33.899849],[-84.394968,33.898292],[-84.394553,33.897969],[-84.394254,33.897713],[-84.394142,33.897595],[-84.394053,33.897465],[-84.393994,33.897341],[-84.393957,33.897211],[-84.39393,33.896871],[-84.393941,33.8967],[-84.394078,33.895884],[-84.394094,33.895748],[-84.394094,33.895496],[-84.394056,33.895245],[-84.394,33.895063],[-84.393961,33.894938],[-84.393851,33.894674],[-84.393709,33.894408],[-84.39353,33.894139],[-84.393333,33.893819],[-84.392106,33.891816],[-84.391599,33.891018],[-84.391486,33.890872],[-84.391368,33.890756],[-84.391234,33.890652],[-84.391087,33.890563],[-84.39095,33.890499],[-84.390807,33.890446],[-84.390683,33.890412],[-84.390531,33.890384],[-84.390401,33.89037],[-84.389065,33.890368],[-84.388557,33.890341],[-84.388424,33.89032],[-84.388232,33.890268],[-84.388052,33.890193],[-84.387271,33.889725],[-84.387025,33.889603],[-84.386899,33.889527],[-84.386139,33.888994],[-84.38571,33.888693],[-84.385564,33.8886],[-84.385424,33.888522],[-84.385304,33.88848],[-84.384673,33.888332],[-84.384433,33.888283],[-84.384218,33.888248],[-84.383782,33.888202],[-84.383218,33.888179],[-84.381581,33.88806],[-84.381501,33.888833],[-84.381317,33.890644],[-84.381288,33.891008],[-84.381221,33.891648],[-84.381154,33.892305],[-84.381148,33.892671],[-84.381159,33.892881],[-84.381253,33.89387],[-84.38137,33.895004],[-84.381514,33.896504],[-84.381542,33.896742],[-84.38156,33.897195],[-84.381552,33.89746],[-84.381522,33.897738],[-84.381491,33.897922],[-84.381399,33.898289],[-84.38127,33.898646],[-84.381121,33.898965],[-84.380883,33.899385],[-84.380767,33.899574],[-84.380639,33.899757],[-84.380258,33.900239],[-84.37999,33.900578],[-84.379827,33.900786],[-84.378943,33.901883],[-84.378832,33.902047],[-84.378803,33.902097],[-84.378719,33.902261],[-84.378692,33.902338],[-84.378662,33.902404],[-84.378635,33.902476],[-84.378585,33.902647],[-84.378549,33.902811],[-84.378524,33.902987],[-84.378512,33.903174],[-84.378542,33.903426],[-84.378577,33.90432],[-84.378622,33.90547],[-84.3787,33.907464],[-84.378712,33.907753],[-84.378762,33.908939],[-84.378805,33.909552],[-84.378845,33.91013],[-84.378852,33.910224],[-84.378916,33.910995],[-84.378984,33.911527],[-84.379059,33.912134],[-84.380285,33.91215],[-84.384433,33.912256],[-84.385069,33.912303],[-84.38561,33.912343],[-84.387123,33.912454],[-84.387199,33.912481],[-84.389279,33.912722],[-84.390245,33.912845],[-84.390513,33.91288],[-84.39177,33.913033],[-84.392453,33.913161],[-84.392521,33.913169],[-84.392496,33.913115],[-84.392167,33.912135],[-84.392116,33.911934],[-84.392061,33.911582],[-84.392018,33.910953],[-84.392018,33.910766],[-84.39203,33.910558],[-84.392033,33.910527],[-84.392068,33.910206],[-84.392095,33.910041],[-84.392133,33.909888],[-84.392229,33.909576],[-84.392419,33.908679],[-84.392514,33.908292],[-84.392583,33.907945],[-84.392745,33.907295],[-84.392791,33.907077],[-84.392814,33.906966],[-84.392893,33.906761],[-84.392992,33.90659],[-84.393061,33.90651],[-84.39314,33.906437],[-84.393435,33.906225],[-84.39359,33.906127],[-84.394253,33.905733],[-84.394832,33.905391],[-84.394953,33.905311],[-84.395129,33.90516],[-84.395266,33.905001],[-84.395547,33.904558],[-84.39576,33.90416],[-84.3961,33.903403],[-84.396178,33.903194],[-84.396281,33.902957],[-84.396496,33.90245],[-84.396528,33.902378],[-84.39671,33.901952],[-84.396763,33.901828],[-84.396859,33.901636],[-84.396975,33.901453],[-84.397117,33.901272],[-84.3972,33.901184],[-84.397354,33.901065],[-84.397611,33.900804],[-84.397664,33.900718]]]]}},
{"type":"Feature","properties":{"GEOID":"13121010115"},"geometry":{"type":"MultiPolygon","coordinates":[[[[-84.365068,33.892713],[-84.365134,33.891797],[-84.365112,33.889444],[-84.365109,33.888646],[-84.365102,33.887121],[-84.365086,33.886873],[-84.365072,33.886659],[-84.365013,33.884683],[-84.36504,33.883803],[-84.365051,33.883351],[-84.365069,33.88265],[-84.36507,33.882397],[-84.365072,33.881672],[-84.365073,33.881385],[-84.365073,33.881278],[-84.364871,33.881463],[-84.364838,33.881494],[-84.364812,33.881517],[-84.364758,33.881567],[-84.364631,33.881684],[-84.364331,33.881966],[-84.364278,33.882018],[-84.364106,33.882186],[-84.363977,33.88228],[-84.363885,33.882327],[-84.363787,33.882364],[-84.363681,33.88238],[-84.363573,33.882373],[-84.363468,33.882354],[-84.363165,33.882257],[-84.363058,33.882245],[-84.362735,33.882263],[-84.362628,33.882251],[-84.362526,33.882221],[-84.362449,33.882159],[-84.362408,33.882076],[-84.362301,33.881919],[-84.362201,33.881889],[-84.362094,33.881894],[-84.362075,33.881901],[-84.361999,33.881935],[-84.361918,33.881995],[-84.361868,33.882074],[-84.361792,33.882138],[-84.361692,33.882171],[-84.361635,33.882171],[-84.361585,33.882171],[-84.361479,33.882188],[-84.361375,33.882211],[-84.361272,33.882239],[-84.361183,33.882289],[-84.361113,33.882358],[-84.361056,33.882434],[-84.361014,33.882517],[-84.360987,33.882604],[-84.360926,33.882678],[-84.36084,33.882732],[-84.360735,33.882749],[-84.360627,33.88275],[-84.360521,33.882732],[-84.360423,33.882696],[-84.360336,33.882642],[-84.36028,33.882566],[-84.360246,33.88248],[-84.360159,33.882429],[-84.360053,33.882429],[-84.35997,33.882485],[-84.359925,33.882566],[-84.359784,33.882861],[-84.35968,33.883002],[-84.359599,33.883061],[-84.359504,33.883105],[-84.359401,33.88313],[-84.359324,33.883193],[-84.359277,33.883274],[-84.359273,33.883363],[-84.359296,33.883451],[-84.35927,33.883538],[-84.359202,33.883607],[-84.359101,33.883635],[-84.358996,33.883657],[-84.358969,33.883681],[-84.358923,33.883722],[-84.358946,33.883807],[-84.358993,33.883888],[-84.359074,33.883947],[-84.359131,33.884023],[-84.359168,33.884108],[-84.359193,33.884195],[-84.359197,33.884285],[-84.359181,33.884374],[-84.359048,33.884813],[-84.359002,33.884914],[-84.358974,33.885001],[-84.358957,33.88509],[-84.358951,33.88518],[-84.358955,33.88527],[-84.358984,33.885357],[-84.359034,33.885437],[-84.359098,33.885509],[-84.359175,33.885572],[-84.359242,33.885643],[-84.359301,33.885718],[-84.359354,33.885797],[-84.359342,33.885886],[-84.359288,33.88595],[-84.359281,33.885959],[-84.359205,33.885995],[-84.359186,33.886005],[-84.359088,33.886037],[-84.358982,33.886053],[-84.358932,33.886071],[-84.358915,33.886083],[-84.358897,33.886116],[-84.358886,33.88616],[-84.35889,33.886339],[-84.358867,33.886427],[-84.358822,33.886509],[-84.358747,33.886573],[-84.35859,33.886697],[-84.358461,33.886769],[-84.358111,33.88701],[-84.358038,33.887076],[-84.357974,33.887148],[-84.357866,33.887304],[-84.357772,33.887467],[-84.357694,33.887635],[-84.357632,33.887808],[-84.357557,33.888099],[-84.3575,33.888201],[-84.357416,33.888257],[-84.357313,33.88828],[-84.357214,33.888247],[-84.357128,33.888193],[-84.357022,33.888177],[-84.356916,33.888194],[-84.356825,33.888242],[-84.356726,33.888277],[-84.35662,33.888294],[-84.356512,33.888296],[-84.356408,33.888273],[-84.356315,33.888227],[-84.356213,33.888197],[-84.356109,33.888175],[-84.356001,33.888168],[-84.355893,33.888175],[-84.355569,33.888185],[-84.355463,33.888169],[-84.355362,33.888138],[-84.35527,33.888091],[-84.355168,33.888061],[-84.355064,33.888038],[-84.354957,33.888026],[-84.354849,33.888024],[-84.354742,33.888037],[-84.354503,33.888101],[-84.354457,33.888124],[-84.354372,33.888179],[-84.354231,33.888316],[-84.354152,33.888377],[-84.354103,33.888407],[-84.35408,33.888407],[-84.353891,33.888452],[-84.353784,33.888464],[-84.353676,33.888465],[-84.353569,33.888453],[-84.353472,33.888414],[-84.353439,33.888404],[-84.35342,33.888398],[-84.353262,33.888354],[-84.353196,33.888341],[-84.353088,33.888347],[-84.352982,33.888363],[-84.35278,33.888427],[-84.352683,33.888467],[-84.352589,33.888511],[-84.352405,33.888606],[-84.352211,33.888685],[-84.352109,33.888716],[-84.351795,33.888782],[-84.351692,33.888808],[-84.351527,33.888864],[-84.351401,33.888927],[-84.351129,33.889073],[-84.350779,33.889284],[-84.35022,33.889657],[-84.34978,33.88997],[-84.349756,33.889985],[-84.349573,33.890106],[-84.349396,33.89021],[-84.349303,33.890255],[-84.349206,33.890296],[-84.349107,33.890332],[-84.348803,33.890426],[-84.348725,33.890487],[-84.348668,33.890564],[-84.34862,33.890644],[-84.348585,33.890729],[-84.348519,33.890801],[-84.348438,33.89086],[-84.348341,33.890899],[-84.348315,33.890903],[-84.348231,33.890917],[-84.348181,33.890939],[-84.348123,33.892819],[-84.348121,33.892937],[-84.348109,33.89379],[-84.348073,33.896316],[-84.348015,33.90029],[-84.348007,33.900824],[-84.347999,33.901561],[-84.347987,33.902308],[-84.34797,33.903511],[-84.348006,33.904855],[-84.348008,33.90491],[-84.347944,33.906682],[-84.347906,33.907833],[-84.347899,33.909082],[-84.347892,33.910589],[-84.347887,33.910849],[-84.34788,33.912429],[-84.347879,33.912531],[-84.347878,33.912593],[-84.347885,33.914098],[-84.347886,33.914673],[-84.347891,33.91501],[-84.347933,33.914999],[-84.348496,33.914828],[-84.349243,33.9146],[-84.352074,33.913674],[-84.352818,33.913406],[-84.353726,33.913064],[-84.355876,33.912129],[-84.356724,33.911728],[-84.357503,33.911344],[-84.357485,33.91114],[-84.357434,33.910475],[-84.357436,33.910122],[-84.357461,33.909772],[-84.357463,33.909563],[-84.357466,33.909279],[-84.357548,33.908174],[-84.357613,33.90781],[-84.357634,33.907728],[-84.357694,33.90749],[-84.357745,33.90729],[-84.357827,33.906952],[-84.357959,33.906448],[-84.358359,33.905381],[-84.358954,33.904073],[-84.359478,33.90317],[-84.35957,33.903012],[-84.359705,33.902771],[-84.359976,33.90231],[-84.360913,33.900667],[-84.362055,33.898727],[-84.362476,33.898007],[-84.362631,33.89771],[-84.362823,33.897344],[-84.362963,33.897108],[-84.364034,33.895299],[-84.364189,33.895015],[-84.364512,33.89438],[-84.36483,33.893588],[-84.364861,33.893475],[-84.365068,33.892713]]]]}},
{"type":"Feature","properties":{"GEOID":"13121010117"},"geometry":{"type":"MultiPolygon","coordinates":[[[[-84.36542,33.962761],[-84.365755,33.961878],[-84.36573,33.961579],[-84.365718,33.961352],[-84.36567,33.960952],[-84.365473,33.959949],[-84.36484,33.957568],[-84.364584,33.956607],[-84.364555,33.956494],[-84.364512,33.956292],[-84.364489,33.956045],[-84.364496,33.955799],[-84.364535,33.955554],[-84.3646,33.955324],[-84.363891,33.955149],[-84.363045,33.955017],[-84.362832,33.954998],[-84.362618,33.954995],[-84.36246,33.955004],[-84.362404,33.955008],[-84.362234,33.955029],[-84.362025,33.955068],[-84.361861,33.955111],[-84.361801,33.95513],[-84.361662,33.955177],[-84.361531,33.955231],[-84.361508,33.95524],[-84.361253,33.955371],[-84.360504,33.955818],[-84.3603,33.955917],[-84.360078,33.956002],[-84.359804,33.956081],[-84.359506,33.956136],[-84.359206,33.956167],[-84.358838,33.956181],[-84.358071,33.956217],[-84.357936,33.956232],[-84.357798,33.95626],[-84.357688,33.956291],[-84.357097,33.956508],[-84.356811,33.956613],[-84.356363,33.956778],[-84.356021,33.957383],[-84.355712,33.957884],[-84.354743,33.959314],[-84.354583,33.95955],[-84.354519,33.959645],[-84.354121,33.960217],[-84.35352,33.96108],[-84.352191,33.962967],[-84.35156,33.963889],[-84.350976,33.964724],[-84.350476,33.965472],[-84.350424,33.965552],[-84.350229,33.965852],[-84.350723,33.96604],[-84.353262,33.967004],[-84.354934,33.967646],[-84.35597,33.968028],[-84.356434,33.968189],[-84.356941,33.968366],[-84.357175,33.968371],[-84.357298,33.968372],[-84.357491,33.968375],[-84.358108,33.968385],[-84.359079,33.968403],[-84.35987,33.968407],[-84.360983,33.968434],[-84.361297,33.968435],[-84.361777,33.967802],[-84.361935,33.967582],[-84.362845,33.966317],[-84.363846,33.96496],[-84.364289,33.964397],[-84.364906,33.963554],[-84.365174,33.963229],[-84.365333,33.962992],[-84.36542,33.962761]]]]}},
{"type":"Feature","properties":{"GEOID":"13067030343"},"geometry":{"type":"MultiPolygon","coordinates":[[[[-84.400798,34.02844],[-84.431112,34.02844],[-84.431048,34.028385],[-84.430664,34.028132],[-84.430229,34.027911],[-84.429946,34.027815],[-84.429754,34.027736],[-84.429196,34.027576],[-84.428642,34.027497],[-84.427898,34.027443],[-84.427311,34.027426],[-84.426873,34.027451],[-84.425589,34.027387],[-84.424854,34.027354],[-84.423867,34.027311],[-84.419792,34.02717],[-84.418822,34.02715],[-84.417566,34.027126],[-84.416113,34.027113],[-84.415449,34.027106],[-84.415247,34.027096],[-84.414402,34.027054],[-84.414197,34.027025],[-84.413964,34.026955],[-84.413339,34.02655],[-84.412887,34.026272],[-84.412568,34.026118],[-84.412354,34.026056],[-84.411988,34.026004],[-84.411088,34.025978],[-84.410192,34.025967],[-84.409906,34.02597],[-84.409767,34.025967],[-84.409437,34.025959],[-84.407445,34.025979],[-84.406806,34.025997],[-84.406627,34.025968],[-84.406509,34.025935],[-84.406308,34.025891],[-84.405884,34.02585],[-84.404017,34.025842],[-84.403471,34.025823],[-84.401247,34.025883],[-84.401211,34.025923],[-84.401152,34.025979],[-84.401042,34.026004],[-84.400914,34.026012],[-84.400835,34.026034],[-84.400794,34.026061],[-84.400705,34.02623],[-84.400699,34.026261],[-84.4007,34.026309],[-84.400719,34.026539],[-84.400711,34.026638],[-84.400681,34.026708],[-84.400687,34.026766],[-84.400668,34.026816],[-84.400649,34.026894],[-84.400656,34.027019],[-84.400617,34.027088],[-84.400592,34.027119],[-84.400555,34.027193],[-84.400571,34.02726],[-84.400592,34.027297],[-84.400641,34.02734],[-84.400677,34.0274],[-84.400735,34.027435],[-84.400802,34.027439],[-84.400885,34.027484],[-84.400918,34.027539],[-84.400942,34.027727],[-84.400915,34.027791],[-84.400859,34.027841],[-84.400807,34.027845],[-84.400756,34.027825],[-84.400728,34.027814],[-84.400706,34.027826],[-84.400683,34.027851],[-84.400666,34.027878],[-84.400663,34.027909],[-84.400651,34.027943],[-84.400632,34.027966],[-84.400617,34.027998],[-84.400622,34.028033],[-84.400641,34.028057],[-84.400662,34.028084],[-84.400675,34.028088],[-84.400703,34.028125],[-84.400764,34.028189],[-84.400841,34.028235],[-84.400863,34.028256],[-84.400866,34.028289],[-84.400861,34.028332],[-84.400843,34.028346],[-84.400809,34.028409],[-84.400798,34.02844]]]]}},
{"type":"Feature","properties":{"GEOID":"13121010120"},"geometry":{"type":"MultiPolygon","coordinates":[[[[-84.35004,34.003768],[-84.350492,34.003715],[-84.350434,34.002867],[-84.350428,34.001585],[-84.348869,34.001549],[-84.34859,34.001493],[-84.348338,34.001432],[-84.348098,34.001345],[-84.347922,34.00126],[-84.34753,34.001041],[-84.34713,34.000813],[-84.347023,34.000731],[-84.346931,34.000638],[-84.346882,34.00057],[-84.346839,34.000508],[-84.346516,33.999897],[-84.346392,33.999699],[-84.346224,33.999486],[-84.346127,33.999388],[-84.346029,33.999288],[-84.345792,33.999094],[-84.345525,33.998904],[-84.345154,33.998687],[-84.344907,33.998567],[-84.344651,33.998459],[-84.344388,33.998365],[-84.344131,33.998288],[-84.343945,33.998239],[-84.343744,33.998207],[-84.343497,33.998192],[-84.34338,33.998196],[-84.343256,33.9982],[-84.343037,33.998228],[-84.343024,33.99823],[-84.342742,33.998289],[-84.342542,33.998343],[-84.34247,33.998363],[-84.342064,33.998499],[-84.341731,33.998648],[-84.341507,33.998761],[-84.341321,33.998864],[-84.341074,33.999004],[-84.34079,33.999134],[-84.340647,33.999185],[-84.340585,33.999209],[-84.340408,33.999261],[-84.340209,33.999306],[-84.340006,33.999337],[-84.339758,33.999357],[-84.339508,33.999357],[-84.33905,33.999337],[-84.338682,33.999321],[-84.338121,33.999227],[-84.338079,33.999223],[-84.337321,33.999046],[-84.337021,33.998976],[-84.336909,33.999669],[-84.336713,34.000785],[-84.336491,34.002245],[-84.336414,34.002807],[-84.336277,34.003434],[-84.33617,34.003823],[-84.335962,34.004584],[-84.335822,34.00507],[-84.335494,34.005917],[-84.335393,34.006147],[-84.33521,34.006565],[-84.334874,34.007188],[-84.334587,34.007671],[-84.334139,34.008384],[-84.333619,34.009027],[-84.333361,34.009376],[-84.333965,34.009902],[-84.334382,34.01008],[-84.334634,34.010128],[-84.335057,34.010137],[-84.335362,34.010101],[-84.335768,34.01011],[-84.336043,34.010082],[-84.336329,34.010009],[-84.336587,34.009874],[-84.337222,34.009592],[-84.337617,34.009389],[-84.338202,34.009078],[-84.33917,34.008423],[-84.339424,34.008257],[-84.339928,34.007928],[-84.340163,34.00766],[-84.341118,34.006759],[-84.341893,34.005832],[-84.342645,34.005003],[-84.342826,34.004802],[-84.343172,34.004445],[-84.343693,34.004242],[-84.343922,34.004223],[-84.344079,34.00418],[-84.3441,34.004159],[-84.344363,34.00407],[-84.344821,34.004037],[-84.345547,34.004081],[-84.345901,34.004089],[-84.346274,34.004083],[-84.347017,34.004152],[-84.347431,34.004087],[-84.347919,34.004097],[-84.347988,34.004093],[-84.348461,34.004066],[-84.349756,34.003815],[-84.349974,34.003767],[-84.35004,34.003768]]]]}},
{"type":"Feature","properties":{"GEOID":"13067030357"},"geometry":{"type":"MultiPolygon","coordinates":[[[[-84.4706,34.012186],[-84.4706,33.99695],[-84.470406,33.996695],[-84.469912,33.995907],[-84.46948,33.995425],[-84.469156,33.995063],[-84.468979,33.994865],[-84.468753,33.994598],[-84.46752,33.993075],[-84.467018,33.992494],[-84.466725,33.992156],[-84.466206,33.991545],[-84.465735,33.99086],[-84.465601,33.990664],[-84.465224,33.990011],[-84.464968,33.989557],[-84.464782,33.989175],[-84.464573,33.988705],[-84.464369,33.988131],[-84.464295,33.987909],[-84.464137,33.987442],[-84.464088,33.987309],[-84.463824,33.986578],[-84.463402,33.985405],[-84.463147,33.984677],[-84.462964,33.984213],[-84.462742,33.983705],[-84.462474,33.983201],[-84.461877,33.983391],[-84.461398,33.983573],[-84.461118,33.983715],[-84.460829,33.983901],[-84.460472,33.984195],[-84.460053,33.98458],[-84.45977,33.98481],[-84.459583,33.98491],[-84.459331,33.984993],[-84.459066,33.985047],[-84.458789,33.985086],[-84.458881,33.985473],[-84.458944,33.986082],[-84.459227,33.987011],[-84.459259,33.987146],[-84.459334,33.98746],[-84.459547,33.987966],[-84.459884,33.988799],[-84.460431,33.98977],[-84.460922,33.990806],[-84.461085,33.991178],[-84.461157,33.991334],[-84.461202,33.991529],[-84.461243,33.991876],[-84.461279,33.99235],[-84.461295,33.992486],[-84.46125,33.992637],[-84.461224,33.992777],[-84.461214,33.992831],[-84.461099,33.993302],[-84.461036,33.993521],[-84.461019,33.993579],[-84.460982,33.993798],[-84.460976,33.994009],[-84.461013,33.994475],[-84.461081,33.994924],[-84.46112,33.995297],[-84.461175,33.995492],[-84.461251,33.995697],[-84.461328,33.995834],[-84.461658,33.996322],[-84.461924,33.996703],[-84.462209,33.996987],[-84.462564,33.997358],[-84.462843,33.997533],[-84.463061,33.99769],[-84.463501,33.997927],[-84.463619,33.998031],[-84.463737,33.998185],[-84.463842,33.99839],[-84.463905,33.998671],[-84.463977,33.999111],[-84.463983,33.999129],[-84.464015,33.999376],[-84.464019,33.999514],[-84.46403,33.999846],[-84.463995,34.000357],[-84.463935,34.000717],[-84.463784,34.001711],[-84.463647,34.002232],[-84.463681,34.002436],[-84.463746,34.00264],[-84.463822,34.002827],[-84.464021,34.00305],[-84.464042,34.003113],[-84.464192,34.003334],[-84.464237,34.003554],[-84.464242,34.003723],[-84.464238,34.003859],[-84.464129,34.004524],[-84.46413,34.004752],[-84.46411,34.005082],[-84.464051,34.005368],[-84.463951,34.005645],[-84.463818,34.005891],[-84.463363,34.006694],[-84.463264,34.006939],[-84.463217,34.007146],[-84.463212,34.007312],[-84.463217,34.007464],[-84.46319,34.009379],[-84.463207,34.010176],[-84.463252,34.010785],[-84.463232,34.011293],[-84.463236,34.011524],[-84.463225,34.011712],[-84.463253,34.012034],[-84.46329,34.012378],[-84.4648,34.012376],[-84.464938,34.012376],[-84.466215,34.012425],[-84.46656,34.012452],[-84.466903,34.01245],[-84.467337,34.012447],[-84.467357,34.012447],[-84.4674,34.012446],[-84.467524,34.012446],[-84.468,34.01249],[-84.468548,34.012509],[-84.468994,34.01251],[-84.469238,34.01249],[-84.469545,34.012429],[-84.4706,34.012186]]]]}},
{"type":"Feature","properties":{"GEOID":"13067030366"},"geometry":{"type":"MultiPolygon","coordinates":[[[[-84.464683,33.958207],[-84.464753,33.957404],[-84.464731,33.957409],[-84.46445,33.957492],[-84.464323,33.957536],[-84.464203,33.957586],[-84.463825,33.95759],[-84.463385,33.957569],[-84.463109,33.957572],[-84.463032,33.957559],[-84.462921,33.957551],[-84.462821,33.957548],[-84.462781,33.957548],[-84.462687,33.957585],[-84.462566,33.95761],[-84.462439,33.957643],[-84.462174,33.957632],[-84.461964,33.957633],[-84.461809,33.957676],[-84.461441,33.957838],[-84.461055,33.958109],[-84.460942,33.95816],[-84.460779,33.958226],[-84.460575,33.958268],[-84.460259,33.958297],[-84.460126,33.958306],[-84.459979,33.958326],[-84.459845,33.95837],[-84.459779,33.958479],[-84.45974,33.958589],[-84.459722,33.95874],[-84.459613,33.958866],[-84.459418,33.959072],[-84.45922,33.959167],[-84.458242,33.959613],[-84.457967,33.959785],[-84.457832,33.959858],[-84.457586,33.959911],[-84.45746,33.959932],[-84.457291,33.959969],[-84.457086,33.96004],[-84.456996,33.960085],[-84.45677,33.96],[-84.45655,33.959877],[-84.456381,33.959764],[-84.456164,33.959548],[-84.455898,33.959297],[-84.455668,33.9592],[-84.455435,33.959161],[-84.455192,33.959156],[-84.454948,33.959168],[-84.454624,33.959161],[-84.454197,33.959195],[-84.453901,33.959248],[-84.453776,33.959295],[-84.45314,33.959604],[-84.452892,33.959742],[-84.452728,33.959807],[-84.45267,33.959811],[-84.452464,33.959827],[-84.45218,33.959821],[-84.451783,33.959863],[-84.451348,33.960006],[-84.450971,33.960235],[-84.45042,33.960672],[-84.449914,33.960982],[-84.449575,33.961119],[-84.44936,33.961199],[-84.449338,33.961204],[-84.449283,33.961217],[-84.449235,33.961228],[-84.449347,33.96155],[-84.449512,33.961801],[-84.44959,33.961884],[-84.449558,33.962133],[-84.449572,33.962568],[-84.449601,33.962835],[-84.449517,33.963184],[-84.449388,33.963532],[-84.44927,33.963793],[-84.449061,33.964071],[-84.448872,33.964306],[-84.448851,33.964334],[-84.448609,33.964496],[-84.448366,33.964636],[-84.448261,33.964779],[-84.448202,33.964945],[-84.448159,33.965135],[-84.448098,33.965237],[-84.447333,33.966746],[-84.447191,33.966883],[-84.447022,33.967045],[-84.446874,33.967397],[-84.44686,33.967579],[-84.446864,33.96774],[-84.446803,33.967937],[-84.446638,33.968246],[-84.446431,33.96844],[-84.446254,33.968558],[-84.446141,33.968598],[-84.446126,33.970277],[-84.44611,33.970488],[-84.44605,33.970783],[-84.445984,33.97095],[-84.445878,33.971126],[-84.445688,33.97135],[-84.445209,33.971771],[-84.444647,33.972233],[-84.444351,33.972542],[-84.444012,33.973045],[-84.443755,33.973687],[-84.4437,33.973825],[-84.443521,33.97405],[-84.443406,33.974227],[-84.443244,33.974378],[-84.443014,33.974493],[-84.442976,33.974517],[-84.442781,33.974597],[-84.442567,33.974643],[-84.441928,33.974647],[-84.441096,33.974623],[-84.440913,33.974634],[-84.439585,33.974607],[-84.43927,33.974617],[-84.438965,33.974644],[-84.438641,33.974629],[-84.438205,33.97462],[-84.43769,33.97455],[-84.437377,33.97502],[-84.437249,33.97522],[-84.437161,33.975438],[-84.437124,33.975665],[-84.437132,33.97802],[-84.437704,33.977911],[-84.438273,33.977885],[-84.438626,33.977863],[-84.438918,33.977838],[-84.439341,33.977847],[-84.43992,33.977897],[-84.44022,33.977947],[-84.440541,33.977985],[-84.441072,33.978087],[-84.441646,33.978234],[-84.442103,33.978379],[-84.442757,33.978574],[-84.443197,33.978688],[-84.443574,33.978779],[-84.44397,33.978847],[-84.444201,33.978876],[-84.444456,33.97891],[-84.44497,33.978966],[-84.445032,33.978968],[-84.44608,33.979012],[-84.447201,33.979027],[-84.447545,33.979035],[-84.447961,33.979021],[-84.451879,33.97911],[-84.454831,33.979176],[-84.455461,33.979191],[-84.455675,33.979195],[-84.456147,33.979205],[-84.457704,33.979225],[-84.458136,33.979231],[-84.459002,33.979252],[-84.460064,33.979277],[-84.460327,33.979283],[-84.460783,33.979294],[-84.461415,33.979314],[-84.461482,33.978167],[-84.461641,33.976431],[-84.461699,33.975804],[-84.461805,33.974727],[-84.461857,33.973664],[-84.461926,33.972995],[-84.461927,33.972963],[-84.461995,33.972432],[-84.462082,33.971755],[-84.462143,33.971346],[-84.462164,33.971236],[-84.462236,33.970855],[-84.462442,33.970133],[-84.462533,33.969628],[-84.462681,33.968634],[-84.462762,33.967568],[-84.462718,33.967098],[-84.462544,33.965506],[-84.462472,33.965068],[-84.462485,33.964836],[-84.462521,33.964614],[-84.462745,33.963849],[-84.462972,33.963208],[-84.463302,33.962506],[-84.463414,33.962268],[-84.463662,33.961725],[-84.463753,33.961455],[-84.46384,33.961091],[-84.463921,33.960633],[-84.464285,33.959473],[-84.464518,33.958979],[-84.464592,33.958731],[-84.464654,33.958353],[-84.464683,33.958207]]]]}},
{"type":"Feature","properties":{"GEOID":"13067030370"},"geometry":{"type":"MultiPolygon","coordinates":[[[[-84.426287,33.984136],[-84.427082,33.98355],[-84.427083,33.983293],[-84.427018,33.982785],[-84.426956,33.982462],[-84.426862,33.982215],[-84.426767,33.981994],[-84.426632,33.981788],[-84.426524,33.981651],[-84.426436,33.981547],[-84.426219,33.98134],[-84.42614,33.981254],[-84.426031,33.981167],[-84.425581,33.980963],[-84.425414,33.980898],[-84.422853,33.979909],[-84.421921,33.979534],[-84.420916,33.979189],[-84.420315,33.979003],[-84.417618,33.978207],[-84.41697,33.97785],[-84.416593,33.977571],[-84.416355,33.97738],[-84.41613,33.977122],[-84.415851,33.976728],[-84.415809,33.976693],[-84.415541,33.976231],[-84.415055,33.975536],[-84.414469,33.974772],[-84.414352,33.974643],[-84.414213,33.974521],[-84.414065,33.9744],[-84.41374,33.97408],[-84.413612,33.973934],[-84.413536,33.973772],[-84.413248,33.973901],[-84.413051,33.974041],[-84.41289,33.974144],[-84.41275,33.974262],[-84.412666,33.974371],[-84.412546,33.974622],[-84.412437,33.974881],[-84.412341,33.975057],[-84.41206,33.975609],[-84.411901,33.975842],[-84.411466,33.976475],[-84.41144,33.976644],[-84.411433,33.976889],[-84.411435,33.978157],[-84.411425,33.978494],[-84.411314,33.978796],[-84.411209,33.978921],[-84.411052,33.979078],[-84.410927,33.979177],[-84.410494,33.979405],[-84.410308,33.97951],[-84.410145,33.979622],[-84.410017,33.979749],[-84.409922,33.979874],[-84.409614,33.980341],[-84.409249,33.981001],[-84.409194,33.98111],[-84.409157,33.981152],[-84.408992,33.981427],[-84.408936,33.981515],[-84.408864,33.981627],[-84.408666,33.981817],[-84.4085,33.981923],[-84.408192,33.982035],[-84.407916,33.982114],[-84.407572,33.982155],[-84.407437,33.982172],[-84.40642,33.98226],[-84.405911,33.982317],[-84.405513,33.982401],[-84.404961,33.982533],[-84.404132,33.982778],[-84.403629,33.982962],[-84.403177,33.983476],[-84.402914,33.9838],[-84.40267,33.984133],[-84.402478,33.98445],[-84.402379,33.984685],[-84.402297,33.985063],[-84.402297,33.985376],[-84.402287,33.985435],[-84.402218,33.986174],[-84.402193,33.986325],[-84.402149,33.986426],[-84.40208,33.986695],[-84.401994,33.986878],[-84.401939,33.986996],[-84.401882,33.987198],[-84.401856,33.9874],[-84.401882,33.987544],[-84.401937,33.987732],[-84.402052,33.987971],[-84.402117,33.988158],[-84.402153,33.988294],[-84.402176,33.988561],[-84.402173,33.988658],[-84.402145,33.988717],[-84.402144,33.988936],[-84.402079,33.98907],[-84.402035,33.989196],[-84.401896,33.98943],[-84.401731,33.989652],[-84.401614,33.98981],[-84.401524,33.989971],[-84.401487,33.990182],[-84.40139,33.99105],[-84.401357,33.991215],[-84.401505,33.991478],[-84.402042,33.992211],[-84.402455,33.992694],[-84.402588,33.992913],[-84.402635,33.993067],[-84.40264,33.993196],[-84.402583,33.993839],[-84.402475,33.993851],[-84.401762,33.993822],[-84.401266,33.993777],[-84.400771,33.993708],[-84.400327,33.993622],[-84.399439,33.99346],[-84.397364,33.992968],[-84.396559,33.99274],[-84.396512,33.99272],[-84.396077,33.992577],[-84.39586,33.992521],[-84.395655,33.99245],[-84.395317,33.992366],[-84.394867,33.992284],[-84.394565,33.992233],[-84.394187,33.992205],[-84.393716,33.992179],[-84.393283,33.992202],[-84.392709,33.99221],[-84.392485,33.992197],[-84.391695,33.99218],[-84.39135,33.992207],[-84.39099,33.992219],[-84.390892,33.992222],[-84.39019,33.992283],[-84.389915,33.99232],[-84.389565,33.992362],[-84.389231,33.992338],[-84.388573,33.992282],[-84.388118,33.992239],[-84.387745,33.992155],[-84.387363,33.992028],[-84.387192,33.991991],[-84.38702,33.991979],[-84.386801,33.991978],[-84.386665,33.991954],[-84.386481,33.992575],[-84.386471,33.992609],[-84.386518,33.992624],[-84.386674,33.992675],[-84.386779,33.992671],[-84.386844,33.992694],[-84.386902,33.992741],[-84.386977,33.992792],[-84.387068,33.992851],[-84.387066,33.992924],[-84.387,33.992983],[-84.387009,33.993003],[-84.387016,33.993023],[-84.387026,33.993043],[-84.387048,33.99309],[-84.387066,33.99313],[-84.387081,33.993164],[-84.387093,33.993192],[-84.387104,33.993221],[-84.387116,33.993249],[-84.387128,33.993284],[-84.387139,33.993312],[-84.387151,33.993347],[-84.387159,33.99337],[-84.387167,33.993396],[-84.387178,33.993426],[-84.387184,33.993441],[-84.387191,33.993461],[-84.387197,33.993476],[-84.387204,33.993491],[-84.387215,33.993516],[-84.387221,33.993531],[-84.387228,33.993546],[-84.387235,33.99356],[-84.387241,33.993573],[-84.387252,33.993594],[-84.387263,33.993614],[-84.387273,33.993632],[-84.387287,33.993656],[-84.387298,33.993675],[-84.387313,33.993698],[-84.387324,33.993714],[-84.387333,33.993729],[-84.387341,33.993741],[-84.38736,33.993765],[-84.387375,33.993782],[-84.387397,33.993803],[-84.38742,33.993824],[-84.387432,33.993833],[-84.387445,33.993842],[-84.387458,33.993851],[-84.387478,33.993864],[-84.387492,33.993872],[-84.387509,33.993881],[-84.387529,33.993891],[-84.38755,33.993901],[-84.387571,33.99391],[-84.387593,33.993919],[-84.387614,33.993927],[-84.387636,33.993934],[-84.387659,33.993941],[-84.38767,33.993944],[-84.387692,33.993949],[-84.387716,33.993954],[-84.387739,33.993959],[-84.387763,33.993963],[-84.387798,33.993967],[-84.38781,33.993968],[-84.387821,33.993969],[-84.387834,33.99397],[-84.387845,33.99397],[-84.387857,33.99397],[-84.387876,33.993974],[-84.387895,33.993978],[-84.387915,33.993982],[-84.387933,33.993987],[-84.387952,33.993993],[-84.387971,33.993999],[-84.38799,33.994006],[-84.388016,33.994017],[-84.388042,33.994029],[-84.388059,33.994038],[-84.388075,33.994047],[-84.388099,33.994062],[-84.388134,33.994085],[-84.388164,33.994107],[-84.388207,33.994138],[-84.388256,33.994177],[-84.388324,33.994234],[-84.388349,33.994256],[-84.388366,33.994271],[-84.388388,33.994292],[-84.388414,33.994314],[-84.388434,33.99433],[-84.388462,33.99435],[-84.388485,33.994365],[-84.388517,33.994385],[-84.388546,33.994401],[-84.388572,33.994414],[-84.388602,33.994428],[-84.388619,33.994436],[-84.388629,33.99444],[-84.388642,33.994445],[-84.388656,33.99445],[-84.388686,33.994463],[-84.388709,33.994473],[-84.388727,33.994481],[-84.388788,33.994509],[-84.388828,33.994527],[-84.388888,33.994556],[-84.388898,33.994563],[-84.388907,33.99457],[-84.38892,33.994579],[-84.38893,33.994585],[-84.38894,33.994591],[-84.388955,33.994597],[-84.388966,33.994602],[-84.388982,33.994607],[-84.389002,33.994612],[-84.389014,33.994615],[-84.389025,33.994617],[-84.389038,33.994618],[-84.389051,33.994619],[-84.389065,33.994619],[-84.389076,33.994619],[-84.389096,33.99462],[-84.389117,33.994623],[-84.389128,33.994625],[-84.389139,33.994628],[-84.389151,33.994631],[-84.389162,33.994634],[-84.389184,33.994642],[-84.389202,33.994648],[-84.389234,33.994658],[-84.389266,33.994669],[-84.389314,33.994682],[-84.389337,33.994689],[-84.389384,33.994701],[-84.389454,33.994719],[-84.389478,33.994725],[-84.389507,33.994731],[-84.389535,33.994737],[-84.389564,33.994743],[-84.389575,33.994746],[-84.389587,33.994749],[-84.389598,33.994752],[-84.389619,33.994759],[-84.38964,33.994766],[-84.389655,33.994772],[-84.389696,33.994772],[-84.389747,33.994806],[-84.389785,33.994831],[-84.389833,33.994882],[-84.389892,33.994944],[-84.389923,33.995005],[-84.389969,33.995103],[-84.390008,33.995248],[-84.390012,33.995279],[-84.389993,33.995335],[-84.389973,33.995369],[-84.389924,33.995405],[-84.389877,33.995427],[-84.389837,33.995446],[-84.389654,33.995511],[-84.389375,33.995574],[-84.389267,33.995631],[-84.389138,33.995708],[-84.389022,33.995787],[-84.388832,33.995908],[-84.388727,33.995984],[-84.38863,33.99606],[-84.388538,33.996137],[-84.388429,33.996227],[-84.388325,33.996315],[-84.388295,33.996378],[-84.388237,33.996417],[-84.388139,33.996483],[-84.388013,33.996558],[-84.387877,33.996623],[-84.387692,33.996715],[-84.387644,33.996765],[-84.387622,33.9968],[-84.387623,33.996846],[-84.387634,33.996856],[-84.387685,33.996904],[-84.387772,33.996969],[-84.387874,33.997044],[-84.387949,33.997093],[-84.388037,33.99718],[-84.388134,33.997269],[-84.388203,33.997332],[-84.388292,33.997407],[-84.388356,33.997456],[-84.388424,33.997513],[-84.38847,33.997573],[-84.388498,33.997597],[-84.388555,33.997629],[-84.388641,33.997678],[-84.388719,33.99771],[-84.388789,33.997732],[-84.388851,33.997752],[-84.388951,33.997801],[-84.389022,33.997833],[-84.389146,33.997895],[-84.38922,33.997946],[-84.38931,33.998028],[-84.38937,33.998115],[-84.389433,33.998208],[-84.389466,33.99826],[-84.38952,33.998315],[-84.389668,33.998363],[-84.389889,33.998436],[-84.389976,33.99847],[-84.39001,33.998491],[-84.39004,33.998508],[-84.390115,33.998543],[-84.390256,33.998578],[-84.390425,33.998601],[-84.390518,33.998621],[-84.390648,33.998655],[-84.390728,33.998705],[-84.390852,33.998784],[-84.390984,33.99892],[-84.391006,33.998979],[-84.391013,33.998989],[-84.39103,33.99901],[-84.391045,33.999028],[-84.391062,33.999049],[-84.39108,33.999069],[-84.391095,33.999087],[-84.391113,33.999107],[-84.39112,33.999114],[-84.391131,33.999126],[-84.391142,33.999135],[-84.391152,33.999144],[-84.391161,33.99915],[-84.391172,33.999157],[-84.391181,33.999162],[-84.391194,33.999168],[-84.391204,33.999172],[-84.391214,33.999176],[-84.391225,33.999179],[-84.391236,33.999181],[-84.39125,33.999184],[-84.391265,33.999186],[-84.391286,33.999188],[-84.391301,33.999188],[-84.391312,33.999187],[-84.391326,33.999186],[-84.39134,33.999184],[-84.391457,33.999155],[-84.391583,33.999124],[-84.391703,33.999111],[-84.391808,33.999108],[-84.391939,33.999109],[-84.392065,33.999115],[-84.392139,33.999113],[-84.392204,33.999114],[-84.392289,33.999141],[-84.392324,33.999189],[-84.392327,33.999227],[-84.392336,33.999237],[-84.392346,33.999249],[-84.392354,33.999262],[-84.392359,33.999271],[-84.392386,33.999483],[-84.392385,33.999495],[-84.392386,33.999514],[-84.39239,33.999531],[-84.392395,33.999543],[-84.392401,33.999553],[-84.392406,33.999562],[-84.392416,33.999573],[-84.392426,33.999579],[-84.392525,33.999586],[-84.392626,33.999591],[-84.392719,33.999602],[-84.392809,33.999633],[-84.392924,33.99968],[-84.392965,33.999735],[-84.392966,33.999773],[-84.392968,33.999822],[-84.392953,33.999863],[-84.392938,33.999891],[-84.392899,33.999931],[-84.392873,33.999948],[-84.392828,33.999962],[-84.392805,33.999963],[-84.392752,33.999957],[-84.392675,33.999959],[-84.392589,33.999988],[-84.392505,34.000038],[-84.392445,34.000118],[-84.392433,34.000179],[-84.392462,34.000237],[-84.392511,34.00027],[-84.39257,34.000302],[-84.392603,34.000331],[-84.392635,34.000375],[-84.392685,34.00044],[-84.392671,34.000666],[-84.39265,34.000722],[-84.392618,34.000766],[-84.392568,34.000819],[-84.392535,34.000855],[-84.392512,34.000873],[-84.392465,34.000905],[-84.392445,34.000933],[-84.392443,34.000964],[-84.392448,34.000992],[-84.392463,34.001021],[-84.392493,34.001051],[-84.392525,34.001065],[-84.392564,34.001068],[-84.392606,34.001066],[-84.392661,34.001056],[-84.392691,34.001046],[-84.392736,34.001024],[-84.392773,34.001015],[-84.392812,34.001028],[-84.392846,34.001035],[-84.392885,34.00103],[-84.392926,34.001018],[-84.392959,34.001008],[-84.392978,34.001005],[-84.393003,34.001009],[-84.393021,34.00102],[-84.393034,34.001032],[-84.393045,34.001049],[-84.393072,34.001114],[-84.393103,34.001159],[-84.393116,34.001186],[-84.393128,34.001212],[-84.393153,34.001314],[-84.393162,34.001385],[-84.393166,34.001448],[-84.393161,34.001535],[-84.393167,34.001571],[-84.393185,34.001606],[-84.393207,34.001633],[-84.393232,34.001657],[-84.393265,34.001681],[-84.39331,34.001701],[-84.393347,34.001708],[-84.393376,34.001713],[-84.393431,34.001714],[-84.393462,34.001718],[-84.393587,34.001756],[-84.393643,34.001765],[-84.393682,34.001769],[-84.393788,34.001772],[-84.39391,34.001859],[-84.393976,34.001929],[-84.394035,34.002016],[-84.394096,34.002094],[-84.394135,34.002238],[-84.394137,34.002381],[-84.394143,34.002468],[-84.394172,34.002579],[-84.394191,34.002625],[-84.394229,34.002714],[-84.394352,34.002654],[-84.395825,34.002152],[-84.396661,34.002012],[-84.398253,34.001714],[-84.398967,34.001607],[-84.40007,34.001444],[-84.401234,34.001304],[-84.401459,34.001277],[-84.402431,34.00114],[-84.403131,34.001026],[-84.403821,34.000928],[-84.404304,34.000802],[-84.404679,34.000667],[-84.405137,34.000474],[-84.405321,34.000387],[-84.405727,34.000124],[-84.406116,33.999816],[-84.406442,33.999514],[-84.40681,33.999017],[-84.407275,33.998274],[-84.407893,33.9973],[-84.408453,33.996431],[-84.409067,33.995562],[-84.40911,33.995527],[-84.409245,33.995363],[-84.409552,33.99506],[-84.410107,33.994658],[-84.410208,33.994593],[-84.410504,33.994402],[-84.410791,33.994264],[-84.411027,33.99415],[-84.411594,33.993943],[-84.412779,33.993705],[-84.412958,33.993652],[-84.413406,33.993545],[-84.413635,33.993451],[-84.413973,33.993323],[-84.414376,33.993151],[-84.414716,33.992985],[-84.414983,33.99284],[-84.415425,33.992548],[-84.415771,33.992262],[-84.415862,33.992173],[-84.416096,33.991914],[-84.416358,33.991611],[-84.417026,33.990758],[-84.417364,33.990336],[-84.41792,33.989602],[-84.418745,33.988625],[-84.418943,33.988388],[-84.41926,33.988063],[-84.419744,33.987599],[-84.420207,33.987232],[-84.42055,33.986953],[-84.421001,33.986691],[-84.421416,33.986444],[-84.421884,33.986213],[-84.422187,33.986068],[-84.422589,33.985911],[-84.423358,33.985603],[-84.423907,33.985396],[-84.424401,33.985218],[-84.425154,33.98482],[-84.425706,33.984508],[-84.426065,33.984289],[-84.426287,33.984136]]]]}},
{"type":"Feature","properties":{"GEOID":"13067030355"},"geometry":{"type":"MultiPolygon","coordinates":[[[[-84.469083,33.884965],[-84.469768,33.884415],[-84.469934,33.884282],[-84.46962,33.883965],[-84.469318,33.883766],[-84.468303,33.883099],[-84.467111,33.882372],[-84.466402,33.881939],[-84.466335,33.881898],[-84.466088,33.881708],[-84.466005,33.881651],[-84.465767,33.881513],[-84.465586,33.881415],[-84.465262,33.881254],[-84.464963,33.881154],[-84.464663,33.881083],[-84.464324,33.880992],[-84.464189,33.880962],[-84.464067,33.880935],[-84.462897,33.880768],[-84.462605,33.880734],[-84.462397,33.880703],[-84.461743,33.880579],[-84.461237,33.880438],[-84.460932,33.880314],[-84.46084,33.880269],[-84.460816,33.880257],[-84.460742,33.880225],[-84.460758,33.880211],[-84.460562,33.880128],[-84.459858,33.879742],[-84.459754,33.879687],[-84.459447,33.879528],[-84.458601,33.879067],[-84.458503,33.879017],[-84.457976,33.8787],[-84.457721,33.878534],[-84.457473,33.878359],[-84.457209,33.878157],[-84.45688,33.877835],[-84.45673,33.87762],[-84.456489,33.877277],[-84.456271,33.876783],[-84.456215,33.876583],[-84.456173,33.876432],[-84.4561,33.876195],[-84.456074,33.875966],[-84.456029,33.875466],[-84.456027,33.875375],[-84.45604,33.875196],[-84.456148,33.874562],[-84.456255,33.874026],[-84.456296,33.873884],[-84.456377,33.873461],[-84.456505,33.872715],[-84.456554,33.872024],[-84.456526,33.871527],[-84.456515,33.871396],[-84.456492,33.871299],[-84.456447,33.871179],[-84.456309,33.870743],[-84.456287,33.870655],[-84.456231,33.870481],[-84.456155,33.870312],[-84.456085,33.870186],[-84.4558,33.869731],[-84.455605,33.869466],[-84.454847,33.868651],[-84.454512,33.868283],[-84.454201,33.867949],[-84.454106,33.867846],[-84.45401,33.867744],[-84.453968,33.867699],[-84.453827,33.867826],[-84.453713,33.867848],[-84.453631,33.8679],[-84.453569,33.867977],[-84.453526,33.868054],[-84.453477,33.868135],[-84.453405,33.868181],[-84.453303,33.868202],[-84.45323,33.86827],[-84.453157,33.868336],[-84.45308,33.868404],[-84.452997,33.868466],[-84.452925,33.868526],[-84.452845,33.868589],[-84.452711,33.868702],[-84.45263,33.868761],[-84.452569,33.86883],[-84.452496,33.868866],[-84.452405,33.868911],[-84.452316,33.868962],[-84.452261,33.869037],[-84.452043,33.869212],[-84.45192,33.869549],[-84.451796,33.869887],[-84.451729,33.870075],[-84.451734,33.870143],[-84.451742,33.870193],[-84.451752,33.870273],[-84.45178,33.87036],[-84.451798,33.870457],[-84.451813,33.87054],[-84.451833,33.870656],[-84.451855,33.870772],[-84.451888,33.870886],[-84.451925,33.871116],[-84.451964,33.871181],[-84.451978,33.87128],[-84.451987,33.871379],[-84.45199,33.87147],[-84.45199,33.871532],[-84.45199,33.871569],[-84.451985,33.871659],[-84.451975,33.871758],[-84.451961,33.871849],[-84.451928,33.872078],[-84.451891,33.872155],[-84.451857,33.872226],[-84.451827,33.872299],[-84.451796,33.872371],[-84.45176,33.872443],[-84.451723,33.872513],[-84.451687,33.872574],[-84.451349,33.872931],[-84.451282,33.873003],[-84.451211,33.873073],[-84.451116,33.873162],[-84.450695,33.873531],[-84.450242,33.873942],[-84.449929,33.874187],[-84.449106,33.87484],[-84.448574,33.875415],[-84.448254,33.875753],[-84.448399,33.875886],[-84.44859,33.87606],[-84.449272,33.876685],[-84.450571,33.878019],[-84.452937,33.880464],[-84.453183,33.880732],[-84.453323,33.880894],[-84.453404,33.880986],[-84.455927,33.883743],[-84.457024,33.884925],[-84.457633,33.885692],[-84.45798,33.886113],[-84.458123,33.88632],[-84.458317,33.886605],[-84.45918,33.887831],[-84.460001,33.889047],[-84.460055,33.889115],[-84.460479,33.889646],[-84.460727,33.889968],[-84.460894,33.890178],[-84.461124,33.890062],[-84.461498,33.889864],[-84.461666,33.889708],[-84.462133,33.88939],[-84.462523,33.889142],[-84.462746,33.889008],[-84.463339,33.888653],[-84.464473,33.887994],[-84.467017,33.886371],[-84.467731,33.885896],[-84.468582,33.885361],[-84.469083,33.884965]]]]}},
{"type":"Feature","properties":{"GEOID":"13067030365"},"geometry":{"type":"MultiPolygon","coordinates":[[[[-84.464858,33.956244],[-84.46493,33.953608],[-84.464921,33.953355],[-84.464885,33.952548],[-84.464803,33.952251],[-84.464687,33.952035],[-84.464505,33.951794],[-84.464352,33.951647],[-84.464186,33.951515],[-84.463981,33.951386],[-84.46374,33.951259],[-84.463503,33.951159],[-84.463238,33.951035],[-84.462989,33.950909],[-84.462839,33.950791],[-84.462585,33.950578],[-84.462375,33.950328],[-84.462227,33.950051],[-84.462176,33.949873],[-84.462123,33.949537],[-84.462052,33.949007],[-84.462026,33.94892],[-84.462016,33.948827],[-84.46182,33.9477],[-84.4617,33.947321],[-84.461447,33.94689],[-84.460793,33.947154],[-84.45978,33.947652],[-84.459412,33.947831],[-84.458904,33.94808],[-84.457661,33.948649],[-84.456562,33.949108],[-84.456105,33.949323],[-84.455897,33.949413],[-84.455765,33.949471],[-84.455426,33.949574],[-84.455106,33.949634],[-84.454788,33.949657],[-84.454214,33.949652],[-84.453835,33.949644],[-84.453085,33.949629],[-84.4525,33.949622],[-84.452238,33.949619],[-84.451663,33.949631],[-84.451524,33.949638],[-84.451219,33.949656],[-84.45093,33.949693],[-84.450699,33.949731],[-84.450238,33.949847],[-84.449755,33.950025],[-84.449509,33.950144],[-84.449263,33.950271],[-84.449147,33.950344],[-84.448606,33.950719],[-84.447563,33.951467],[-84.446103,33.952442],[-84.445708,33.952738],[-84.445306,33.95301],[-84.444779,33.953338],[-84.444387,33.953541],[-84.444007,33.95371],[-84.443617,33.953846],[-84.443417,33.953907],[-84.443309,33.95394],[-84.44328,33.953949],[-84.4432,33.953966],[-84.442228,33.954172],[-84.441315,33.954214],[-84.441172,33.954226],[-84.440634,33.954249],[-84.440187,33.954248],[-84.439751,33.954239],[-84.439498,33.95425],[-84.439223,33.954279],[-84.438938,33.954323],[-84.438712,33.954395],[-84.438424,33.954532],[-84.438062,33.95477],[-84.437621,33.95516],[-84.437539,33.955222],[-84.436207,33.956244],[-84.435664,33.956687],[-84.435447,33.95681],[-84.434419,33.957306],[-84.433964,33.957451],[-84.433306,33.957667],[-84.432836,33.957864],[-84.432511,33.958051],[-84.432222,33.958276],[-84.432071,33.958423],[-84.43187,33.958664],[-84.430687,33.960203],[-84.430414,33.960527],[-84.431163,33.960898],[-84.431349,33.96099],[-84.431648,33.961166],[-84.431825,33.961347],[-84.431973,33.961468],[-84.432102,33.961564],[-84.432278,33.961796],[-84.432383,33.962001],[-84.432449,33.96218],[-84.432464,33.962349],[-84.43245,33.962467],[-84.432444,33.962485],[-84.432413,33.962703],[-84.432346,33.962913],[-84.432247,33.963147],[-84.432191,33.963324],[-84.432167,33.963475],[-84.432188,33.963763],[-84.432225,33.963938],[-84.432251,33.964027],[-84.432329,33.964155],[-84.432446,33.964293],[-84.432624,33.964448],[-84.432744,33.964527],[-84.432894,33.964598],[-84.433105,33.964661],[-84.434015,33.964756],[-84.434318,33.964812],[-84.434368,33.964814],[-84.434409,33.964815],[-84.434681,33.964872],[-84.434881,33.964952],[-84.43505,33.965065],[-84.435199,33.965178],[-84.435321,33.965357],[-84.435346,33.965367],[-84.435616,33.965667],[-84.435701,33.965778],[-84.435815,33.965904],[-84.435996,33.966105],[-84.43624,33.966406],[-84.436437,33.966596],[-84.436636,33.966727],[-84.436977,33.966878],[-84.437336,33.967088],[-84.437534,33.967236],[-84.437753,33.967384],[-84.437981,33.967558],[-84.438293,33.967895],[-84.438315,33.967911],[-84.438536,33.968092],[-84.43871,33.968275],[-84.438897,33.968481],[-84.439063,33.968696],[-84.439178,33.968901],[-84.439224,33.969071],[-84.439258,33.969283],[-84.439243,33.969773],[-84.439247,33.969976],[-84.43924,33.970221],[-84.439419,33.971228],[-84.439396,33.97157],[-84.439252,33.971873],[-84.439108,33.972197],[-84.438873,33.972678],[-84.438661,33.97299],[-84.438501,33.973211],[-84.438274,33.973411],[-84.438145,33.973571],[-84.438049,33.973738],[-84.437735,33.974469],[-84.43769,33.97455],[-84.438205,33.97462],[-84.438641,33.974629],[-84.438965,33.974644],[-84.43927,33.974617],[-84.439585,33.974607],[-84.440913,33.974634],[-84.441096,33.974623],[-84.441928,33.974647],[-84.442567,33.974643],[-84.442781,33.974597],[-84.442976,33.974517],[-84.443014,33.974493],[-84.443244,33.974378],[-84.443406,33.974227],[-84.443521,33.97405],[-84.4437,33.973825],[-84.443755,33.973687],[-84.444012,33.973045],[-84.444351,33.972542],[-84.444647,33.972233],[-84.445209,33.971771],[-84.445688,33.97135],[-84.445878,33.971126],[-84.445984,33.97095],[-84.44605,33.970783],[-84.44611,33.970488],[-84.446126,33.970277],[-84.446141,33.968598],[-84.446254,33.968558],[-84.446431,33.96844],[-84.446638,33.968246],[-84.446803,33.967937],[-84.446864,33.96774],[-84.44686,33.967579],[-84.446874,33.967397],[-84.447022,33.967045],[-84.447191,33.966883],[-84.447333,33.966746],[-84.448098,33.965237],[-84.448159,33.965135],[-84.448202,33.964945],[-84.448261,33.964779],[-84.448366,33.964636],[-84.448609,33.964496],[-84.448851,33.964334],[-84.448872,33.964306],[-84.449061,33.964071],[-84.44927,33.963793],[-84.449388,33.963532],[-84.449517,33.963184],[-84.449601,33.962835],[-84.449572,33.962568],[-84.449558,33.962133],[-84.44959,33.961884],[-84.449512,33.961801],[-84.449347,33.96155],[-84.449235,33.961228],[-84.449283,33.961217],[-84.449338,33.961204],[-84.44936,33.961199],[-84.449575,33.961119],[-84.449914,33.960982],[-84.45042,33.960672],[-84.450971,33.960235],[-84.451348,33.960006],[-84.451783,33.959863],[-84.45218,33.959821],[-84.452464,33.959827],[-84.45267,33.959811],[-84.452728,33.959807],[-84.452892,33.959742],[-84.45314,33.959604],[-84.453776,33.959295],[-84.453901,33.959248],[-84.454197,33.959195],[-84.454624,33.959161],[-84.454948,33.959168],[-84.455192,33.959156],[-84.455435,33.959161],[-84.455668,33.9592],[-84.455898,33.959297],[-84.456164,33.959548],[-84.456381,33.959764],[-84.45655,33.959877],[-84.45677,33.96],[-84.456996,33.960085],[-84.457086,33.96004],[-84.457291,33.959969],[-84.45746,33.959932],[-84.457586,33.959911],[-84.457832,33.959858],[-84.457967,33.959785],[-84.458242,33.959613],[-84.45922,33.959167],[-84.459418,33.959072],[-84.459613,33.958866],[-84.459722,33.95874],[-84.45974,33.958589],[-84.459779,33.958479],[-84.459845,33.95837],[-84.459979,33.958326],[-84.460126,33.958306],[-84.460259,33.958297],[-84.460575,33.958268],[-84.460779,33.958226],[-84.460942,33.95816],[-84.461055,33.958109],[-84.461441,33.957838],[-84.461809,33.957676],[-84.461964,33.957633],[-84.462174,33.957632],[-84.462439,33.957643],[-84.462566,33.95761],[-84.462687,33.957585],[-84.462781,33.957548],[-84.462821,33.957548],[-84.462921,33.957551],[-84.463032,33.957559],[-84.463109,33.957572],[-84.463385,33.957569],[-84.463825,33.95759],[-84.464203,33.957586],[-84.464323,33.957536],[-84.46445,33.957492],[-84.464731,33.957409],[-84.464753,33.957404],[-84.464858,33.956244]]]]}},
{"type":"Feature","properties":{"GEOID":"13067030356"},"geometry":{"type":"MultiPolygon","coordinates":[[[[-84.460693,33.890282],[-84.460894,33.890178],[-84.460727,33.889968],[-84.460479,33.889646],[-84.460055,33.889115],[-84.460001,33.889047],[-84.45918,33.887831],[-84.458317,33.886605],[-84.458123,33.88632],[-84.45798,33.886113],[-84.457633,33.885692],[-84.457024,33.884925],[-84.455927,33.883743],[-84.453404,33.880986],[-84.453323,33.880894],[-84.453183,33.880732],[-84.452937,33.880464],[-84.450571,33.878019],[-84.449272,33.876685],[-84.44859,33.87606],[-84.448399,33.875886],[-84.448254,33.875753],[-84.448003,33.87599],[-84.448013,33.876],[-84.44747,33.87655],[-84.446534,33.877167],[-84.44536,33.877799],[-84.445234,33.877874],[-84.444294,33.87843],[-84.443811,33.878532],[-84.443797,33.878542],[-84.443653,33.878674],[-84.443541,33.878776],[-84.443448,33.878858],[-84.443365,33.879144],[-84.44334,33.879177],[-84.443306,33.879251],[-84.44325,33.87937],[-84.443213,33.879517],[-84.443204,33.879663],[-84.443225,33.879845],[-84.443252,33.879963],[-84.443253,33.880238],[-84.443445,33.88087],[-84.443535,33.88137],[-84.443537,33.881398],[-84.443526,33.8817],[-84.443472,33.882016],[-84.443254,33.882963],[-84.443163,33.883405],[-84.443158,33.883559],[-84.443182,33.883766],[-84.443239,33.884237],[-84.443626,33.884779],[-84.443755,33.884959],[-84.444301,33.885975],[-84.444302,33.886194],[-84.444303,33.886562],[-84.444304,33.886635],[-84.444306,33.887175],[-84.444079,33.887758],[-84.443565,33.88817],[-84.443154,33.888422],[-84.442753,33.888668],[-84.442446,33.888914],[-84.442242,33.889077],[-84.442115,33.889596],[-84.441957,33.890235],[-84.441554,33.890791],[-84.441537,33.891119],[-84.441527,33.891321],[-84.44231,33.892019],[-84.442583,33.892293],[-84.443062,33.892831],[-84.443325,33.893368],[-84.443469,33.893896],[-84.443507,33.89404],[-84.443617,33.894332],[-84.443632,33.8945],[-84.443655,33.894764],[-84.443669,33.894832],[-84.44369,33.894926],[-84.443731,33.895036],[-84.443764,33.895103],[-84.443833,33.895242],[-84.443856,33.895325],[-84.443864,33.895388],[-84.443866,33.895413],[-84.443858,33.895496],[-84.443842,33.895598],[-84.443823,33.895719],[-84.443811,33.895811],[-84.4438,33.895887],[-84.443728,33.896015],[-84.443677,33.896119],[-84.443616,33.896202],[-84.443579,33.896279],[-84.443172,33.896942],[-84.443009,33.897205],[-84.442653,33.897784],[-84.442625,33.89783],[-84.442559,33.897976],[-84.442495,33.898131],[-84.442425,33.898248],[-84.442332,33.898363],[-84.44217,33.89858],[-84.442091,33.898699],[-84.441818,33.899143],[-84.441739,33.899336],[-84.441696,33.899534],[-84.441696,33.899551],[-84.441669,33.899662],[-84.441654,33.899827],[-84.441686,33.899958],[-84.441744,33.900071],[-84.441779,33.900136],[-84.441823,33.900222],[-84.441846,33.900278],[-84.441884,33.900353],[-84.441942,33.90047],[-84.441984,33.900594],[-84.44204,33.900664],[-84.442081,33.900747],[-84.442149,33.900881],[-84.44222,33.901024],[-84.442332,33.901171],[-84.442404,33.901263],[-84.442523,33.901424],[-84.442586,33.901507],[-84.442637,33.90157],[-84.442708,33.901543],[-84.442753,33.901526],[-84.443176,33.90137],[-84.444089,33.901038],[-84.444693,33.9008],[-84.445191,33.900581],[-84.445925,33.900249],[-84.446351,33.900029],[-84.446676,33.899809],[-84.446695,33.8998],[-84.446764,33.899748],[-84.447149,33.899493],[-84.447482,33.89926],[-84.447798,33.898994],[-84.448123,33.898713],[-84.44888,33.898044],[-84.451037,33.896112],[-84.452319,33.895034],[-84.453226,33.894335],[-84.453436,33.894174],[-84.45443,33.893504],[-84.455491,33.892828],[-84.456248,33.892409],[-84.4567,33.892163],[-84.456754,33.892131],[-84.456834,33.89209],[-84.456961,33.892034],[-84.457087,33.891966],[-84.458039,33.891516],[-84.459096,33.891044],[-84.45951,33.890852],[-84.460214,33.890526],[-84.460693,33.890282]]]]}},
{"type":"Feature","properties":{"GEOID":"13067030359"},"geometry":{"type":"MultiPolygon","coordinates":[[[[-84.431112,34.02844],[-84.442587,34.02844],[-84.44278,34.027066],[-84.442837,34.026509],[-84.443128,34.026457],[-84.4435,34.026402],[-84.443976,34.026325],[-84.444378,34.026228],[-84.445039,34.026075],[-84.445264,34.026016],[-84.445449,34.025945],[-84.44553,34.025922],[-84.445816,34.025817],[-84.446127,34.025665],[-84.446451,34.025479],[-84.44677,34.025264],[-84.447121,34.025004],[-84.448202,34.024315],[-84.448751,34.023959],[-84.44929,34.023635],[-84.449591,34.023421],[-84.450346,34.02285],[-84.450669,34.022624],[-84.450714,34.022592],[-84.450795,34.022531],[-84.450897,34.022418],[-84.45102,34.022247],[-84.451196,34.021926],[-84.451336,34.02176],[-84.451509,34.021543],[-84.45173,34.021368],[-84.451838,34.021287],[-84.452061,34.021122],[-84.452109,34.021091],[-84.453181,34.020394],[-84.453593,34.020189],[-84.454106,34.01994],[-84.454285,34.019838],[-84.454384,34.019737],[-84.454523,34.019585],[-84.454627,34.0194],[-84.454682,34.019189],[-84.45471,34.018904],[-84.454727,34.018672],[-84.454711,34.018574],[-84.454705,34.01849],[-84.454689,34.018417],[-84.454546,34.018078],[-84.454459,34.017897],[-84.454435,34.017835],[-84.454423,34.017648],[-84.454439,34.017547],[-84.454477,34.017453],[-84.454537,34.017355],[-84.454596,34.017283],[-84.45469,34.017223],[-84.454824,34.017146],[-84.455073,34.017016],[-84.455251,34.01691],[-84.455603,34.016713],[-84.456006,34.016422],[-84.456231,34.016223],[-84.456407,34.016051],[-84.456565,34.015905],[-84.456939,34.015626],[-84.457079,34.015514],[-84.457272,34.015362],[-84.457482,34.015121],[-84.457661,34.014905],[-84.457885,34.014547],[-84.457971,34.014379],[-84.458074,34.014222],[-84.458357,34.013677],[-84.458473,34.013545],[-84.458681,34.013363],[-84.458848,34.013223],[-84.459315,34.012886],[-84.459419,34.012795],[-84.459523,34.012696],[-84.459599,34.012554],[-84.459625,34.012473],[-84.459621,34.012359],[-84.45834,34.0124],[-84.457895,34.012357],[-84.457203,34.012276],[-84.456854,34.012209],[-84.456571,34.012161],[-84.456319,34.012105],[-84.45574,34.011933],[-84.455289,34.011754],[-84.454768,34.011524],[-84.454339,34.01127],[-84.453285,34.010547],[-84.452906,34.010302],[-84.452697,34.010179],[-84.452439,34.009997],[-84.451692,34.009837],[-84.451134,34.009826],[-84.449871,34.009994],[-84.449156,34.010157],[-84.448709,34.010255],[-84.448042,34.010396],[-84.447541,34.01052],[-84.446814,34.01075],[-84.446546,34.010872],[-84.446257,34.011018],[-84.445555,34.011434],[-84.445387,34.011608],[-84.444522,34.012562],[-84.443436,34.013677],[-84.44247,34.014661],[-84.44212,34.014994],[-84.441954,34.015129],[-84.441814,34.015233],[-84.441534,34.015415],[-84.441394,34.015472],[-84.440941,34.015574],[-84.440691,34.015589],[-84.440279,34.015588],[-84.439624,34.015562],[-84.438549,34.015446],[-84.438369,34.015436],[-84.437184,34.015365],[-84.436276,34.015353],[-84.434491,34.01533],[-84.432651,34.015306],[-84.432148,34.0153],[-84.431447,34.015298],[-84.430115,34.015295],[-84.429875,34.015604],[-84.42962,34.015917],[-84.429422,34.016329],[-84.429131,34.01717],[-84.428328,34.019602],[-84.427845,34.020433],[-84.425919,34.023046],[-84.425014,34.02431],[-84.424695,34.024774],[-84.424504,34.025113],[-84.424357,34.025463],[-84.424275,34.025709],[-84.424238,34.025822],[-84.423867,34.027311],[-84.424854,34.027354],[-84.425589,34.027387],[-84.426873,34.027451],[-84.427311,34.027426],[-84.427898,34.027443],[-84.428642,34.027497],[-84.429196,34.027576],[-84.429754,34.027736],[-84.429946,34.027815],[-84.430229,34.027911],[-84.430664,34.028132],[-84.431048,34.028385],[-84.431112,34.02844]]]]}},
{"type":"Feature","properties":{"GEOID":"13067030360"},"geometry":{"type":"MultiPolygon","coordinates":[[[[-84.42962,34.015917],[-84.429875,34.015604],[-84.430115,34.015295],[-84.427761,34.015298],[-84.427401,34.015373],[-84.427076,34.015456],[-84.426336,34.015693],[-84.42515,34.016094],[-84.424766,34.01621],[-84.424359,34.016333],[-84.423188,34.016669],[-84.423007,34.016706],[-84.422876,34.016728],[-84.422532,34.01674],[-84.421916,34.016711],[-84.421771,34.016693],[-84.421444,34.016624],[-84.421044,34.016516],[-84.420697,34.016396],[-84.420306,34.01622],[-84.419835,34.01598],[-84.419279,34.015716],[-84.418866,34.015552],[-84.418577,34.015472],[-84.418227,34.015433],[-84.41798,34.015453],[-84.417604,34.015532],[-84.417285,34.015693],[-84.416987,34.015911],[-84.416521,34.016352],[-84.416232,34.016639],[-84.41607,34.016812],[-84.415474,34.017522],[-84.415204,34.017777],[-84.414815,34.018043],[-84.414443,34.018259],[-84.414148,34.018359],[-84.413915,34.018397],[-84.413818,34.018401],[-84.413369,34.018423],[-84.413206,34.01842],[-84.412693,34.018412],[-84.412454,34.018426],[-84.412206,34.018464],[-84.411814,34.018549],[-84.410627,34.018807],[-84.410606,34.018812],[-84.410093,34.018935],[-84.40947,34.018966],[-84.40911,34.018869],[-84.408617,34.018671],[-84.408325,34.018575],[-84.408003,34.018544],[-84.407601,34.01856],[-84.407209,34.01856],[-84.406769,34.018526],[-84.406368,34.018469],[-84.40556,34.018288],[-84.404481,34.018012],[-84.403517,34.017788],[-84.402622,34.017602],[-84.402226,34.017477],[-84.402039,34.01743],[-84.401802,34.017347],[-84.401652,34.017274],[-84.401518,34.017219],[-84.401351,34.017077],[-84.401177,34.01692],[-84.400995,34.016729],[-84.400746,34.016374],[-84.400507,34.015904],[-84.400304,34.015336],[-84.400187,34.015041],[-84.400068,34.014891],[-84.400058,34.014858],[-84.400039,34.014806],[-84.400016,34.014816],[-84.399968,34.014866],[-84.399946,34.014927],[-84.39994,34.014944],[-84.399917,34.01498],[-84.399826,34.015093],[-84.399758,34.015173],[-84.399672,34.015213],[-84.399633,34.01522],[-84.399558,34.01518],[-84.399472,34.015189],[-84.399403,34.015226],[-84.399366,34.015268],[-84.399318,34.015312],[-84.399272,34.015346],[-84.399207,34.015371],[-84.3991,34.015414],[-84.399037,34.015443],[-84.398988,34.015478],[-84.398873,34.015545],[-84.398793,34.015645],[-84.398743,34.015676],[-84.398669,34.015687],[-84.398586,34.015735],[-84.398484,34.015812],[-84.398471,34.015857],[-84.398474,34.015884],[-84.398488,34.015886],[-84.398484,34.015928],[-84.398489,34.015952],[-84.398495,34.015985],[-84.398513,34.01603],[-84.398545,34.016055],[-84.398572,34.016088],[-84.398575,34.016121],[-84.39857,34.016221],[-84.39857,34.016302],[-84.39856,34.016368],[-84.398499,34.016446],[-84.398424,34.0165],[-84.398338,34.016484],[-84.3983,34.016461],[-84.398274,34.016429],[-84.39825,34.016363],[-84.398226,34.016327],[-84.398172,34.016286],[-84.398114,34.016267],[-84.398081,34.01628],[-84.398047,34.016303],[-84.398026,34.016341],[-84.398007,34.01638],[-84.39798,34.016421],[-84.39796,34.016472],[-84.397956,34.016521],[-84.397957,34.016568],[-84.397968,34.016607],[-84.39799,34.016668],[-84.398006,34.016701],[-84.398049,34.016775],[-84.398105,34.016813],[-84.398143,34.016827],[-84.398219,34.016868],[-84.398306,34.016943],[-84.398446,34.01698],[-84.398504,34.01699],[-84.398546,34.016986],[-84.398584,34.016976],[-84.398634,34.016982],[-84.398689,34.016991],[-84.398711,34.016997],[-84.398791,34.01702],[-84.39888,34.017057],[-84.398923,34.017084],[-84.398953,34.017111],[-84.398973,34.017129],[-84.399009,34.017181],[-84.399069,34.017271],[-84.399093,34.017309],[-84.399125,34.017384],[-84.399154,34.017512],[-84.39919,34.017694],[-84.399213,34.017738],[-84.399237,34.017894],[-84.39918,34.017953],[-84.399163,34.017982],[-84.399185,34.01806],[-84.399219,34.018107],[-84.399298,34.018168],[-84.399317,34.0182],[-84.399365,34.018308],[-84.399412,34.018397],[-84.39943,34.018426],[-84.399443,34.018448],[-84.399449,34.01847],[-84.39942,34.018504],[-84.399455,34.018555],[-84.39945,34.01858],[-84.399475,34.018712],[-84.399621,34.019087],[-84.399622,34.019353],[-84.399623,34.019549],[-84.399608,34.01964],[-84.399583,34.019676],[-84.399582,34.019694],[-84.399565,34.019738],[-84.399594,34.019778],[-84.399598,34.019795],[-84.399594,34.019828],[-84.399605,34.019864],[-84.399669,34.019977],[-84.3997,34.020071],[-84.399684,34.020156],[-84.399608,34.020297],[-84.399633,34.020351],[-84.399639,34.020451],[-84.399617,34.020567],[-84.399557,34.020678],[-84.399499,34.020744],[-84.399412,34.020796],[-84.399339,34.020846],[-84.399247,34.020945],[-84.399219,34.021023],[-84.399154,34.021117],[-84.399024,34.021273],[-84.398928,34.021394],[-84.398856,34.021482],[-84.398806,34.021555],[-84.398706,34.021612],[-84.398604,34.021677],[-84.398502,34.021764],[-84.398343,34.021791],[-84.3983,34.021801],[-84.39826,34.021811],[-84.398205,34.021856],[-84.398159,34.02193],[-84.398157,34.021976],[-84.39817,34.022034],[-84.398187,34.022081],[-84.398236,34.022166],[-84.398344,34.022305],[-84.398404,34.022395],[-84.398531,34.022673],[-84.398555,34.02275],[-84.398586,34.022906],[-84.398664,34.023064],[-84.398733,34.023174],[-84.398854,34.023287],[-84.399088,34.023473],[-84.399325,34.023677],[-84.399393,34.023759],[-84.399453,34.02385],[-84.399504,34.023964],[-84.39961,34.02416],[-84.39968,34.024242],[-84.399705,34.024269],[-84.399738,34.024335],[-84.399863,34.024427],[-84.399886,34.024427],[-84.399941,34.024459],[-84.400045,34.024494],[-84.400125,34.024509],[-84.400194,34.024509],[-84.400264,34.024501],[-84.400332,34.024478],[-84.400547,34.024375],[-84.40072,34.024318],[-84.400889,34.024272],[-84.401021,34.024209],[-84.401143,34.024176],[-84.401243,34.024197],[-84.401344,34.024253],[-84.401378,34.024325],[-84.401391,34.024392],[-84.401363,34.024494],[-84.401376,34.024577],[-84.40141,34.024628],[-84.401492,34.024815],[-84.401553,34.024943],[-84.401582,34.025098],[-84.401645,34.025179],[-84.401675,34.025258],[-84.401666,34.025342],[-84.401634,34.025413],[-84.401568,34.025503],[-84.401505,34.025561],[-84.401377,34.025663],[-84.401353,34.025683],[-84.40131,34.025727],[-84.401285,34.025759],[-84.401246,34.025834],[-84.401247,34.025883],[-84.403471,34.025823],[-84.404017,34.025842],[-84.405884,34.02585],[-84.406308,34.025891],[-84.406509,34.025935],[-84.406627,34.025968],[-84.406806,34.025997],[-84.407445,34.025979],[-84.409437,34.025959],[-84.409767,34.025967],[-84.409906,34.02597],[-84.410192,34.025967],[-84.411088,34.025978],[-84.411988,34.026004],[-84.412354,34.026056],[-84.412568,34.026118],[-84.412887,34.026272],[-84.413339,34.02655],[-84.413964,34.026955],[-84.414197,34.027025],[-84.414402,34.027054],[-84.415247,34.027096],[-84.415449,34.027106],[-84.416113,34.027113],[-84.417566,34.027126],[-84.418822,34.02715],[-84.419792,34.02717],[-84.423867,34.027311],[-84.424238,34.025822],[-84.424275,34.025709],[-84.424357,34.025463],[-84.424504,34.025113],[-84.424695,34.024774],[-84.425014,34.02431],[-84.425919,34.023046],[-84.427845,34.020433],[-84.428328,34.019602],[-84.429131,34.01717],[-84.429422,34.016329],[-84.42962,34.015917]]]]}},
{"type":"Feature","properties":{"GEOID":"13067030358"},"geometry":{"type":"MultiPolygon","coordinates":[[[[-84.4706,33.99695],[-84.4706,33.975828],[-84.46948,33.976312],[-84.468964,33.976535],[-84.468903,33.976561],[-84.468361,33.976786],[-84.468161,33.97687],[-84.467147,33.977309],[-84.466915,33.97741],[-84.46668,33.977512],[-84.46624,33.977703],[-84.46575,33.977916],[-84.465579,33.97799],[-84.46556,33.977999],[-84.463654,33.978833],[-84.463033,33.979046],[-84.462714,33.979138],[-84.462205,33.979233],[-84.461415,33.979314],[-84.460783,33.979294],[-84.460327,33.979283],[-84.460064,33.979277],[-84.459002,33.979252],[-84.458136,33.979231],[-84.457704,33.979225],[-84.456147,33.979205],[-84.455675,33.979195],[-84.455461,33.979191],[-84.454831,33.979176],[-84.451879,33.97911],[-84.451892,33.979243],[-84.451924,33.979568],[-84.45185,33.979954],[-84.451873,33.980756],[-84.451885,33.980886],[-84.452053,33.981033],[-84.452076,33.981295],[-84.452224,33.981586],[-84.452389,33.981837],[-84.452711,33.982079],[-84.452897,33.982174],[-84.453065,33.982321],[-84.453182,33.982585],[-84.453199,33.982685],[-84.453209,33.982742],[-84.453139,33.982976],[-84.453169,33.983041],[-84.453491,33.98327],[-84.453565,33.983428],[-84.453621,33.983638],[-84.453584,33.983834],[-84.453656,33.984057],[-84.453759,33.984268],[-84.453863,33.984466],[-84.454014,33.984639],[-84.454086,33.984863],[-84.454127,33.985059],[-84.454203,33.985152],[-84.454312,33.985168],[-84.454481,33.985276],[-84.454615,33.985539],[-84.454634,33.985634],[-84.45493,33.985479],[-84.45529,33.985304],[-84.455572,33.985197],[-84.455797,33.985147],[-84.456021,33.985133],[-84.456425,33.985137],[-84.456866,33.985164],[-84.458789,33.985086],[-84.459066,33.985047],[-84.459331,33.984993],[-84.459583,33.98491],[-84.45977,33.98481],[-84.460053,33.98458],[-84.460472,33.984195],[-84.460829,33.983901],[-84.461118,33.983715],[-84.461398,33.983573],[-84.461877,33.983391],[-84.462474,33.983201],[-84.462742,33.983705],[-84.462964,33.984213],[-84.463147,33.984677],[-84.463402,33.985405],[-84.463824,33.986578],[-84.464088,33.987309],[-84.464137,33.987442],[-84.464295,33.987909],[-84.464369,33.988131],[-84.464573,33.988705],[-84.464782,33.989175],[-84.464968,33.989557],[-84.465224,33.990011],[-84.465601,33.990664],[-84.465735,33.99086],[-84.466206,33.991545],[-84.466725,33.992156],[-84.467018,33.992494],[-84.46752,33.993075],[-84.468753,33.994598],[-84.468979,33.994865],[-84.469156,33.995063],[-84.46948,33.995425],[-84.469912,33.995907],[-84.470406,33.996695],[-84.4706,33.99695]]]]}},
{"type":"Feature","properties":{"GEOID":"13067030353"},"geometry":{"type":"MultiPolygon","coordinates":[[[[-84.466316,33.918335],[-84.466771,33.918032],[-84.46665,33.917593],[-84.466512,33.917161],[-84.466192,33.916343],[-84.465889,33.9156],[-84.465693,33.915119],[-84.465608,33.914892],[-84.465539,33.914707],[-84.465442,33.914448],[-84.46535,33.914073],[-84.465297,33.913858],[-84.465268,33.913725],[-84.465255,33.913667],[-84.465211,33.912152],[-84.465203,33.91188],[-84.465195,33.911586],[-84.465201,33.911465],[-84.465192,33.911028],[-84.465215,33.910581],[-84.465247,33.910184],[-84.465256,33.909889],[-84.46525,33.909736],[-84.465169,33.909327],[-84.465069,33.908769],[-84.465,33.908655],[-84.464855,33.90799],[-84.464768,33.90728],[-84.464714,33.906883],[-84.464659,33.906704],[-84.464624,33.906506],[-84.464522,33.906187],[-84.464371,33.905874],[-84.464217,33.90568],[-84.463897,33.905375],[-84.463726,33.905225],[-84.463554,33.905103],[-84.463205,33.904936],[-84.462381,33.904636],[-84.462266,33.904598],[-84.461603,33.904352],[-84.461421,33.904279],[-84.460708,33.903974],[-84.45965,33.903396],[-84.459571,33.903349],[-84.459534,33.903338],[-84.459487,33.903322],[-84.458795,33.902888],[-84.458157,33.902674],[-84.457659,33.902522],[-84.456878,33.9025],[-84.455983,33.902505],[-84.455818,33.902584],[-84.455701,33.902589],[-84.455501,33.902583],[-84.455162,33.902518],[-84.454825,33.902428],[-84.454537,33.902365],[-84.454297,33.90233],[-84.454117,33.902324],[-84.453721,33.902339],[-84.453447,33.902368],[-84.453151,33.902429],[-84.452891,33.902455],[-84.452795,33.902464],[-84.45242,33.902456],[-84.452126,33.902431],[-84.452036,33.902423],[-84.451613,33.90233],[-84.451292,33.90223],[-84.450921,33.90207],[-84.450632,33.901912],[-84.450204,33.90165],[-84.450133,33.9016],[-84.449757,33.901336],[-84.449271,33.900979],[-84.449053,33.900809],[-84.448736,33.900563],[-84.448458,33.900379],[-84.448188,33.900239],[-84.447961,33.900134],[-84.447841,33.900086],[-84.447439,33.899943],[-84.447031,33.899825],[-84.446764,33.899748],[-84.446695,33.8998],[-84.446676,33.899809],[-84.446351,33.900029],[-84.445925,33.900249],[-84.445191,33.900581],[-84.444693,33.9008],[-84.444089,33.901038],[-84.443176,33.90137],[-84.442753,33.901526],[-84.442708,33.901543],[-84.442637,33.90157],[-84.442685,33.901675],[-84.442745,33.901729],[-84.442779,33.901762],[-84.442852,33.901887],[-84.442916,33.901943],[-84.442961,33.902003],[-84.443,33.902056],[-84.443034,33.902099],[-84.443106,33.902194],[-84.443182,33.902295],[-84.443232,33.902394],[-84.443325,33.902516],[-84.443373,33.902579],[-84.443431,33.902656],[-84.443448,33.90273],[-84.443525,33.902833],[-84.443641,33.902932],[-84.443784,33.90312],[-84.443836,33.903188],[-84.443881,33.903247],[-84.44394,33.903325],[-84.444041,33.903458],[-84.444128,33.903546],[-84.444183,33.903617],[-84.444242,33.903695],[-84.444312,33.903789],[-84.444329,33.903811],[-84.44437,33.903862],[-84.444404,33.90391],[-84.444466,33.903992],[-84.444522,33.904077],[-84.444562,33.904141],[-84.444615,33.90421],[-84.444666,33.904287],[-84.444712,33.904375],[-84.444725,33.904394],[-84.444775,33.904472],[-84.444827,33.904553],[-84.444882,33.904637],[-84.444935,33.90472],[-84.445017,33.904831],[-84.445075,33.904924],[-84.445118,33.905003],[-84.445195,33.905105],[-84.445259,33.90519],[-84.445329,33.905272],[-84.4454,33.905371],[-84.445463,33.90546],[-84.445498,33.905526],[-84.445579,33.905664],[-84.445638,33.905778],[-84.445672,33.905854],[-84.445713,33.905924],[-84.445788,33.906044],[-84.445887,33.906163],[-84.445955,33.906244],[-84.44601,33.906309],[-84.446035,33.906339],[-84.446102,33.90642],[-84.446186,33.906521],[-84.446268,33.906618],[-84.446388,33.906762],[-84.4465,33.906845],[-84.446682,33.906958],[-84.446756,33.907012],[-84.446862,33.907091],[-84.44704,33.907231],[-84.447181,33.907347],[-84.447321,33.907499],[-84.447445,33.907682],[-84.447544,33.90784],[-84.447641,33.908041],[-84.447675,33.908242],[-84.447705,33.908387],[-84.447714,33.908468],[-84.447734,33.908677],[-84.447728,33.908845],[-84.447714,33.908942],[-84.447703,33.909022],[-84.447683,33.909195],[-84.447661,33.909338],[-84.447628,33.909534],[-84.447602,33.909695],[-84.447543,33.91002],[-84.447534,33.910062],[-84.447513,33.910198],[-84.447489,33.91035],[-84.447474,33.910444],[-84.44746,33.910536],[-84.44743,33.91072],[-84.447385,33.910886],[-84.44731,33.911059],[-84.447251,33.911188],[-84.447217,33.911265],[-84.44711,33.911431],[-84.446971,33.911623],[-84.446722,33.91193],[-84.44666,33.912014],[-84.446581,33.912084],[-84.446861,33.912487],[-84.44717,33.912935],[-84.447324,33.913167],[-84.447389,33.913329],[-84.447439,33.913409],[-84.447498,33.913484],[-84.44771,33.913703],[-84.448117,33.914228],[-84.448523,33.914722],[-84.448614,33.914876],[-84.448679,33.914984],[-84.448719,33.915068],[-84.448739,33.915156],[-84.448727,33.915306],[-84.448736,33.915659],[-84.448693,33.915914],[-84.448682,33.916004],[-84.448686,33.916143],[-84.448624,33.916282],[-84.44862,33.916435],[-84.448623,33.916525],[-84.448648,33.916676],[-84.448677,33.916727],[-84.448694,33.916757],[-84.448753,33.916833],[-84.44878,33.91686],[-84.448828,33.916906],[-84.448976,33.917017],[-84.449045,33.917063],[-84.449124,33.917116],[-84.449427,33.917276],[-84.449735,33.917438],[-84.450071,33.917599],[-84.450924,33.91833],[-84.451046,33.918434],[-84.451339,33.918665],[-84.451514,33.918805],[-84.451609,33.918803],[-84.451821,33.91884],[-84.451925,33.918864],[-84.452033,33.918871],[-84.45214,33.918863],[-84.452244,33.918839],[-84.45233,33.918805],[-84.452455,33.918756],[-84.452537,33.918724],[-84.452644,33.918711],[-84.452751,33.918721],[-84.452859,33.918724],[-84.452967,33.91872],[-84.453068,33.918689],[-84.453155,33.918636],[-84.453256,33.918604],[-84.453354,33.918566],[-84.453448,33.918521],[-84.453539,33.918472],[-84.453638,33.918437],[-84.453742,33.918412],[-84.453848,33.918395],[-84.453956,33.918404],[-84.454057,33.918434],[-84.454332,33.918572],[-84.45442,33.918562],[-84.454525,33.91854],[-84.454717,33.918458],[-84.454902,33.918365],[-84.455078,33.91826],[-84.455158,33.9182],[-84.455184,33.918113],[-84.455224,33.918029],[-84.455277,33.917951],[-84.45535,33.917886],[-84.455448,33.917847],[-84.455771,33.917855],[-84.455878,33.917839],[-84.455974,33.9178],[-84.456055,33.91774],[-84.456104,33.91766],[-84.456166,33.917586],[-84.45624,33.91752],[-84.456323,33.917463],[-84.456415,33.917416],[-84.456514,33.91738],[-84.456619,33.917357],[-84.456725,33.917342],[-84.456833,33.917333],[-84.456941,33.91734],[-84.457049,33.917336],[-84.457155,33.917323],[-84.457254,33.917288],[-84.457328,33.917222],[-84.457409,33.917162],[-84.457495,33.917108],[-84.457591,33.917066],[-84.457902,33.916989],[-84.457975,33.916966],[-84.457963,33.917746],[-84.460139,33.917805],[-84.46032,33.917821],[-84.460425,33.917839],[-84.460604,33.917892],[-84.460714,33.917957],[-84.461015,33.918223],[-84.461753,33.918916],[-84.461821,33.919014],[-84.461881,33.919129],[-84.461924,33.919284],[-84.461906,33.919508],[-84.461508,33.92075],[-84.462704,33.920996],[-84.464171,33.921337],[-84.464337,33.920973],[-84.464516,33.920631],[-84.465079,33.919766],[-84.465259,33.919508],[-84.465411,33.919294],[-84.465539,33.919101],[-84.46567,33.918915],[-84.46583,33.918735],[-84.465902,33.918679],[-84.465968,33.918605],[-84.466069,33.918515],[-84.466316,33.918335]]]]}},
{"type":"Feature","properties":{"GEOID":"13067031217"},"geometry":{"type":"MultiPolygon","coordinates":[[[[-84.4706,33.884808],[-84.4706,33.883712],[-84.47027,33.884009],[-84.469934,33.884282],[-84.470116,33.884429],[-84.470511,33.884716],[-84.4706,33.884808]]]]}},
{"type":"Feature","properties":{"GEOID":"13067030350"},"geometry":{"type":"MultiPolygon","coordinates":[[[[-84.4706,34.02844],[-84.4706,34.01759],[-84.470555,34.017656],[-84.470272,34.018169],[-84.470029,34.018609],[-84.469797,34.018963],[-84.46904,34.020127],[-84.468794,34.020536],[-84.468539,34.020928],[-84.468428,34.021116],[-84.468358,34.02122],[-84.468217,34.021469],[-84.468084,34.021748],[-84.468017,34.02193],[-84.467963,34.022113],[-84.467881,34.022537],[-84.467856,34.022988],[-84.467818,34.02366],[-84.467812,34.023871],[-84.46782,34.023897],[-84.467766,34.025096],[-84.467779,34.025316],[-84.467806,34.025436],[-84.467809,34.025472],[-84.467884,34.025743],[-84.467937,34.02586],[-84.468003,34.025989],[-84.468069,34.026106],[-84.468183,34.026355],[-84.468235,34.026501],[-84.468305,34.02672],[-84.46833,34.026793],[-84.468339,34.026857],[-84.468351,34.027046],[-84.468342,34.027231],[-84.468316,34.027384],[-84.46825,34.027632],[-84.468216,34.027701],[-84.467888,34.02844],[-84.4706,34.02844]]]]}},
{"type":"Feature","properties":{"GEOID":"13067030352"},"geometry":{"type":"MultiPolygon","coordinates":[[[[-84.44359,33.952832],[-84.443609,33.952735],[-84.443613,33.952661],[-84.443606,33.9526],[-84.443575,33.952544],[-84.44348,33.952427],[-84.443373,33.952308],[-84.442956,33.951946],[-84.442936,33.951929],[-84.44279,33.951813],[-84.442707,33.951752],[-84.442576,33.951676],[-84.442467,33.951614],[-84.442309,33.951548],[-84.442191,33.951507],[-84.442063,33.951475],[-84.441841,33.951433],[-84.44173,33.951402],[-84.441569,33.951373],[-84.441424,33.95134],[-84.441327,33.951303],[-84.441121,33.951213],[-84.440746,33.951035],[-84.440561,33.950961],[-84.440347,33.950886],[-84.440209,33.950825],[-84.440112,33.95079],[-84.439974,33.950752],[-84.439793,33.950715],[-84.439559,33.950689],[-84.439452,33.950663],[-84.43931,33.950617],[-84.439206,33.950568],[-84.43909,33.950503],[-84.438476,33.950119],[-84.438154,33.949889],[-84.437966,33.949745],[-84.437813,33.949618],[-84.437737,33.949546],[-84.437644,33.949439],[-84.437521,33.949258],[-84.437469,33.949195],[-84.437387,33.949113],[-84.4373,33.949042],[-84.437217,33.949],[-84.43713,33.94898],[-84.43702,33.94897],[-84.43668,33.948975],[-84.436605,33.948965],[-84.436242,33.948878],[-84.436149,33.948841],[-84.436064,33.94879],[-84.436005,33.948736],[-84.435992,33.948687],[-84.436003,33.948632],[-84.436061,33.948541],[-84.436089,33.948497],[-84.436104,33.948456],[-84.436109,33.948369],[-84.436107,33.94829],[-84.436092,33.948169],[-84.436041,33.947986],[-84.436036,33.947955],[-84.436033,33.947937],[-84.436037,33.9479],[-84.436064,33.947853],[-84.436107,33.947817],[-84.436181,33.947778],[-84.436269,33.947744],[-84.436371,33.947717],[-84.436557,33.947692],[-84.436827,33.94768],[-84.436909,33.947666],[-84.437011,33.947629],[-84.437095,33.94758],[-84.437181,33.947509],[-84.437243,33.947426],[-84.437305,33.947295],[-84.437375,33.947161],[-84.437441,33.946998],[-84.437604,33.94665],[-84.437742,33.946422],[-84.437808,33.946332],[-84.437878,33.946257],[-84.438069,33.946085],[-84.438348,33.945862],[-84.438624,33.945633],[-84.438737,33.945545],[-84.438854,33.945466],[-84.439007,33.945389],[-84.439154,33.945329],[-84.439303,33.945284],[-84.439475,33.94525],[-84.439537,33.94524],[-84.439685,33.945215],[-84.439936,33.945182],[-84.440061,33.945156],[-84.440203,33.945118],[-84.440317,33.945061],[-84.440407,33.944973],[-84.440437,33.944915],[-84.440441,33.944886],[-84.440449,33.944825],[-84.440433,33.944731],[-84.440377,33.944625],[-84.440256,33.944488],[-84.439888,33.944091],[-84.43985,33.944053],[-84.439783,33.943986],[-84.439542,33.943725],[-84.439273,33.943484],[-84.439052,33.943321],[-84.438913,33.943209],[-84.438697,33.94295],[-84.43853,33.942826],[-84.43842,33.942739],[-84.438205,33.942629],[-84.43809,33.942553],[-84.438031,33.942485],[-84.437997,33.942375],[-84.437947,33.942166],[-84.437837,33.941912],[-84.437833,33.941902],[-84.437704,33.941649],[-84.437626,33.941432],[-84.437537,33.941114],[-84.437442,33.940867],[-84.437423,33.94082],[-84.437332,33.940621],[-84.437185,33.940348],[-84.436909,33.939857],[-84.436666,33.9395],[-84.436447,33.93916],[-84.436217,33.938821],[-84.436028,33.938576],[-84.435819,33.938345],[-84.435564,33.938078],[-84.435101,33.937567],[-84.435078,33.937537],[-84.434821,33.937198],[-84.434686,33.937007],[-84.434607,33.936842],[-84.434458,33.93649],[-84.434358,33.936238],[-84.43423,33.93595],[-84.434182,33.935832],[-84.434069,33.935528],[-84.43392,33.935155],[-84.433869,33.935028],[-84.433663,33.934679],[-84.433489,33.934394],[-84.433178,33.933954],[-84.432938,33.933683],[-84.432795,33.933537],[-84.432427,33.933183],[-84.432335,33.933107],[-84.432281,33.933063],[-84.431962,33.932736],[-84.431862,33.932628],[-84.431799,33.932541],[-84.431728,33.932414],[-84.43163,33.932259],[-84.431573,33.932121],[-84.431476,33.931908],[-84.431337,33.931679],[-84.431211,33.9315],[-84.431159,33.931442],[-84.431083,33.931339],[-84.430891,33.931006],[-84.430818,33.93077],[-84.430811,33.930696],[-84.430848,33.930552],[-84.430907,33.930467],[-84.431019,33.930341],[-84.431069,33.930248],[-84.431144,33.930062],[-84.431293,33.929169],[-84.431304,33.92897],[-84.4313,33.928794],[-84.431289,33.9287],[-84.431241,33.928562],[-84.431191,33.92846],[-84.431078,33.928226],[-84.430957,33.928032],[-84.430885,33.927933],[-84.43085,33.92785],[-84.430774,33.927575],[-84.43073,33.927461],[-84.430606,33.927212],[-84.430526,33.927085],[-84.430411,33.926852],[-84.430349,33.926714],[-84.430311,33.926592],[-84.430271,33.926406],[-84.430207,33.925979],[-84.430182,33.925729],[-84.430144,33.925458],[-84.429999,33.925539],[-84.430066,33.925139],[-84.429983,33.925194],[-84.4293,33.925668],[-84.428794,33.926019],[-84.428342,33.926398],[-84.427996,33.926654],[-84.427567,33.926945],[-84.427223,33.927128],[-84.426685,33.927379],[-84.426643,33.927393],[-84.426596,33.927418],[-84.42622,33.927602],[-84.425251,33.928014],[-84.423929,33.928693],[-84.422352,33.929517],[-84.422143,33.929627],[-84.421995,33.929722],[-84.421619,33.929933],[-84.421273,33.930106],[-84.420927,33.930306],[-84.420557,33.930474],[-84.420322,33.930654],[-84.419953,33.930866],[-84.419373,33.931097],[-84.419172,33.931207],[-84.418401,33.931662],[-84.417747,33.932085],[-84.41724,33.932454],[-84.416813,33.932807],[-84.41609,33.933404],[-84.415536,33.933894],[-84.415001,33.934406],[-84.414516,33.934906],[-84.414056,33.935427],[-84.413317,33.936267],[-84.412149,33.937607],[-84.411718,33.938047],[-84.411616,33.938138],[-84.411603,33.938153],[-84.41154,33.938225],[-84.411466,33.938281],[-84.411405,33.938379],[-84.411286,33.938483],[-84.411163,33.938565],[-84.411069,33.938673],[-84.411012,33.938723],[-84.410921,33.938772],[-84.410814,33.938874],[-84.410767,33.938937],[-84.41072,33.938979],[-84.410671,33.939019],[-84.410593,33.939095],[-84.410572,33.939108],[-84.410514,33.939159],[-84.410389,33.939268],[-84.410299,33.939348],[-84.410226,33.939411],[-84.410133,33.939501],[-84.410054,33.939562],[-84.409974,33.939642],[-84.409851,33.939757],[-84.409763,33.93985],[-84.409678,33.939898],[-84.409593,33.93998],[-84.409531,33.940028],[-84.409448,33.940111],[-84.409333,33.94021],[-84.409248,33.940268],[-84.409233,33.94028],[-84.409046,33.940413],[-84.408983,33.940499],[-84.408947,33.940531],[-84.408815,33.940646],[-84.40872,33.940729],[-84.408626,33.940812],[-84.40854,33.940887],[-84.408434,33.940952],[-84.40827,33.941064],[-84.408208,33.941115],[-84.408097,33.941202],[-84.408034,33.941232],[-84.407851,33.941389],[-84.40594,33.943041],[-84.405619,33.943316],[-84.405539,33.943385],[-84.405395,33.943485],[-84.405391,33.943546],[-84.405294,33.94367],[-84.405194,33.943769],[-84.405483,33.944045],[-84.406447,33.945025],[-84.406578,33.945434],[-84.406858,33.946213],[-84.407598,33.946856],[-84.40811,33.947046],[-84.408653,33.947198],[-84.409184,33.94731],[-84.409421,33.947429],[-84.409666,33.947624],[-84.409973,33.947911],[-84.41035,33.9484],[-84.410993,33.949391],[-84.411287,33.949838],[-84.41135,33.949986],[-84.41141,33.950259],[-84.411432,33.950359],[-84.411483,33.951036],[-84.411543,33.952109],[-84.411555,33.952509],[-84.411561,33.952959],[-84.411633,33.953654],[-84.411704,33.955286],[-84.411795,33.95605],[-84.4117,33.956765],[-84.411699,33.958119],[-84.411699,33.95914],[-84.411684,33.95938],[-84.411675,33.959518],[-84.411658,33.961241],[-84.411641,33.963052],[-84.411643,33.964667],[-84.41165,33.965133],[-84.411644,33.965309],[-84.411654,33.965647],[-84.411678,33.965842],[-84.411723,33.966038],[-84.411893,33.966447],[-84.412111,33.96643],[-84.412838,33.966234],[-84.413411,33.966052],[-84.413863,33.965884],[-84.414284,33.965698],[-84.414758,33.965454],[-84.415223,33.965185],[-84.41572,33.964858],[-84.416105,33.964638],[-84.417561,33.964],[-84.418015,33.963902],[-84.419314,33.963716],[-84.422641,33.963414],[-84.423658,33.963317],[-84.424157,33.96326],[-84.424524,33.963183],[-84.425242,33.963009],[-84.425621,33.962899],[-84.426357,33.962695],[-84.426848,33.96257],[-84.427584,33.962374],[-84.427731,33.962325],[-84.428025,33.962222],[-84.428323,33.96211],[-84.428962,33.961769],[-84.429334,33.961531],[-84.429645,33.96131],[-84.429916,33.96107],[-84.430414,33.960527],[-84.430687,33.960203],[-84.43187,33.958664],[-84.432071,33.958423],[-84.432222,33.958276],[-84.432511,33.958051],[-84.432836,33.957864],[-84.433306,33.957667],[-84.433964,33.957451],[-84.434419,33.957306],[-84.435447,33.95681],[-84.435664,33.956687],[-84.436207,33.956244],[-84.437539,33.955222],[-84.437621,33.95516],[-84.438062,33.95477],[-84.438424,33.954532],[-84.438712,33.954395],[-84.438938,33.954323],[-84.439223,33.954279],[-84.439498,33.95425],[-84.439751,33.954239],[-84.440187,33.954248],[-84.440634,33.954249],[-84.441172,33.954226],[-84.441315,33.954214],[-84.442228,33.954172],[-84.4432,33.953966],[-84.44328,33.953949],[-84.443309,33.95394],[-84.443323,33.95391],[-84.443381,33.953747],[-84.44343,33.95355],[-84.443497,33.953251],[-84.443545,33.952997],[-84.44359,33.952832]]]]}},
{"type":"Feature","properties":{"GEOID":"13067030351"},"geometry":{"type":"MultiPolygon","coordinates":[[[[-84.467495,33.94184],[-84.467792,33.941767],[-84.468582,33.94165],[-84.466277,33.941009],[-84.465857,33.940861],[-84.465099,33.940593],[-84.464446,33.940392],[-84.463986,33.940193],[-84.463665,33.940076],[-84.463463,33.94003],[-84.463281,33.940026],[-84.462994,33.940106],[-84.46293,33.940051],[-84.462817,33.939935],[-84.462663,33.939805],[-84.462541,33.939717],[-84.46246,33.939662],[-84.462376,33.939612],[-84.462257,33.939522],[-84.461968,33.939342],[-84.461827,33.939241],[-84.461753,33.93918],[-84.461612,33.939052],[-84.461502,33.938936],[-84.461494,33.9389],[-84.461166,33.939037],[-84.460796,33.939028],[-84.460092,33.938642],[-84.460069,33.938629],[-84.459584,33.938281],[-84.459038,33.937826],[-84.458778,33.937635],[-84.458462,33.937366],[-84.458033,33.937112],[-84.457772,33.937022],[-84.457318,33.936953],[-84.456585,33.93693],[-84.455238,33.936898],[-84.454277,33.936912],[-84.45305,33.936946],[-84.451662,33.936906],[-84.451476,33.9369],[-84.449788,33.936854],[-84.449657,33.93685],[-84.449119,33.936861],[-84.448523,33.936849],[-84.448291,33.936844],[-84.448067,33.936865],[-84.447872,33.936928],[-84.447656,33.937042],[-84.447397,33.937223],[-84.44695,33.937577],[-84.446691,33.937774],[-84.44636,33.937995],[-84.446152,33.93816],[-84.445996,33.938301],[-84.44579,33.938415],[-84.445554,33.938494],[-84.445289,33.938531],[-84.444844,33.938497],[-84.443905,33.938376],[-84.443418,33.938365],[-84.443113,33.938384],[-84.442899,33.938422],[-84.44255,33.938567],[-84.441448,33.939152],[-84.44133,33.939233],[-84.441247,33.939295],[-84.441007,33.939408],[-84.440769,33.939564],[-84.440469,33.939769],[-84.440241,33.939942],[-84.439982,33.940114],[-84.439746,33.940211],[-84.438724,33.940468],[-84.438286,33.940535],[-84.438021,33.940597],[-84.437595,33.940799],[-84.437558,33.940816],[-84.437442,33.940867],[-84.437537,33.941114],[-84.437626,33.941432],[-84.437704,33.941649],[-84.437833,33.941902],[-84.437837,33.941912],[-84.437947,33.942166],[-84.437997,33.942375],[-84.438031,33.942485],[-84.43809,33.942553],[-84.438205,33.942629],[-84.43842,33.942739],[-84.43853,33.942826],[-84.438697,33.94295],[-84.438913,33.943209],[-84.439052,33.943321],[-84.439273,33.943484],[-84.439542,33.943725],[-84.439783,33.943986],[-84.43985,33.944053],[-84.439888,33.944091],[-84.440256,33.944488],[-84.440377,33.944625],[-84.440433,33.944731],[-84.440449,33.944825],[-84.440441,33.944886],[-84.440437,33.944915],[-84.440407,33.944973],[-84.440317,33.945061],[-84.440203,33.945118],[-84.440061,33.945156],[-84.439936,33.945182],[-84.439685,33.945215],[-84.439537,33.94524],[-84.439475,33.94525],[-84.439303,33.945284],[-84.439154,33.945329],[-84.439007,33.945389],[-84.438854,33.945466],[-84.438737,33.945545],[-84.438624,33.945633],[-84.438348,33.945862],[-84.438069,33.946085],[-84.437878,33.946257],[-84.437808,33.946332],[-84.437742,33.946422],[-84.437604,33.94665],[-84.437441,33.946998],[-84.437375,33.947161],[-84.437305,33.947295],[-84.437243,33.947426],[-84.437181,33.947509],[-84.437095,33.94758],[-84.437011,33.947629],[-84.436909,33.947666],[-84.436827,33.94768],[-84.436557,33.947692],[-84.436371,33.947717],[-84.436269,33.947744],[-84.436181,33.947778],[-84.436107,33.947817],[-84.436064,33.947853],[-84.436037,33.9479],[-84.436033,33.947937],[-84.436036,33.947955],[-84.436041,33.947986],[-84.436092,33.948169],[-84.436107,33.94829],[-84.436109,33.948369],[-84.436104,33.948456],[-84.436089,33.948497],[-84.436061,33.948541],[-84.436003,33.948632],[-84.435992,33.948687],[-84.436005,33.948736],[-84.436064,33.94879],[-84.436149,33.948841],[-84.436242,33.948878],[-84.436605,33.948965],[-84.43668,33.948975],[-84.43702,33.94897],[-84.43713,33.94898],[-84.437217,33.949],[-84.4373,33.949042],[-84.437387,33.949113],[-84.437469,33.949195],[-84.437521,33.949258],[-84.437644,33.949439],[-84.437737,33.949546],[-84.437813,33.949618],[-84.437966,33.949745],[-84.438154,33.949889],[-84.438476,33.950119],[-84.43909,33.950503],[-84.439206,33.950568],[-84.43931,33.950617],[-84.439452,33.950663],[-84.439559,33.950689],[-84.439793,33.950715],[-84.439974,33.950752],[-84.440112,33.95079],[-84.440209,33.950825],[-84.440347,33.950886],[-84.440561,33.950961],[-84.440746,33.951035],[-84.441121,33.951213],[-84.441327,33.951303],[-84.441424,33.95134],[-84.441569,33.951373],[-84.44173,33.951402],[-84.441841,33.951433],[-84.442063,33.951475],[-84.442191,33.951507],[-84.442309,33.951548],[-84.442467,33.951614],[-84.442576,33.951676],[-84.442707,33.951752],[-84.44279,33.951813],[-84.442936,33.951929],[-84.442956,33.951946],[-84.443373,33.952308],[-84.44348,33.952427],[-84.443575,33.952544],[-84.443606,33.9526],[-84.443613,33.952661],[-84.443609,33.952735],[-84.44359,33.952832],[-84.443545,33.952997],[-84.443497,33.953251],[-84.44343,33.95355],[-84.443381,33.953747],[-84.443323,33.95391],[-84.443309,33.95394],[-84.443417,33.953907],[-84.443617,33.953846],[-84.444007,33.95371],[-84.444387,33.953541],[-84.444779,33.953338],[-84.445306,33.95301],[-84.445708,33.952738],[-84.446103,33.952442],[-84.447563,33.951467],[-84.448606,33.950719],[-84.449147,33.950344],[-84.449263,33.950271],[-84.449509,33.950144],[-84.449755,33.950025],[-84.450238,33.949847],[-84.450699,33.949731],[-84.45093,33.949693],[-84.451219,33.949656],[-84.451524,33.949638],[-84.451663,33.949631],[-84.452238,33.949619],[-84.4525,33.949622],[-84.453085,33.949629],[-84.453835,33.949644],[-84.454214,33.949652],[-84.454788,33.949657],[-84.455106,33.949634],[-84.455426,33.949574],[-84.455765,33.949471],[-84.455897,33.949413],[-84.456105,33.949323],[-84.456562,33.949108],[-84.457661,33.948649],[-84.458904,33.94808],[-84.459412,33.947831],[-84.45978,33.947652],[-84.460793,33.947154],[-84.461447,33.94689],[-84.46225,33.94634],[-84.462562,33.946067],[-84.462667,33.945976],[-84.462807,33.945842],[-84.462944,33.945702],[-84.463138,33.945485],[-84.463545,33.944977],[-84.463767,33.944623],[-84.463797,33.944599],[-84.463866,33.944473],[-84.46392,33.944316],[-84.463969,33.944217],[-84.463993,33.944186],[-84.464183,33.94394],[-84.464378,33.943732],[-84.464733,33.943411],[-84.465041,33.94315],[-84.465608,33.942716],[-84.466044,33.942426],[-84.466539,33.942158],[-84.467128,33.941948],[-84.467495,33.94184]]]]}},
{"type":"Feature","properties":{"GEOID":"13067031218"},"geometry":{"type":"MultiPolygon","coordinates":[[[[-84.4706,33.86575],[-84.4706,33.85887],[-84.470549,33.85894],[-84.470491,33.859018],[-84.470221,33.859389],[-84.469906,33.859808],[-84.46986,33.859879],[-84.469756,33.860039],[-84.469663,33.860202],[-84.46954,33.860452],[-84.469468,33.860622],[-84.469352,33.860999],[-84.469311,33.861253],[-84.4693,33.861386],[-84.469297,33.861433],[-84.469296,33.861613],[-84.469307,33.861793],[-84.469317,33.861883],[-84.46941,33.862411],[-84.469583,33.862952],[-84.469662,33.863214],[-84.469705,33.863406],[-84.469724,33.86353],[-84.469746,33.863674],[-84.469756,33.863831],[-84.469764,33.863944],[-84.469755,33.864068],[-84.469727,33.864247],[-84.469683,33.864424],[-84.469665,33.864527],[-84.469641,33.864615],[-84.469573,33.864786],[-84.469484,33.86496],[-84.46939,33.865112],[-84.469381,33.865123],[-84.469281,33.865268],[-84.469164,33.86542],[-84.469039,33.865567],[-84.468906,33.865709],[-84.46873,33.865877],[-84.468898,33.865929],[-84.4692,33.865963],[-84.469391,33.865961],[-84.469635,33.86594],[-84.469957,33.865877],[-84.470398,33.86579],[-84.4706,33.86575]]]]}},
{"type":"Feature","properties":{"GEOID":"13135050317"},"geometry":{"type":"MultiPolygon","coordinates":[[[[-84.23737,33.945365],[-84.23737,33.950987],[-84.238247,33.951204],[-84.239375,33.951328],[-84.240726,33.951373],[-84.241201,33.951341],[-84.241507,33.951264],[-84.241138,33.950664],[-84.240823,33.949938],[-84.240606,33.949097],[-84.240665,33.949073],[-84.24089,33.948994],[-84.241117,33.948847],[-84.241481,33.948527],[-84.24175,33.948331],[-84.241884,33.94825],[-84.242089,33.94817],[-84.242262,33.948123],[-84.242385,33.948075],[-84.242458,33.948027],[-84.242586,33.947954],[-84.242699,33.947922],[-84.242891,33.947901],[-84.243032,33.947921],[-84.243211,33.948035],[-84.243267,33.948078],[-84.243477,33.948243],[-84.243783,33.948469],[-84.243912,33.948548],[-84.244032,33.948584],[-84.244233,33.948606],[-84.245021,33.948623],[-84.245219,33.948619],[-84.24537,33.948639],[-84.2455,33.948676],[-84.245678,33.94879],[-84.246072,33.949127],[-84.246181,33.949188],[-84.246331,33.949251],[-84.246531,33.949314],[-84.246652,33.949308],[-84.246856,33.949279],[-84.246959,33.949214],[-84.247055,33.949065],[-84.247328,33.948725],[-84.247463,33.948636],[-84.247617,33.948563],[-84.247808,33.948516],[-84.24779,33.948716],[-84.247768,33.948964],[-84.247716,33.949183],[-84.247702,33.94929],[-84.247776,33.949501],[-84.24779,33.94958],[-84.247772,33.949691],[-84.247801,33.949764],[-84.247889,33.949801],[-84.24798,33.949876],[-84.248031,33.949965],[-84.247997,33.950066],[-84.248011,33.950198],[-84.248071,33.95026],[-84.248257,33.950332],[-84.248301,33.950409],[-84.24832,33.95058],[-84.248361,33.95065],[-84.248391,33.950701],[-84.248425,33.950821],[-84.24845,33.950966],[-84.248437,33.951161],[-84.248425,33.951233],[-84.248409,33.951324],[-84.24835,33.951511],[-84.24825,33.951697],[-84.248036,33.952019],[-84.247965,33.952093],[-84.247941,33.952156],[-84.247984,33.952207],[-84.24822,33.952376],[-84.248522,33.952615],[-84.248587,33.952704],[-84.248628,33.952837],[-84.248634,33.953108],[-84.248669,33.953197],[-84.248712,33.953261],[-84.248823,33.953326],[-84.248965,33.953379],[-84.249115,33.953402],[-84.249327,33.953406],[-84.249424,33.953408],[-84.249603,33.953425],[-84.249782,33.953442],[-84.24987,33.9535],[-84.25002,33.953768],[-84.250079,33.953825],[-84.250207,33.953877],[-84.250629,33.95278],[-84.250767,33.952422],[-84.250807,33.952318],[-84.250847,33.952171],[-84.251361,33.950891],[-84.251408,33.95076],[-84.251527,33.950435],[-84.251621,33.950177],[-84.251728,33.94944],[-84.251743,33.949171],[-84.25172,33.948767],[-84.251661,33.948317],[-84.251464,33.947528],[-84.25129,33.94683],[-84.251273,33.946763],[-84.251248,33.946663],[-84.251024,33.945773],[-84.250885,33.945307],[-84.250584,33.944244],[-84.250374,33.943468],[-84.250309,33.943167],[-84.250028,33.94232],[-84.249581,33.941134],[-84.249248,33.940513],[-84.249052,33.940064],[-84.248728,33.939488],[-84.24861,33.939336],[-84.248525,33.939218],[-84.246053,33.940657],[-84.24594,33.940715],[-84.245196,33.941126],[-84.24434,33.94166],[-84.243529,33.942126],[-84.242451,33.942755],[-84.241744,33.943182],[-84.240975,33.943617],[-84.240626,33.943809],[-84.240505,33.943885],[-84.240432,33.943931],[-84.240368,33.943973],[-84.240349,33.943985],[-84.240304,33.944015],[-84.239529,33.94446],[-84.239008,33.9447],[-84.23811,33.945042],[-84.237645,33.945233],[-84.23737,33.945365]]]]}},
{"type":"Feature","properties":{"GEOID":"13135050318"},"geometry":{"type":"MultiPolygon","coordinates":[[[[-84.253593,33.95786],[-84.254775,33.957486],[-84.254719,33.95745],[-84.254653,33.957398],[-84.254616,33.95736],[-84.25455,33.95732],[-84.254314,33.957259],[-84.254045,33.957177],[-84.253941,33.957118],[-84.253906,33.957042],[-84.253931,33.956967],[-84.253956,33.956666],[-84.253937,33.956533],[-84.253896,33.956401],[-84.253844,33.956315],[-84.253839,33.956305],[-84.253759,33.956221],[-84.253597,33.956098],[-84.253353,33.955936],[-84.2532,33.955763],[-84.253119,33.955692],[-84.253085,33.955596],[-84.253066,33.955477],[-84.253016,33.955387],[-84.252927,33.955335],[-84.252704,33.955242],[-84.252451,33.955111],[-84.252313,33.954944],[-84.252191,33.954837],[-84.252146,33.954797],[-84.252123,33.954777],[-84.252081,33.954737],[-84.251988,33.954649],[-84.251852,33.954519],[-84.251772,33.954429],[-84.251631,33.954351],[-84.251489,33.954303],[-84.251316,33.954281],[-84.251136,33.95427],[-84.25097,33.954242],[-84.250829,33.954194],[-84.25071,33.954123],[-84.250571,33.954],[-84.250355,33.953895],[-84.250207,33.953877],[-84.250079,33.953825],[-84.25002,33.953768],[-84.24987,33.9535],[-84.249782,33.953442],[-84.249603,33.953425],[-84.249424,33.953408],[-84.249327,33.953406],[-84.249115,33.953402],[-84.248965,33.953379],[-84.248823,33.953326],[-84.248712,33.953261],[-84.248669,33.953197],[-84.248634,33.953108],[-84.248628,33.952837],[-84.248587,33.952704],[-84.248522,33.952615],[-84.24822,33.952376],[-84.247984,33.952207],[-84.247941,33.952156],[-84.247965,33.952093],[-84.248036,33.952019],[-84.24825,33.951697],[-84.24835,33.951511],[-84.248409,33.951324],[-84.248425,33.951233],[-84.248437,33.951161],[-84.24845,33.950966],[-84.248425,33.950821],[-84.248391,33.950701],[-84.248361,33.95065],[-84.24832,33.95058],[-84.248301,33.950409],[-84.248257,33.950332],[-84.248071,33.95026],[-84.248011,33.950198],[-84.247997,33.950066],[-84.248031,33.949965],[-84.24798,33.949876],[-84.247889,33.949801],[-84.247801,33.949764],[-84.247772,33.949691],[-84.24779,33.94958],[-84.247776,33.949501],[-84.247702,33.94929],[-84.247716,33.949183],[-84.247768,33.948964],[-84.24779,33.948716],[-84.247808,33.948516],[-84.247617,33.948563],[-84.247463,33.948636],[-84.247328,33.948725],[-84.247055,33.949065],[-84.246959,33.949214],[-84.246856,33.949279],[-84.246652,33.949308],[-84.246531,33.949314],[-84.246331,33.949251],[-84.246181,33.949188],[-84.246072,33.949127],[-84.245678,33.94879],[-84.2455,33.948676],[-84.24537,33.948639],[-84.245219,33.948619],[-84.245021,33.948623],[-84.244233,33.948606],[-84.244032,33.948584],[-84.243912,33.948548],[-84.243783,33.948469],[-84.243477,33.948243],[-84.243267,33.948078],[-84.243211,33.948035],[-84.243032,33.947921],[-84.242891,33.947901],[-84.242699,33.947922],[-84.242586,33.947954],[-84.242458,33.948027],[-84.242385,33.948075],[-84.242262,33.948123],[-84.242089,33.94817],[-84.241884,33.94825],[-84.24175,33.948331],[-84.241481,33.948527],[-84.241117,33.948847],[-84.24089,33.948994],[-84.240665,33.949073],[-84.240606,33.949097],[-84.240823,33.949938],[-84.241138,33.950664],[-84.241507,33.951264],[-84.242058,33.951994],[-84.242286,33.952267],[-84.242924,33.952929],[-84.243314,33.953417],[-84.243451,33.953619],[-84.24375,33.954061],[-84.244216,33.954803],[-84.244313,33.954963],[-84.244521,33.955303],[-84.244547,33.955345],[-84.24468,33.955563],[-84.244728,33.955687],[-84.244942,33.95624],[-84.245058,33.956585],[-84.245121,33.95676],[-84.245203,33.95699],[-84.245366,33.957365],[-84.245404,33.957428],[-84.245527,33.957633],[-84.24567,33.957846],[-84.245855,33.958064],[-84.246725,33.959146],[-84.247145,33.959537],[-84.248274,33.960418],[-84.248449,33.960555],[-84.248664,33.960689],[-84.248954,33.96092],[-84.249287,33.961237],[-84.249457,33.961462],[-84.249618,33.961675],[-84.249746,33.961581],[-84.250238,33.961311],[-84.25038,33.961229],[-84.250552,33.961099],[-84.250696,33.960956],[-84.251097,33.960452],[-84.251213,33.960302],[-84.251334,33.960146],[-84.251631,33.959793],[-84.251957,33.959434],[-84.252342,33.959064],[-84.252479,33.958902],[-84.252623,33.958633],[-84.252756,33.958384],[-84.252871,33.958222],[-84.253051,33.958091],[-84.253252,33.957986],[-84.253593,33.95786]]]]}},
{"type":"Feature","properties":{"GEOID":"13135050322"},"geometry":{"type":"MultiPolygon","coordinates":[[[[-84.23737,33.981138],[-84.23737,34.000115],[-84.238043,33.999863],[-84.239011,33.999627],[-84.239945,33.999468],[-84.240505,33.999403],[-84.241744,33.999405],[-84.243451,33.999288],[-84.246283,33.998862],[-84.247499,33.998605],[-84.248316,33.998262],[-84.248951,33.997761],[-84.249275,33.997329],[-84.249572,33.996768],[-84.249745,33.996205],[-84.2498,33.995458],[-84.249753,33.99488],[-84.249733,33.994631],[-84.249601,33.993932],[-84.24947,33.993181],[-84.249485,33.992742],[-84.249598,33.992482],[-84.249752,33.992129],[-84.250157,33.991628],[-84.250429,33.991293],[-84.251328,33.990307],[-84.252106,33.989241],[-84.252602,33.988246],[-84.253334,33.987179],[-84.25407,33.986422],[-84.254491,33.986259],[-84.254669,33.9861],[-84.254484,33.985895],[-84.254482,33.985743],[-84.254487,33.985591],[-84.254532,33.985519],[-84.254622,33.985456],[-84.254772,33.985387],[-84.254957,33.985333],[-84.255037,33.985284],[-84.255065,33.985227],[-84.255059,33.985125],[-84.255012,33.984971],[-84.254922,33.984781],[-84.254823,33.984597],[-84.254638,33.984404],[-84.254502,33.984292],[-84.254348,33.984223],[-84.254208,33.984213],[-84.254118,33.984212],[-84.253843,33.984212],[-84.253616,33.984222],[-84.253445,33.98425],[-84.253338,33.984321],[-84.253024,33.984618],[-84.2529,33.984674],[-84.252725,33.984692],[-84.252542,33.984688],[-84.252265,33.984623],[-84.251998,33.984537],[-84.251749,33.984416],[-84.251439,33.984307],[-84.25118,33.984236],[-84.250955,33.984188],[-84.250572,33.98403],[-84.250279,33.983944],[-84.250073,33.983852],[-84.249748,33.983642],[-84.24956,33.983543],[-84.249372,33.983437],[-84.249276,33.983353],[-84.249219,33.983303],[-84.248883,33.982933],[-84.248636,33.982738],[-84.248382,33.982522],[-84.248169,33.98238],[-84.248005,33.982303],[-84.24797,33.982295],[-84.247824,33.982263],[-84.247643,33.982186],[-84.247461,33.982153],[-84.247192,33.98214],[-84.247008,33.98215],[-84.246951,33.982156],[-84.246781,33.982174],[-84.246289,33.982308],[-84.246022,33.982338],[-84.245826,33.982356],[-84.245564,33.982358],[-84.245337,33.982374],[-84.245118,33.982398],[-84.244882,33.982437],[-84.244741,33.982477],[-84.244678,33.982504],[-84.244529,33.982567],[-84.244318,33.982649],[-84.24408,33.982716],[-84.243865,33.982766],[-84.243594,33.982803],[-84.243402,33.982821],[-84.243201,33.982816],[-84.242837,33.98275],[-84.242631,33.982658],[-84.242417,33.982552],[-84.242315,33.982477],[-84.24212,33.982313],[-84.242001,33.982202],[-84.24177,33.982066],[-84.241514,33.981908],[-84.241267,33.981728],[-84.240994,33.981555],[-84.240832,33.981457],[-84.240664,33.981333],[-84.240471,33.98119],[-84.240386,33.981087],[-84.240157,33.980901],[-84.239978,33.980773],[-84.23964,33.980461],[-84.239531,33.980313],[-84.23946,33.980187],[-84.239343,33.980243],[-84.238913,33.980408],[-84.238265,33.98074],[-84.237512,33.981093],[-84.23737,33.981138]]]]}},
{"type":"Feature","properties":{"GEOID":"13135050321"},"geometry":{"type":"MultiPolygon","coordinates":[[[[-84.23737,33.967468],[-84.23737,33.981138],[-84.237512,33.981093],[-84.238265,33.98074],[-84.238913,33.980408],[-84.239343,33.980243],[-84.23946,33.980187],[-84.239531,33.980313],[-84.23964,33.980461],[-84.239978,33.980773],[-84.240157,33.980901],[-84.240386,33.981087],[-84.240471,33.98119],[-84.240664,33.981333],[-84.240832,33.981457],[-84.240994,33.981555],[-84.241267,33.981728],[-84.241514,33.981908],[-84.24177,33.982066],[-84.242001,33.982202],[-84.24212,33.982313],[-84.242315,33.982477],[-84.242417,33.982552],[-84.242631,33.982658],[-84.242837,33.98275],[-84.243201,33.982816],[-84.243402,33.982821],[-84.243594,33.982803],[-84.243865,33.982766],[-84.24408,33.982716],[-84.244318,33.982649],[-84.244529,33.982567],[-84.244678,33.982504],[-84.244741,33.982477],[-84.244882,33.982437],[-84.245118,33.982398],[-84.245337,33.982374],[-84.245564,33.982358],[-84.245826,33.982356],[-84.246022,33.982338],[-84.246289,33.982308],[-84.246781,33.982174],[-84.246951,33.982156],[-84.247008,33.98215],[-84.247192,33.98214],[-84.247461,33.982153],[-84.247643,33.982186],[-84.247824,33.982263],[-84.24797,33.982295],[-84.248005,33.982303],[-84.248169,33.98238],[-84.248382,33.982522],[-84.248636,33.982738],[-84.248883,33.982933],[-84.249219,33.983303],[-84.249276,33.983353],[-84.249372,33.983437],[-84.24956,33.983543],[-84.249748,33.983642],[-84.250073,33.983852],[-84.250279,33.983944],[-84.250572,33.98403],[-84.250955,33.984188],[-84.25118,33.984236],[-84.251439,33.984307],[-84.251749,33.984416],[-84.251998,33.984537],[-84.252265,33.984623],[-84.252542,33.984688],[-84.252725,33.984692],[-84.2529,33.984674],[-84.253024,33.984618],[-84.253338,33.984321],[-84.253445,33.98425],[-84.253616,33.984222],[-84.253843,33.984212],[-84.254118,33.984212],[-84.254208,33.984213],[-84.254348,33.984223],[-84.254502,33.984292],[-84.254638,33.984404],[-84.254823,33.984597],[-84.254922,33.984781],[-84.255012,33.984971],[-84.255059,33.985125],[-84.255065,33.985227],[-84.255037,33.985284],[-84.254957,33.985333],[-84.254772,33.985387],[-84.254622,33.985456],[-84.254532,33.985519],[-84.254487,33.985591],[-84.254482,33.985743],[-84.254484,33.985895],[-84.254669,33.9861],[-84.255355,33.985935],[-84.255975,33.985923],[-84.256715,33.986017],[-84.257328,33.986211],[-84.25803,33.986536],[-84.258668,33.986911],[-84.260135,33.987537],[-84.260936,33.987658],[-84.261744,33.987573],[-84.262276,33.987405],[-84.262655,33.987155],[-84.262976,33.986801],[-84.26308,33.986588],[-84.263175,33.986393],[-84.263272,33.986088],[-84.263305,33.985981],[-84.263445,33.985541],[-84.263451,33.985522],[-84.263455,33.984438],[-84.263336,33.983301],[-84.263064,33.982134],[-84.263022,33.981996],[-84.262645,33.980732],[-84.262213,33.979226],[-84.261597,33.9772],[-84.261558,33.976477],[-84.261642,33.97571],[-84.261646,33.975679],[-84.261758,33.975063],[-84.261929,33.974551],[-84.262067,33.974366],[-84.262253,33.974119],[-84.262598,33.973862],[-84.262679,33.973802],[-84.26276,33.973742],[-84.262849,33.973676],[-84.262683,33.973442],[-84.262654,33.973401],[-84.262496,33.973181],[-84.262176,33.972712],[-84.261972,33.972392],[-84.261727,33.97199],[-84.261254,33.971271],[-84.261078,33.971004],[-84.260962,33.970852],[-84.260854,33.970697],[-84.260781,33.970626],[-84.260418,33.970207],[-84.260066,33.969862],[-84.25847,33.968429],[-84.258168,33.968235],[-84.258089,33.968184],[-84.257585,33.968329],[-84.257028,33.968463],[-84.255724,33.968755],[-84.25228,33.969562],[-84.250822,33.969905],[-84.249809,33.97017],[-84.24895,33.970313],[-84.248558,33.970367],[-84.247868,33.970377],[-84.246091,33.970286],[-84.244607,33.970154],[-84.244382,33.970161],[-84.244142,33.970156],[-84.243768,33.970122],[-84.243098,33.96997],[-84.242477,33.969706],[-84.241415,33.969207],[-84.240524,33.968828],[-84.238288,33.967876],[-84.23737,33.967468]]]]}},
{"type":"Feature","properties":{"GEOID":"13067030413"},"geometry":{"type":"MultiPolygon","coordinates":[[[[-84.4706,33.92393],[-84.4706,33.915015],[-84.470216,33.915588],[-84.470133,33.915681],[-84.469864,33.916035],[-84.469541,33.916329],[-84.469269,33.916555],[-84.46896,33.916758],[-84.468417,33.917069],[-84.466771,33.918032],[-84.466942,33.918713],[-84.467309,33.920173],[-84.46749,33.920799],[-84.467648,33.921275],[-84.467725,33.921509],[-84.467846,33.921874],[-84.467937,33.92211],[-84.468129,33.922606],[-84.468375,33.923171],[-84.468495,33.923466],[-84.468522,33.923533],[-84.468736,33.923919],[-84.469287,33.923963],[-84.469415,33.923976],[-84.46957,33.923991],[-84.469728,33.924002],[-84.469892,33.924012],[-84.469994,33.924012],[-84.470108,33.924007],[-84.470218,33.923996],[-84.470493,33.923948],[-84.470534,33.923941],[-84.4706,33.92393]]]]}},
{"type":"Feature","properties":{"GEOID":"13067030409"},"geometry":{"type":"MultiPolygon","coordinates":[[[[-84.4706,33.975828],[-84.4706,33.952516],[-84.469869,33.95248],[-84.468954,33.952411],[-84.468914,33.952413],[-84.468814,33.952419],[-84.468733,33.952437],[-84.468625,33.952474],[-84.468001,33.95269],[-84.467872,33.95271],[-84.467366,33.952656],[-84.466573,33.952499],[-84.465438,33.952274],[-84.464985,33.952241],[-84.464803,33.952251],[-84.464885,33.952548],[-84.464921,33.953355],[-84.46493,33.953608],[-84.464858,33.956244],[-84.464753,33.957404],[-84.464683,33.958207],[-84.464654,33.958353],[-84.464592,33.958731],[-84.464518,33.958979],[-84.464285,33.959473],[-84.463921,33.960633],[-84.46384,33.961091],[-84.463753,33.961455],[-84.463662,33.961725],[-84.463414,33.962268],[-84.463302,33.962506],[-84.462972,33.963208],[-84.462745,33.963849],[-84.462521,33.964614],[-84.462485,33.964836],[-84.462472,33.965068],[-84.462544,33.965506],[-84.462718,33.967098],[-84.462762,33.967568],[-84.462681,33.968634],[-84.462533,33.969628],[-84.462442,33.970133],[-84.462236,33.970855],[-84.462164,33.971236],[-84.462143,33.971346],[-84.462082,33.971755],[-84.461995,33.972432],[-84.461927,33.972963],[-84.461926,33.972995],[-84.461857,33.973664],[-84.461805,33.974727],[-84.461699,33.975804],[-84.461641,33.976431],[-84.461482,33.978167],[-84.461415,33.979314],[-84.462205,33.979233],[-84.462714,33.979138],[-84.463033,33.979046],[-84.463654,33.978833],[-84.46556,33.977999],[-84.465579,33.97799],[-84.46575,33.977916],[-84.46624,33.977703],[-84.46668,33.977512],[-84.466915,33.97741],[-84.467147,33.977309],[-84.468161,33.97687],[-84.468361,33.976786],[-84.468903,33.976561],[-84.468964,33.976535],[-84.46948,33.976312],[-84.4706,33.975828]]]]}},
{"type":"Feature","properties":{"GEOID":"13067030408"},"geometry":{"type":"MultiPolygon","coordinates":[[[[-84.4706,33.94175],[-84.4706,33.926095],[-84.469924,33.925391],[-84.469813,33.925276],[-84.469329,33.92467],[-84.469152,33.924449],[-84.468982,33.924209],[-84.468796,33.924031],[-84.468736,33.923919],[-84.468522,33.923533],[-84.468495,33.923466],[-84.468375,33.923171],[-84.468129,33.922606],[-84.467937,33.92211],[-84.467846,33.921874],[-84.467725,33.921509],[-84.467648,33.921275],[-84.46749,33.920799],[-84.467309,33.920173],[-84.466942,33.918713],[-84.466771,33.918032],[-84.466316,33.918335],[-84.466069,33.918515],[-84.465968,33.918605],[-84.465902,33.918679],[-84.46583,33.918735],[-84.46567,33.918915],[-84.465539,33.919101],[-84.465411,33.919294],[-84.465259,33.919508],[-84.465079,33.919766],[-84.464516,33.920631],[-84.464337,33.920973],[-84.464171,33.921337],[-84.464098,33.92154],[-84.464051,33.921716],[-84.46402,33.921894],[-84.464005,33.922074],[-84.463983,33.923],[-84.463956,33.923716],[-84.463934,33.923885],[-84.463934,33.924053],[-84.463952,33.924142],[-84.463981,33.924229],[-84.464051,33.924366],[-84.464111,33.924441],[-84.464164,33.924519],[-84.464209,33.924601],[-84.464257,33.924659],[-84.464337,33.924755],[-84.464234,33.924831],[-84.463894,33.925107],[-84.462925,33.925861],[-84.46249,33.926217],[-84.462373,33.926299],[-84.462324,33.926349],[-84.461894,33.926709],[-84.461675,33.926908],[-84.461605,33.926977],[-84.461537,33.927059],[-84.461384,33.927253],[-84.461266,33.92747],[-84.461159,33.927701],[-84.46111,33.927882],[-84.461067,33.92815],[-84.461063,33.928182],[-84.461046,33.928329],[-84.461036,33.928454],[-84.461037,33.928481],[-84.461049,33.929038],[-84.461042,33.929264],[-84.461032,33.929304],[-84.461061,33.930417],[-84.461076,33.930947],[-84.461062,33.931546],[-84.461063,33.932133],[-84.460996,33.934201],[-84.460994,33.934581],[-84.461021,33.9353],[-84.461088,33.936445],[-84.461092,33.937317],[-84.461118,33.937683],[-84.461123,33.93786],[-84.46113,33.937949],[-84.461155,33.93812],[-84.461163,33.938208],[-84.461182,33.938295],[-84.461213,33.938384],[-84.461223,33.938421],[-84.461301,33.938593],[-84.461345,33.938677],[-84.461452,33.938846],[-84.461494,33.9389],[-84.461502,33.938936],[-84.461612,33.939052],[-84.461753,33.93918],[-84.461827,33.939241],[-84.461968,33.939342],[-84.462257,33.939522],[-84.462376,33.939612],[-84.46246,33.939662],[-84.462541,33.939717],[-84.462663,33.939805],[-84.462817,33.939935],[-84.46293,33.940051],[-84.462994,33.940106],[-84.463281,33.940026],[-84.463463,33.94003],[-84.463665,33.940076],[-84.463986,33.940193],[-84.464446,33.940392],[-84.465099,33.940593],[-84.465857,33.940861],[-84.466277,33.941009],[-84.468582,33.94165],[-84.46905,33.941601],[-84.469598,33.941604],[-84.469914,33.941629],[-84.470325,33.941695],[-84.4706,33.94175]]]]}},
{"type":"Feature","properties":{"GEOID":"13067030407"},"geometry":{"type":"MultiPolygon","coordinates":[[[[-84.4706,33.952516],[-84.4706,33.94175],[-84.470325,33.941695],[-84.469914,33.941629],[-84.469598,33.941604],[-84.46905,33.941601],[-84.468582,33.94165],[-84.467792,33.941767],[-84.467495,33.94184],[-84.467128,33.941948],[-84.466539,33.942158],[-84.466044,33.942426],[-84.465608,33.942716],[-84.465041,33.94315],[-84.464733,33.943411],[-84.464378,33.943732],[-84.464183,33.94394],[-84.463993,33.944186],[-84.463969,33.944217],[-84.46392,33.944316],[-84.463866,33.944473],[-84.463797,33.944599],[-84.463767,33.944623],[-84.463545,33.944977],[-84.463138,33.945485],[-84.462944,33.945702],[-84.462807,33.945842],[-84.462667,33.945976],[-84.462562,33.946067],[-84.46225,33.94634],[-84.461447,33.94689],[-84.4617,33.947321],[-84.46182,33.9477],[-84.462016,33.948827],[-84.462026,33.94892],[-84.462052,33.949007],[-84.462123,33.949537],[-84.462176,33.949873],[-84.462227,33.950051],[-84.462375,33.950328],[-84.462585,33.950578],[-84.462839,33.950791],[-84.462989,33.950909],[-84.463238,33.951035],[-84.463503,33.951159],[-84.46374,33.951259],[-84.463981,33.951386],[-84.464186,33.951515],[-84.464352,33.951647],[-84.464505,33.951794],[-84.464687,33.952035],[-84.464803,33.952251],[-84.464985,33.952241],[-84.465438,33.952274],[-84.466573,33.952499],[-84.467366,33.952656],[-84.467872,33.95271],[-84.468001,33.95269],[-84.468625,33.952474],[-84.468733,33.952437],[-84.468814,33.952419],[-84.468914,33.952413],[-84.468954,33.952411],[-84.469869,33.95248],[-84.4706,33.952516]]]]}},
{"type":"Feature","properties":{"GEOID":"13067030344"},"geometry":{"type":"MultiPolygon","coordinates":[[[[-84.4706,33.915015],[-84.4706,33.903866],[-84.47027,33.903972],[-84.469963,33.904053],[-84.469698,33.904103],[-84.469352,33.904127],[-84.469038,33.904156],[-84.46851,33.904252],[-84.46819,33.904343],[-84.467743,33.904505],[-84.464217,33.90568],[-84.464371,33.905874],[-84.464522,33.906187],[-84.464624,33.906506],[-84.464659,33.906704],[-84.464714,33.906883],[-84.464768,33.90728],[-84.464855,33.90799],[-84.465,33.908655],[-84.465069,33.908769],[-84.465169,33.909327],[-84.46525,33.909736],[-84.465256,33.909889],[-84.465247,33.910184],[-84.465215,33.910581],[-84.465192,33.911028],[-84.465201,33.911465],[-84.465195,33.911586],[-84.465203,33.91188],[-84.465211,33.912152],[-84.465255,33.913667],[-84.465268,33.913725],[-84.465297,33.913858],[-84.46535,33.914073],[-84.465442,33.914448],[-84.465539,33.914707],[-84.465608,33.914892],[-84.465693,33.915119],[-84.465889,33.9156],[-84.466192,33.916343],[-84.466512,33.917161],[-84.46665,33.917593],[-84.466771,33.918032],[-84.468417,33.917069],[-84.46896,33.916758],[-84.469269,33.916555],[-84.469541,33.916329],[-84.469864,33.916035],[-84.470133,33.915681],[-84.470216,33.915588],[-84.4706,33.915015]]]]}},
{"type":"Feature","properties":{"GEOID":"13067030345"},"geometry":{"type":"MultiPolygon","coordinates":[[[[-84.4706,33.903866],[-84.4706,33.884808],[-84.470511,33.884716],[-84.470116,33.884429],[-84.469934,33.884282],[-84.469768,33.884415],[-84.469083,33.884965],[-84.468582,33.885361],[-84.467731,33.885896],[-84.467017,33.886371],[-84.464473,33.887994],[-84.463339,33.888653],[-84.462746,33.889008],[-84.462523,33.889142],[-84.462133,33.88939],[-84.461666,33.889708],[-84.461498,33.889864],[-84.461124,33.890062],[-84.460894,33.890178],[-84.460693,33.890282],[-84.460214,33.890526],[-84.45951,33.890852],[-84.459096,33.891044],[-84.458039,33.891516],[-84.457087,33.891966],[-84.456961,33.892034],[-84.456834,33.89209],[-84.456754,33.892131],[-84.4567,33.892163],[-84.456248,33.892409],[-84.455491,33.892828],[-84.45443,33.893504],[-84.453436,33.894174],[-84.453226,33.894335],[-84.452319,33.895034],[-84.451037,33.896112],[-84.44888,33.898044],[-84.448123,33.898713],[-84.447798,33.898994],[-84.447482,33.89926],[-84.447149,33.899493],[-84.446764,33.899748],[-84.447031,33.899825],[-84.447439,33.899943],[-84.447841,33.900086],[-84.447961,33.900134],[-84.448188,33.900239],[-84.448458,33.900379],[-84.448736,33.900563],[-84.449053,33.900809],[-84.449271,33.900979],[-84.449757,33.901336],[-84.450133,33.9016],[-84.450204,33.90165],[-84.450632,33.901912],[-84.450921,33.90207],[-84.451292,33.90223],[-84.451613,33.90233],[-84.452036,33.902423],[-84.452126,33.902431],[-84.45242,33.902456],[-84.452795,33.902464],[-84.452891,33.902455],[-84.453151,33.902429],[-84.453447,33.902368],[-84.453721,33.902339],[-84.454117,33.902324],[-84.454297,33.90233],[-84.454537,33.902365],[-84.454825,33.902428],[-84.455162,33.902518],[-84.455501,33.902583],[-84.455701,33.902589],[-84.455818,33.902584],[-84.455983,33.902505],[-84.456878,33.9025],[-84.457659,33.902522],[-84.458157,33.902674],[-84.458795,33.902888],[-84.459487,33.903322],[-84.459534,33.903338],[-84.459571,33.903349],[-84.45965,33.903396],[-84.460708,33.903974],[-84.461421,33.904279],[-84.461603,33.904352],[-84.462266,33.904598],[-84.462381,33.904636],[-84.463205,33.904936],[-84.463554,33.905103],[-84.463726,33.905225],[-84.463897,33.905375],[-84.464217,33.90568],[-84.467743,33.904505],[-84.46819,33.904343],[-84.46851,33.904252],[-84.469038,33.904156],[-84.469352,33.904127],[-84.469698,33.904103],[-84.469963,33.904053],[-84.47027,33.903972],[-84.4706,33.903866]]]]}},
{"type":"Feature","properties":{"GEOID":"13121010214"},"geometry":{"type":"MultiPolygon","coordinates":[[[[-84.36138,33.984472],[-84.361483,33.984434],[-84.361498,33.984294],[-84.361481,33.984126],[-84.361304,33.983666],[-84.361277,33.983583],[-84.361346,33.983277],[-84.361176,33.983369],[-84.361074,33.983491],[-84.360911,33.983641],[-84.360822,33.983696],[-84.360759,33.983737],[-84.360586,33.983801],[-84.360374,33.983848],[-84.360262,33.983881],[-84.360059,33.983958],[-84.359865,33.984011],[-84.359246,33.98403],[-84.358997,33.984015],[-84.358873,33.98402],[-84.358736,33.984017],[-84.358554,33.983985],[-84.358359,33.983938],[-84.35814,33.983837],[-84.35799,33.983724],[-84.357772,33.983474],[-84.357677,33.983354],[-84.357537,33.983133],[-84.357481,33.983021],[-84.357414,33.982842],[-84.35736,33.982653],[-84.357275,33.982487],[-84.35718,33.982334],[-84.357129,33.982191],[-84.356921,33.981892],[-84.356804,33.981782],[-84.356671,33.981673],[-84.356448,33.981583],[-84.356211,33.981532],[-84.355921,33.981456],[-84.355766,33.981371],[-84.355608,33.981333],[-84.355524,33.981312],[-84.355347,33.981238],[-84.355212,33.981196],[-84.355004,33.981156],[-84.354841,33.981067],[-84.354685,33.980996],[-84.354529,33.980892],[-84.35439,33.980799],[-84.354092,33.980633],[-84.353954,33.980548],[-84.353888,33.980504],[-84.3538,33.980445],[-84.353692,33.980354],[-84.353529,33.98023],[-84.353417,33.980117],[-84.353261,33.979991],[-84.353156,33.979929],[-84.353024,33.979812],[-84.352875,33.979645],[-84.352742,33.979532],[-84.352493,33.979459],[-84.351979,33.979246],[-84.351815,33.979153],[-84.351703,33.979055],[-84.351584,33.978864],[-84.351504,33.978821],[-84.351068,33.978473],[-84.350766,33.979168],[-84.35065,33.979436],[-84.350493,33.979846],[-84.35037,33.980274],[-84.350288,33.980719],[-84.350264,33.981041],[-84.350256,33.981429],[-84.350274,33.981856],[-84.350342,33.982754],[-84.350402,33.983797],[-84.350437,33.98406],[-84.350447,33.984134],[-84.35057,33.985058],[-84.350679,33.985874],[-84.350795,33.986697],[-84.350876,33.987102],[-84.35101,33.987568],[-84.351185,33.988024],[-84.351398,33.988619],[-84.351503,33.988577],[-84.351608,33.988569],[-84.35171,33.988586],[-84.351798,33.988622],[-84.35184,33.988649],[-84.352447,33.989194],[-84.352629,33.989315],[-84.352854,33.989425],[-84.35307,33.989498],[-84.353592,33.989609],[-84.353797,33.989676],[-84.353999,33.989776],[-84.354358,33.990011],[-84.354476,33.990069],[-84.354606,33.990116],[-84.354812,33.990166],[-84.355326,33.990221],[-84.355742,33.990263],[-84.356263,33.9903],[-84.357417,33.990383],[-84.357612,33.990417],[-84.357801,33.990474],[-84.357887,33.990509],[-84.358092,33.990621],[-84.358163,33.990475],[-84.358183,33.990363],[-84.358169,33.99027],[-84.358094,33.990062],[-84.358059,33.989766],[-84.358062,33.989623],[-84.3581,33.989451],[-84.358178,33.989288],[-84.358256,33.989179],[-84.358333,33.989102],[-84.35878,33.98877],[-84.358937,33.988628],[-84.359081,33.988476],[-84.359217,33.988308],[-84.359337,33.988132],[-84.35944,33.987949],[-84.359537,33.987741],[-84.359599,33.987565],[-84.35963,33.987398],[-84.359638,33.987229],[-84.359621,33.987061],[-84.359587,33.98692],[-84.359536,33.986781],[-84.35932,33.986372],[-84.359252,33.986255],[-84.35925,33.986008],[-84.359274,33.985855],[-84.359317,33.985745],[-84.359408,33.985617],[-84.359793,33.985231],[-84.360025,33.984989],[-84.360236,33.984728],[-84.360338,33.984645],[-84.360456,33.984579],[-84.360575,33.984537],[-84.360701,33.984512],[-84.361214,33.984497],[-84.36138,33.984472]]]]}},
{"type":"Feature","properties":{"GEOID":"13121010219"},"geometry":{"type":"MultiPolygon","coordinates":[[[[-84.384602,33.96963],[-84.384606,33.969523],[-84.384606,33.969416],[-84.384601,33.969309],[-84.384592,33.969203],[-84.384579,33.969096],[-84.38456,33.96899],[-84.384538,33.968885],[-84.384511,33.96878],[-84.38448,33.968676],[-84.384432,33.968565],[-84.384388,33.968497],[-84.384335,33.968433],[-84.384274,33.968373],[-84.384206,33.96832],[-84.384095,33.968253],[-84.384053,33.968231],[-84.383975,33.9682],[-84.383934,33.968106],[-84.383922,33.968085],[-84.383872,33.96799],[-84.383754,33.967578],[-84.383766,33.967297],[-84.3838,33.966703],[-84.382339,33.967127],[-84.381474,33.967405],[-84.380528,33.969238],[-84.380134,33.969928],[-84.379992,33.970003],[-84.379807,33.96996],[-84.377844,33.968677],[-84.37771,33.968519],[-84.377488,33.968165],[-84.377216,33.967926],[-84.376983,33.967921],[-84.376604,33.968146],[-84.37619,33.968406],[-84.37605,33.968494],[-84.373137,33.970322],[-84.372807,33.97047],[-84.37262,33.970505],[-84.372425,33.970468],[-84.371226,33.970024],[-84.370383,33.96971],[-84.369793,33.969528],[-84.368017,33.969047],[-84.367621,33.968939],[-84.367358,33.968868],[-84.366925,33.968774],[-84.366591,33.968727],[-84.366253,33.968702],[-84.364933,33.968699],[-84.364341,33.968697],[-84.362357,33.968719],[-84.362347,33.969888],[-84.362364,33.970032],[-84.362402,33.970173],[-84.36249,33.970367],[-84.362617,33.970545],[-84.362834,33.970756],[-84.362946,33.970836],[-84.363048,33.970926],[-84.363139,33.971025],[-84.363228,33.971149],[-84.363299,33.97128],[-84.363356,33.971438],[-84.363384,33.971581],[-84.363397,33.971768],[-84.363386,33.971801],[-84.363367,33.971911],[-84.36336,33.97195],[-84.363331,33.972045],[-84.363285,33.972192],[-84.36326,33.972305],[-84.36321,33.97241],[-84.362469,33.973522],[-84.362255,33.973734],[-84.362076,33.97386],[-84.361928,33.973924],[-84.361195,33.974093],[-84.361041,33.974145],[-84.360915,33.974203],[-84.360782,33.974286],[-84.360679,33.97437],[-84.360311,33.97469],[-84.360477,33.974664],[-84.360527,33.974657],[-84.360861,33.974665],[-84.361183,33.974698],[-84.361536,33.974721],[-84.361801,33.974732],[-84.361856,33.97474],[-84.36205,33.974771],[-84.362153,33.974787],[-84.362234,33.974836],[-84.362397,33.974866],[-84.363391,33.974858],[-84.363762,33.974866],[-84.363873,33.974883],[-84.364046,33.97488],[-84.364417,33.97492],[-84.364637,33.974951],[-84.365047,33.974975],[-84.365217,33.975005],[-84.365356,33.974993],[-84.365446,33.974937],[-84.36555,33.974849],[-84.36582,33.974692],[-84.365929,33.974657],[-84.366094,33.97464],[-84.366365,33.974656],[-84.366489,33.974722],[-84.366671,33.974773],[-84.366739,33.974794],[-84.366815,33.974819],[-84.367011,33.974823],[-84.367112,33.974804],[-84.367432,33.974784],[-84.367597,33.97475],[-84.367667,33.974737],[-84.367776,33.974692],[-84.367899,33.974594],[-84.368015,33.974539],[-84.368174,33.9745],[-84.368369,33.974504],[-84.368634,33.974526],[-84.368835,33.974572],[-84.368999,33.974576],[-84.369177,33.974548],[-84.369327,33.974477],[-84.36951,33.974441],[-84.37004,33.97433],[-84.370405,33.974312],[-84.370653,33.974364],[-84.370995,33.974408],[-84.371377,33.97443],[-84.371937,33.974375],[-84.373294,33.974261],[-84.375258,33.974095],[-84.375946,33.973787],[-84.376312,33.97373],[-84.376757,33.973677],[-84.377147,33.973619],[-84.37736,33.973592],[-84.377567,33.973613],[-84.377633,33.973537],[-84.377703,33.973465],[-84.377796,33.97339],[-84.377862,33.973311],[-84.377942,33.973257],[-84.378007,33.973187],[-84.378083,33.973128],[-84.378161,33.973071],[-84.378242,33.973016],[-84.378325,33.972964],[-84.37841,33.972914],[-84.378502,33.972871],[-84.378544,33.972843],[-84.378589,33.972827],[-84.378677,33.97278],[-84.37877,33.97274],[-84.378864,33.972703],[-84.37896,33.972669],[-84.379057,33.972638],[-84.379155,33.972609],[-84.379306,33.972571],[-84.379355,33.97257],[-84.379456,33.97254],[-84.379559,33.972537],[-84.379662,33.972533],[-84.379748,33.972504],[-84.379967,33.972498],[-84.380162,33.972494],[-84.380227,33.972496],[-84.380285,33.972511],[-84.380388,33.972507],[-84.380491,33.972504],[-84.380611,33.972521],[-84.380746,33.972521],[-84.380883,33.972523],[-84.381019,33.972522],[-84.381156,33.972517],[-84.381292,33.972508],[-84.381491,33.972487],[-84.381563,33.972478],[-84.381697,33.972457],[-84.38183,33.972433],[-84.381962,33.972405],[-84.382093,33.972373],[-84.382223,33.972337],[-84.382351,33.972298],[-84.382477,33.972256],[-84.382603,33.972209],[-84.382664,33.972159],[-84.382781,33.972159],[-84.382845,33.972115],[-84.382944,33.972048],[-84.383051,33.971987],[-84.383156,33.971922],[-84.383258,33.97188],[-84.383676,33.971695],[-84.383743,33.971665],[-84.383923,33.971577],[-84.384028,33.971514],[-84.384193,33.971387],[-84.384359,33.971218],[-84.384455,33.971076],[-84.384502,33.970957],[-84.384545,33.970748],[-84.384561,33.97056],[-84.38459,33.970264],[-84.384606,33.970011],[-84.38458,33.969838],[-84.384594,33.969737],[-84.384602,33.96963]]]]}},
{"type":"Feature","properties":{"GEOID":"13121010126"},"geometry":{"type":"MultiPolygon","coordinates":[[[[-84.373831,33.941749],[-84.374736,33.940847],[-84.374547,33.940707],[-84.373754,33.940133],[-84.373175,33.939724],[-84.372991,33.939546],[-84.372718,33.939502],[-84.372611,33.939491],[-84.372503,33.93949],[-84.372395,33.939499],[-84.372289,33.939516],[-84.372181,33.939515],[-84.37197,33.939476],[-84.371867,33.939449],[-84.371759,33.939444],[-84.371653,33.93946],[-84.371555,33.939497],[-84.37145,33.93952],[-84.371344,33.939538],[-84.37081,33.939607],[-84.370706,33.939632],[-84.370606,33.939666],[-84.37051,33.939707],[-84.37041,33.939741],[-84.370307,33.93977],[-84.370251,33.939782],[-84.370153,33.939801],[-84.370097,33.939811],[-84.36999,33.939824],[-84.36978,33.939814],[-84.369679,33.939844],[-84.369583,33.939886],[-84.369495,33.939938],[-84.369418,33.940001],[-84.369323,33.940044],[-84.369221,33.940075],[-84.369116,33.940094],[-84.369008,33.940099],[-84.368632,33.940104],[-84.368367,33.94014],[-84.367665,33.940214],[-84.367106,33.940261],[-84.36696,33.940283],[-84.366644,33.940343],[-84.366604,33.940353],[-84.366436,33.940394],[-84.366336,33.940427],[-84.366238,33.940466],[-84.366144,33.940511],[-84.366054,33.940561],[-84.365968,33.940615],[-84.365887,33.940675],[-84.365811,33.940739],[-84.36574,33.940807],[-84.365417,33.941087],[-84.364721,33.941605],[-84.364119,33.942061],[-84.36364,33.942457],[-84.363297,33.942729],[-84.362832,33.942998],[-84.362285,33.94324],[-84.362204,33.9433],[-84.362144,33.943375],[-84.362107,33.943459],[-84.362095,33.943548],[-84.362039,33.943723],[-84.361982,33.943901],[-84.361853,33.944152],[-84.361571,33.944544],[-84.361527,33.944626],[-84.361491,33.944711],[-84.361475,33.944892],[-84.361479,33.9452],[-84.361484,33.945594],[-84.361473,33.94594],[-84.361466,33.946037],[-84.361436,33.946123],[-84.361385,33.946202],[-84.361314,33.94627],[-84.36108,33.946418],[-84.361003,33.946482],[-84.360934,33.946551],[-84.360873,33.946625],[-84.360746,33.946818],[-84.360682,33.94689],[-84.360609,33.946956],[-84.360365,33.947126],[-84.360535,33.947277],[-84.360605,33.947319],[-84.360682,33.947352],[-84.360774,33.947374],[-84.360869,33.947381],[-84.361633,33.947342],[-84.364198,33.947218],[-84.364807,33.947179],[-84.365506,33.94739],[-84.365858,33.947474],[-84.366075,33.947514],[-84.366451,33.947573],[-84.366829,33.947618],[-84.367241,33.947651],[-84.367645,33.947669],[-84.367728,33.947682],[-84.367814,33.94771],[-84.367878,33.947744],[-84.368131,33.947941],[-84.368475,33.947665],[-84.369154,33.94705],[-84.369439,33.946786],[-84.369653,33.946619],[-84.369739,33.946561],[-84.370063,33.946403],[-84.370278,33.946342],[-84.370802,33.946251],[-84.371072,33.946228],[-84.371322,33.94555],[-84.371346,33.945484],[-84.371477,33.945179],[-84.371665,33.94474],[-84.371775,33.944525],[-84.372326,33.943444],[-84.372522,33.943141],[-84.372741,33.942865],[-84.372789,33.942814],[-84.372833,33.942769],[-84.373255,33.942338],[-84.373523,33.942065],[-84.373724,33.941858],[-84.373831,33.941749]]]]}},
{"type":"Feature","properties":{"GEOID":"13121010223"},"geometry":{"type":"MultiPolygon","coordinates":[[[[-84.444079,33.887758],[-84.444306,33.887175],[-84.444304,33.886635],[-84.444303,33.886562],[-84.444302,33.886194],[-84.444301,33.885975],[-84.443755,33.884959],[-84.443626,33.884779],[-84.443239,33.884237],[-84.443182,33.883766],[-84.443158,33.883559],[-84.443163,33.883405],[-84.443254,33.882963],[-84.443472,33.882016],[-84.443526,33.8817],[-84.443537,33.881398],[-84.443535,33.88137],[-84.443445,33.88087],[-84.443253,33.880238],[-84.443252,33.879963],[-84.443225,33.879845],[-84.443204,33.879663],[-84.443213,33.879517],[-84.44325,33.87937],[-84.443306,33.879251],[-84.44334,33.879177],[-84.443365,33.879144],[-84.443448,33.878858],[-84.443541,33.878776],[-84.443653,33.878674],[-84.443797,33.878542],[-84.443528,33.878535],[-84.443472,33.878533],[-84.443344,33.878529],[-84.442692,33.878525],[-84.442402,33.878522],[-84.441374,33.878524],[-84.440335,33.878519],[-84.44035,33.878585],[-84.44025,33.878785],[-84.440164,33.879014],[-84.439847,33.879106],[-84.440023,33.879268],[-84.439404,33.87989],[-84.439338,33.879908],[-84.439251,33.879935],[-84.438887,33.879884],[-84.438741,33.879768],[-84.438788,33.879436],[-84.438696,33.879377],[-84.438558,33.87946],[-84.438179,33.87934],[-84.438018,33.879252],[-84.437913,33.879371],[-84.437599,33.879481],[-84.437133,33.879427],[-84.437234,33.879686],[-84.437099,33.879947],[-84.436746,33.880104],[-84.436346,33.88018],[-84.436157,33.880384],[-84.43617,33.87912],[-84.436015,33.878957],[-84.435574,33.87849],[-84.434885,33.878488],[-84.433535,33.878484],[-84.433314,33.878599],[-84.433112,33.878732],[-84.432972,33.878853],[-84.432885,33.878947],[-84.432848,33.878987],[-84.432541,33.879374],[-84.432194,33.879829],[-84.43195,33.880162],[-84.43178,33.88021],[-84.431602,33.880286],[-84.431035,33.880617],[-84.430798,33.880766],[-84.430662,33.880834],[-84.430518,33.880892],[-84.43031,33.880952],[-84.429232,33.881187],[-84.429079,33.881211],[-84.428936,33.881216],[-84.428759,33.881199],[-84.428605,33.881162],[-84.428444,33.881098],[-84.428312,33.881021],[-84.428173,33.880906],[-84.427697,33.88041],[-84.427373,33.880077],[-84.427291,33.880018],[-84.427177,33.879958],[-84.427083,33.879917],[-84.426999,33.87989],[-84.426882,33.879865],[-84.426777,33.879854],[-84.426671,33.879853],[-84.426561,33.879864],[-84.425456,33.880138],[-84.425319,33.880161],[-84.425112,33.880178],[-84.424984,33.880174],[-84.424844,33.88015],[-84.424278,33.879971],[-84.423241,33.880173],[-84.423023,33.88024],[-84.422802,33.88032],[-84.422114,33.88062],[-84.421852,33.880713],[-84.421735,33.880746],[-84.420345,33.881059],[-84.420072,33.881143],[-84.419919,33.881205],[-84.419765,33.881281],[-84.419632,33.881358],[-84.419494,33.881452],[-84.418747,33.882157],[-84.418672,33.882211],[-84.418578,33.882253],[-84.418474,33.882275],[-84.418244,33.882283],[-84.418027,33.882271],[-84.417889,33.88225],[-84.417358,33.882148],[-84.417247,33.882117],[-84.417141,33.882074],[-84.416873,33.881931],[-84.4167,33.881828],[-84.41653,33.881708],[-84.416273,33.881544],[-84.415945,33.88129],[-84.415748,33.88109],[-84.415686,33.881014],[-84.415463,33.880675],[-84.414933,33.879874],[-84.414676,33.879463],[-84.414407,33.879125],[-84.414148,33.878833],[-84.414063,33.878736],[-84.414013,33.878691],[-84.413924,33.878611],[-84.413838,33.878534],[-84.413656,33.878369],[-84.413639,33.878353],[-84.413419,33.878155],[-84.413244,33.878016],[-84.413055,33.877891],[-84.412811,33.877759],[-84.412524,33.877617],[-84.412434,33.877561],[-84.41238,33.877519],[-84.412359,33.87749],[-84.412272,33.87733],[-84.412103,33.877522],[-84.411941,33.877745],[-84.41187,33.877859],[-84.411814,33.877975],[-84.411774,33.878086],[-84.411719,33.878292],[-84.41171,33.878338],[-84.411704,33.878365],[-84.411682,33.878479],[-84.411626,33.878764],[-84.411544,33.879087],[-84.41148,33.879283],[-84.411405,33.879472],[-84.411345,33.879583],[-84.41127,33.879687],[-84.410894,33.880081],[-84.410254,33.880691],[-84.410195,33.880738],[-84.410079,33.880799],[-84.409939,33.880833],[-84.40909,33.880874],[-84.408836,33.880905],[-84.408694,33.880935],[-84.408621,33.88101],[-84.409004,33.88162],[-84.409185,33.88181],[-84.409347,33.881959],[-84.40943,33.882025],[-84.410179,33.88253],[-84.410622,33.88284],[-84.41091,33.883055],[-84.411131,33.883207],[-84.411214,33.883275],[-84.411879,33.883895],[-84.412001,33.88402],[-84.412163,33.884204],[-84.412328,33.88436],[-84.41244,33.884485],[-84.412833,33.884964],[-84.413185,33.885337],[-84.413483,33.885619],[-84.413946,33.886022],[-84.414548,33.88657],[-84.414754,33.886779],[-84.414881,33.8869],[-84.415105,33.887135],[-84.415752,33.887749],[-84.416785,33.888785],[-84.417778,33.889762],[-84.418559,33.890552],[-84.420293,33.892306],[-84.419821,33.892626],[-84.419681,33.892739],[-84.419541,33.892884],[-84.419322,33.893177],[-84.419172,33.893348],[-84.419149,33.893372],[-84.41896,33.893561],[-84.418893,33.893614],[-84.418815,33.893661],[-84.418643,33.893735],[-84.418434,33.893796],[-84.417672,33.893926],[-84.417459,33.893972],[-84.417134,33.894062],[-84.416879,33.894159],[-84.41668,33.894257],[-84.415977,33.894768],[-84.414752,33.895688],[-84.4146,33.895782],[-84.414459,33.895845],[-84.414201,33.895928],[-84.413611,33.89607],[-84.412985,33.896251],[-84.41281,33.896321],[-84.412321,33.896573],[-84.412106,33.896672],[-84.411804,33.896792],[-84.41151,33.896889],[-84.410961,33.897102],[-84.410821,33.897146],[-84.410677,33.897182],[-84.410503,33.897212],[-84.410347,33.897229],[-84.410121,33.897237],[-84.409913,33.897235],[-84.409816,33.897242],[-84.409666,33.897273],[-84.409539,33.897321],[-84.40959,33.89749],[-84.409667,33.897743],[-84.40969,33.897908],[-84.40969,33.898074],[-84.409676,33.898197],[-84.409651,33.898319],[-84.409507,33.898762],[-84.40946,33.898954],[-84.409397,33.899563],[-84.409192,33.901574],[-84.409162,33.901711],[-84.40912,33.901845],[-84.40894,33.90227],[-84.408643,33.902978],[-84.408627,33.903053],[-84.408623,33.90312],[-84.408629,33.903187],[-84.408647,33.903262],[-84.408683,33.903343],[-84.408725,33.903407],[-84.409499,33.90425],[-84.409577,33.904346],[-84.40963,33.904428],[-84.409679,33.904524],[-84.409804,33.904866],[-84.409843,33.904976],[-84.410103,33.90596],[-84.410164,33.906118],[-84.410245,33.906269],[-84.410343,33.906413],[-84.410459,33.906548],[-84.411199,33.907247],[-84.411372,33.907443],[-84.411466,33.90758],[-84.411873,33.908258],[-84.412231,33.908887],[-84.412463,33.90955],[-84.412889,33.910568],[-84.413127,33.911352],[-84.413177,33.911551],[-84.413195,33.911817],[-84.41319,33.911999],[-84.413153,33.912372],[-84.413133,33.912714],[-84.413129,33.913039],[-84.413139,33.913363],[-84.413164,33.913512],[-84.413209,33.913704],[-84.413262,33.91388],[-84.413335,33.914076],[-84.413435,33.914298],[-84.413581,33.914566],[-84.414007,33.915402],[-84.414167,33.915865],[-84.41427,33.915881],[-84.415379,33.915842],[-84.416695,33.915775],[-84.41712,33.915715],[-84.417751,33.915586],[-84.418419,33.915481],[-84.41889,33.915377],[-84.419286,33.915266],[-84.420117,33.91501],[-84.420445,33.914903],[-84.421134,33.914628],[-84.421768,33.914364],[-84.422612,33.913938],[-84.423012,33.913707],[-84.423841,33.913252],[-84.424381,33.912873],[-84.424892,33.912455],[-84.425621,33.911847],[-84.426157,33.911356],[-84.426179,33.911341],[-84.426282,33.911233],[-84.42683,33.910817],[-84.427475,33.910226],[-84.428336,33.909476],[-84.429244,33.908664],[-84.429733,33.908188],[-84.431935,33.906298],[-84.432052,33.906191],[-84.432485,33.90586],[-84.433262,33.905385],[-84.433838,33.905063],[-84.434206,33.904869],[-84.434947,33.904549],[-84.434969,33.904544],[-84.435115,33.904463],[-84.435211,33.90444],[-84.43523,33.904429],[-84.436599,33.903908],[-84.439059,33.902961],[-84.440855,33.902256],[-84.441498,33.902007],[-84.442124,33.901765],[-84.442225,33.901726],[-84.442637,33.90157],[-84.442586,33.901507],[-84.442523,33.901424],[-84.442404,33.901263],[-84.442332,33.901171],[-84.44222,33.901024],[-84.442149,33.900881],[-84.442081,33.900747],[-84.44204,33.900664],[-84.441984,33.900594],[-84.441942,33.90047],[-84.441884,33.900353],[-84.441846,33.900278],[-84.441823,33.900222],[-84.441779,33.900136],[-84.441744,33.900071],[-84.441686,33.899958],[-84.441654,33.899827],[-84.441669,33.899662],[-84.441696,33.899551],[-84.441696,33.899534],[-84.441739,33.899336],[-84.441818,33.899143],[-84.442091,33.898699],[-84.44217,33.89858],[-84.442332,33.898363],[-84.442425,33.898248],[-84.442495,33.898131],[-84.442559,33.897976],[-84.442625,33.89783],[-84.442653,33.897784],[-84.443009,33.897205],[-84.443172,33.896942],[-84.443579,33.896279],[-84.443616,33.896202],[-84.443677,33.896119],[-84.443728,33.896015],[-84.4438,33.895887],[-84.443811,33.895811],[-84.443823,33.895719],[-84.443842,33.895598],[-84.443858,33.895496],[-84.443866,33.895413],[-84.443864,33.895388],[-84.443856,33.895325],[-84.443833,33.895242],[-84.443764,33.895103],[-84.443731,33.895036],[-84.44369,33.894926],[-84.443669,33.894832],[-84.443655,33.894764],[-84.443632,33.8945],[-84.443617,33.894332],[-84.443507,33.89404],[-84.443469,33.893896],[-84.443325,33.893368],[-84.443062,33.892831],[-84.442583,33.892293],[-84.44231,33.892019],[-84.441527,33.891321],[-84.441537,33.891119],[-84.441554,33.890791],[-84.441957,33.890235],[-84.442115,33.889596],[-84.442242,33.889077],[-84.442446,33.888914],[-84.442753,33.888668],[-84.443154,33.888422],[-84.443565,33.88817],[-84.444079,33.887758]]]]}},
{"type":"Feature","properties":{"GEOID":"13121011443"},"geometry":{"type":"MultiPolygon","coordinates":[[[[-84.23737,34.02844],[-84.250241,34.02844],[-84.250324,34.028221],[-84.250516,34.027672],[-84.250803,34.026841],[-84.250992,34.02638],[-84.251105,34.026161],[-84.251222,34.025962],[-84.251381,34.025723],[-84.251567,34.025479],[-84.252683,34.024172],[-84.251599,34.023916],[-84.251241,34.023806],[-84.250945,34.023693],[-84.250672,34.023568],[-84.250412,34.023426],[-84.250345,34.023383],[-84.250259,34.023328],[-84.249484,34.02283],[-84.247523,34.021562],[-84.246639,34.020991],[-84.246292,34.020778],[-84.245935,34.020574],[-84.245594,34.020396],[-84.245503,34.020449],[-84.245431,34.020519],[-84.245244,34.020597],[-84.245151,34.020643],[-84.244793,34.020795],[-84.244712,34.02083],[-84.244619,34.020901],[-84.24452,34.020967],[-84.244327,34.021073],[-84.243793,34.021344],[-84.243576,34.021464],[-84.24336,34.021546],[-84.243257,34.021576],[-84.243131,34.021612],[-84.242891,34.021746],[-84.242341,34.022016],[-84.241974,34.022171],[-84.241518,34.022363],[-84.241458,34.022395],[-84.241187,34.022517],[-84.240936,34.022612],[-84.240691,34.022713],[-84.240434,34.022803],[-84.240317,34.022867],[-84.240248,34.0229],[-84.240162,34.022953],[-84.239871,34.023059],[-84.239649,34.023124],[-84.23941,34.023204],[-84.239325,34.023216],[-84.23924,34.023214],[-84.238811,34.023068],[-84.238595,34.023036],[-84.23848,34.022948],[-84.238366,34.022835],[-84.238172,34.022524],[-84.238053,34.022272],[-84.23794,34.0221],[-84.237913,34.022077],[-84.237545,34.021753],[-84.23737,34.021643],[-84.23737,34.02844]]]]}},
{"type":"Feature","properties":{"GEOID":"13121011445"},"geometry":{"type":"MultiPolygon","coordinates":[[[[-84.357515,34.02844],[-84.379009,34.02844],[-84.378747,34.028061],[-84.378718,34.027992],[-84.378716,34.02792],[-84.378261,34.027852],[-84.377945,34.027795],[-84.377617,34.027722],[-84.377206,34.027616],[-84.376956,34.027537],[-84.376719,34.02745],[-84.375959,34.027122],[-84.373879,34.026196],[-84.372741,34.025658],[-84.372553,34.025587],[-84.372356,34.025534],[-84.372159,34.025499],[-84.371939,34.02548],[-84.370502,34.025463],[-84.369926,34.025456],[-84.369223,34.025438],[-84.369176,34.025437],[-84.368986,34.025433],[-84.36878,34.025403],[-84.368603,34.025355],[-84.368396,34.025267],[-84.36821,34.025151],[-84.367706,34.024698],[-84.367124,34.024166],[-84.36642,34.023522],[-84.366228,34.02336],[-84.365916,34.023136],[-84.36558,34.02294],[-84.36525,34.022786],[-84.365141,34.022752],[-84.365107,34.022741],[-84.364977,34.022716],[-84.364885,34.022707],[-84.364726,34.022705],[-84.364569,34.022723],[-84.363198,34.023],[-84.362666,34.023069],[-84.361551,34.023246],[-84.361418,34.023302],[-84.361276,34.023383],[-84.361152,34.023476],[-84.361056,34.02357],[-84.360974,34.023673],[-84.360915,34.023767],[-84.360773,34.024093],[-84.360646,34.024493],[-84.360511,34.025114],[-84.360456,34.025266],[-84.360382,34.025412],[-84.360249,34.025601],[-84.359959,34.025925],[-84.358845,34.027162],[-84.358222,34.027841],[-84.358053,34.027994],[-84.357515,34.02844]]]]}},
{"type":"Feature","properties":{"GEOID":"13121010125"},"geometry":{"type":"MultiPolygon","coordinates":[[[[-84.351744,33.99152],[-84.351793,33.991164],[-84.351799,33.99101],[-84.351787,33.990538],[-84.351746,33.990075],[-84.351677,33.989615],[-84.35158,33.989166],[-84.351398,33.988619],[-84.351185,33.988024],[-84.35101,33.987568],[-84.350876,33.987102],[-84.350795,33.986697],[-84.350679,33.985874],[-84.35057,33.985058],[-84.350447,33.984134],[-84.350437,33.98406],[-84.350402,33.983797],[-84.350342,33.982754],[-84.350274,33.981856],[-84.350256,33.981429],[-84.349985,33.981458],[-84.349703,33.981535],[-84.349413,33.981584],[-84.348247,33.981703],[-84.347293,33.98179],[-84.345615,33.981922],[-84.345519,33.981931],[-84.343193,33.982142],[-84.343082,33.982153],[-84.342354,33.982225],[-84.34186,33.982251],[-84.341618,33.982714],[-84.341461,33.983041],[-84.341344,33.983253],[-84.340976,33.983979],[-84.340262,33.98546],[-84.340128,33.985729],[-84.340039,33.985942],[-84.339652,33.986869],[-84.339453,33.987361],[-84.338978,33.98869],[-84.33864,33.989867],[-84.338371,33.990951],[-84.338216,33.991706],[-84.339171,33.991557],[-84.339605,33.991422],[-84.339816,33.991361],[-84.339943,33.991312],[-84.340088,33.991257],[-84.340356,33.991117],[-84.340575,33.990968],[-84.342187,33.989713],[-84.342486,33.989922],[-84.3428,33.990128],[-84.34308,33.990281],[-84.343482,33.99047],[-84.343728,33.990596],[-84.343982,33.990742],[-84.344243,33.99091],[-84.344537,33.991126],[-84.345484,33.991917],[-84.345977,33.992328],[-84.345995,33.992342],[-84.346113,33.992422],[-84.346436,33.992639],[-84.347395,33.993447],[-84.34718,33.99391],[-84.347121,33.994037],[-84.347024,33.9942],[-84.346887,33.994365],[-84.346425,33.994824],[-84.346166,33.994691],[-84.346107,33.99467],[-84.345997,33.994663],[-84.345893,33.994693],[-84.34584,33.994729],[-84.345797,33.994779],[-84.345588,33.995235],[-84.345526,33.995284],[-84.34548,33.99526],[-84.345427,33.995255],[-84.345135,33.995322],[-84.344703,33.995491],[-84.34468,33.995868],[-84.344533,33.996828],[-84.344469,33.997247],[-84.344428,33.997513],[-84.344131,33.998288],[-84.344388,33.998365],[-84.344651,33.998459],[-84.344907,33.998567],[-84.345154,33.998687],[-84.345525,33.998904],[-84.345792,33.999094],[-84.346029,33.999288],[-84.346127,33.999388],[-84.346224,33.999486],[-84.346392,33.999699],[-84.346516,33.999897],[-84.346839,34.000508],[-84.346882,34.00057],[-84.346931,34.000638],[-84.347023,34.000731],[-84.34713,34.000813],[-84.34753,34.001041],[-84.347922,34.00126],[-84.348098,34.001345],[-84.348338,34.001432],[-84.34859,34.001493],[-84.348869,34.001549],[-84.350428,34.001585],[-84.350459,34.00059],[-84.350535,33.999197],[-84.350654,33.998172],[-84.350791,33.997152],[-84.351311,33.994005],[-84.351489,33.992973],[-84.351502,33.992899],[-84.351523,33.992723],[-84.351542,33.992559],[-84.35156,33.992406],[-84.351744,33.99152]]]]}},
{"type":"Feature","properties":{"GEOID":"13121011440"},"geometry":{"type":"MultiPolygon","coordinates":[[[[-84.31468,33.985746],[-84.31468,33.985567],[-84.314682,33.985463],[-84.314635,33.985462],[-84.313879,33.985427],[-84.313124,33.985376],[-84.312586,33.985329],[-84.312372,33.985302],[-84.312055,33.985246],[-84.311846,33.985199],[-84.31164,33.985144],[-84.311336,33.985049],[-84.311041,33.984937],[-84.310755,33.984809],[-84.310386,33.98462],[-84.310119,33.984467],[-84.309775,33.984248],[-84.309509,33.98406],[-84.309258,33.983949],[-84.309082,33.983914],[-84.308991,33.983896],[-84.30893,33.98388],[-84.307329,33.983567],[-84.306932,33.983601],[-84.306612,33.983646],[-84.306295,33.983706],[-84.305983,33.98378],[-84.305574,33.983897],[-84.305161,33.984007],[-84.304641,33.984129],[-84.304115,33.984235],[-84.303903,33.98427],[-84.303798,33.984293],[-84.303697,33.984323],[-84.303598,33.984361],[-84.303504,33.984405],[-84.303415,33.984456],[-84.303331,33.984512],[-84.303233,33.984592],[-84.303171,33.984666],[-84.303115,33.984743],[-84.303064,33.984823],[-84.30302,33.984905],[-84.302982,33.98499],[-84.30295,33.985076],[-84.302925,33.985163],[-84.302907,33.985252],[-84.302895,33.985342],[-84.30289,33.985432],[-84.302891,33.985522],[-84.302911,33.98561],[-84.302914,33.9857],[-84.302902,33.98579],[-84.302873,33.985876],[-84.302828,33.985959],[-84.302769,33.986034],[-84.302696,33.986103],[-84.302472,33.986677],[-84.302419,33.986755],[-84.302303,33.986907],[-84.302176,33.987053],[-84.302038,33.987192],[-84.30189,33.987323],[-84.301732,33.987447],[-84.301565,33.987561],[-84.301389,33.987666],[-84.301206,33.987762],[-84.301016,33.987848],[-84.300819,33.987923],[-84.300723,33.987965],[-84.300631,33.988011],[-84.300542,33.988063],[-84.300458,33.988119],[-84.300378,33.98818],[-84.300234,33.988315],[-84.300176,33.988391],[-84.300111,33.988462],[-84.300038,33.98853],[-84.29996,33.988592],[-84.299876,33.988649],[-84.299787,33.9887],[-84.299694,33.988745],[-84.299596,33.988784],[-84.299495,33.988816],[-84.299391,33.988842],[-84.299285,33.98886],[-84.299146,33.988873],[-84.298811,33.988831],[-84.298595,33.988831],[-84.298271,33.98882],[-84.297947,33.988796],[-84.297733,33.988771],[-84.297558,33.988754],[-84.297411,33.98874],[-84.296979,33.988715],[-84.296605,33.988678],[-84.296549,33.988673],[-84.296445,33.98865],[-84.296345,33.988617],[-84.296075,33.988466],[-84.295815,33.988304],[-84.295734,33.988244],[-84.295659,33.98818],[-84.295589,33.988111],[-84.295526,33.988038],[-84.295469,33.987961],[-84.295418,33.987882],[-84.295375,33.987799],[-84.295338,33.987714],[-84.295309,33.987628],[-84.295288,33.987539],[-84.295231,33.987366],[-84.295154,33.987197],[-84.295108,33.987115],[-84.295055,33.987037],[-84.294961,33.986875],[-84.294887,33.986705],[-84.294858,33.986619],[-84.29479,33.986354],[-84.294725,33.986183],[-84.294639,33.986017],[-84.294587,33.985938],[-84.294521,33.985867],[-84.294467,33.985789],[-84.294425,33.985706],[-84.294395,33.985619],[-84.294382,33.98553],[-84.294388,33.98544],[-84.294411,33.985352],[-84.294451,33.985269],[-84.294506,33.985191],[-84.294655,33.98506],[-84.294735,33.984999],[-84.294815,33.984939],[-84.294985,33.984828],[-84.295163,33.984725],[-84.295624,33.98449],[-84.295723,33.984453],[-84.295826,33.984426],[-84.295932,33.984409],[-84.29604,33.984408],[-84.296256,33.984394],[-84.296363,33.984381],[-84.296649,33.984336],[-84.296943,33.984329],[-84.297484,33.984327],[-84.298608,33.984351],[-84.298892,33.984315],[-84.299175,33.983977],[-84.299283,33.983821],[-84.29933,33.98374],[-84.299412,33.983573],[-84.299476,33.983401],[-84.299501,33.983313],[-84.299538,33.983136],[-84.299557,33.982956],[-84.299556,33.982776],[-84.299538,33.982596],[-84.299406,33.981975],[-84.299295,33.981534],[-84.299209,33.981274],[-84.299098,33.98102],[-84.29901,33.980855],[-84.298913,33.980694],[-84.298805,33.980537],[-84.2984,33.980016],[-84.298217,33.979781],[-84.297994,33.979468],[-84.297853,33.979268],[-84.297735,33.979118],[-84.297694,33.979071],[-84.297543,33.978899],[-84.297336,33.978691],[-84.297039,33.978429],[-84.296653,33.978114],[-84.29649,33.977995],[-84.296318,33.977886],[-84.296012,33.977713],[-84.295871,33.977633],[-84.295614,33.977467],[-84.295351,33.977309],[-84.295166,33.977215],[-84.294787,33.977042],[-84.294605,33.976944],[-84.294431,33.976837],[-84.294253,33.976735],[-84.29416,33.976689],[-84.293969,33.976604],[-84.293477,33.976418],[-84.29339,33.976382],[-84.293367,33.976437],[-84.293304,33.976589],[-84.293344,33.976882],[-84.29335,33.976925],[-84.293324,33.977052],[-84.293312,33.977595],[-84.293267,33.977797],[-84.293192,33.978076],[-84.293102,33.978291],[-84.293058,33.978461],[-84.292916,33.978752],[-84.292766,33.978938],[-84.292499,33.979176],[-84.292295,33.979335],[-84.29223,33.979449],[-84.292205,33.979559],[-84.292163,33.979664],[-84.292048,33.979772],[-84.291918,33.979862],[-84.291805,33.979965],[-84.291678,33.98011],[-84.291263,33.980469],[-84.29113,33.980485],[-84.290936,33.980488],[-84.290823,33.98055],[-84.290721,33.980626],[-84.290614,33.980697],[-84.290446,33.980933],[-84.290381,33.98107],[-84.290306,33.98116],[-84.290214,33.981283],[-84.290012,33.981532],[-84.289639,33.981777],[-84.28956,33.981847],[-84.289511,33.981979],[-84.289507,33.982117],[-84.289442,33.982231],[-84.289367,33.982335],[-84.28927,33.982421],[-84.289262,33.982527],[-84.28924,33.982688],[-84.289286,33.982799],[-84.289303,33.982963],[-84.289186,33.983192],[-84.289144,33.983273],[-84.28879,33.98344],[-84.28866,33.983477],[-84.288466,33.983534],[-84.288419,33.98363],[-84.288404,33.983698],[-84.288388,33.983726],[-84.288356,33.984044],[-84.288351,33.984186],[-84.288349,33.984205],[-84.288332,33.984267],[-84.288271,33.984445],[-84.288219,33.984688],[-84.2882,33.984955],[-84.288108,33.985243],[-84.288061,33.985477],[-84.287999,33.985695],[-84.287989,33.985771],[-84.289247,33.985988],[-84.289736,33.986071],[-84.289858,33.986092],[-84.29006,33.986152],[-84.290279,33.986254],[-84.290458,33.986377],[-84.290553,33.986463],[-84.290636,33.986556],[-84.290707,33.986656],[-84.290774,33.98678],[-84.290817,33.986891],[-84.290846,33.987005],[-84.290861,33.987121],[-84.29086,33.987249],[-84.29085,33.987517],[-84.290855,33.987664],[-84.290889,33.987861],[-84.290958,33.988067],[-84.291061,33.988262],[-84.291178,33.988425],[-84.291272,33.988529],[-84.291371,33.988666],[-84.291555,33.988972],[-84.291757,33.989404],[-84.291893,33.989686],[-84.291998,33.989841],[-84.292121,33.989981],[-84.29263,33.990429],[-84.292766,33.990562],[-84.292875,33.990698],[-84.292973,33.990866],[-84.293039,33.991031],[-84.293086,33.991251],[-84.293124,33.991784],[-84.293142,33.991904],[-84.293205,33.992099],[-84.293296,33.992264],[-84.29351,33.992541],[-84.293854,33.992992],[-84.293921,33.993117],[-84.293963,33.993229],[-84.293995,33.993363],[-84.294008,33.993499],[-84.29398,33.994067],[-84.294001,33.994495],[-84.294048,33.995109],[-84.294028,33.995331],[-84.29397,33.995543],[-84.293587,33.99637],[-84.29354,33.996528],[-84.293514,33.99669],[-84.293513,33.996736],[-84.2935,33.997397],[-84.293485,33.99753],[-84.293455,33.997641],[-84.29341,33.997751],[-84.293353,33.997853],[-84.293277,33.997957],[-84.293162,33.998074],[-84.293022,33.998179],[-84.292861,33.998266],[-84.292706,33.998326],[-84.292543,33.998367],[-84.292374,33.99839],[-84.291901,33.998392],[-84.291242,33.998389],[-84.290933,33.998388],[-84.290431,33.998385],[-84.290271,33.998385],[-84.290117,33.998399],[-84.289951,33.998438],[-84.289766,33.998516],[-84.289634,33.998606],[-84.289592,33.998635],[-84.289456,33.998781],[-84.289358,33.998954],[-84.289347,33.99899],[-84.289138,33.999701],[-84.289083,33.999979],[-84.289079,34.000016],[-84.289089,34.000051],[-84.289094,34.000088],[-84.289113,34.000189],[-84.289133,34.000265],[-84.289377,34.000852],[-84.289413,34.001012],[-84.289425,34.001175],[-84.289407,34.001384],[-84.28935,34.001588],[-84.289256,34.001782],[-84.289101,34.002007],[-84.289737,34.002302],[-84.290547,34.002684],[-84.290882,34.002824],[-84.291225,34.002951],[-84.291676,34.003092],[-84.292146,34.00321],[-84.292738,34.003322],[-84.293362,34.003398],[-84.295186,34.003595],[-84.295553,34.003674],[-84.295757,34.003735],[-84.295955,34.003808],[-84.296194,34.003915],[-84.296421,34.004039],[-84.296634,34.004178],[-84.296831,34.004332],[-84.297013,34.0045],[-84.297176,34.00468],[-84.29732,34.004871],[-84.297429,34.005045],[-84.297603,34.004959],[-84.29775,34.00485],[-84.298474,34.004067],[-84.298611,34.003936],[-84.298758,34.003814],[-84.299047,34.003616],[-84.299766,34.003205],[-84.300019,34.003022],[-84.300186,34.002864],[-84.300326,34.002699],[-84.300879,34.001876],[-84.300931,34.001798],[-84.301271,34.001253],[-84.301804,34.000399],[-84.302635,33.999121],[-84.302814,33.9989],[-84.302963,33.998736],[-84.303091,33.998623],[-84.303235,33.998505],[-84.303394,33.998375],[-84.303987,33.998051],[-84.30417,33.997921],[-84.304402,33.997718],[-84.304603,33.997493],[-84.304703,33.997355],[-84.30481,33.997176],[-84.304974,33.99682],[-84.304995,33.996797],[-84.305269,33.996271],[-84.305562,33.995683],[-84.305629,33.995553],[-84.306171,33.99447],[-84.306232,33.994353],[-84.306546,33.993757],[-84.306649,33.993611],[-84.306791,33.993453],[-84.30693,33.993329],[-84.307111,33.993202],[-84.307338,33.99308],[-84.307754,33.992908],[-84.308392,33.992704],[-84.308508,33.992653],[-84.309483,33.992481],[-84.311118,33.992205],[-84.3115,33.992078],[-84.311709,33.991989],[-84.311697,33.991973],[-84.311893,33.99183],[-84.312052,33.991683],[-84.312185,33.991526],[-84.312521,33.991002],[-84.312746,33.990695],[-84.313003,33.990409],[-84.31317,33.99025],[-84.314236,33.989304],[-84.31432,33.98922],[-84.314409,33.989111],[-84.314472,33.989015],[-84.314534,33.988894],[-84.314574,33.98879],[-84.314607,33.988662],[-84.314628,33.988419],[-84.314614,33.988106],[-84.314596,33.987836],[-84.3146,33.987559],[-84.314579,33.986586],[-84.3146,33.986345],[-84.314627,33.986236],[-84.314669,33.986127],[-84.31468,33.986005],[-84.31468,33.985746]]]]}},
{"type":"Feature","properties":{"GEOID":"13121010135"},"geometry":{"type":"MultiPolygon","coordinates":[[[[-84.353656,33.975086],[-84.353815,33.975034],[-84.353929,33.974988],[-84.353806,33.974798],[-84.353786,33.974781],[-84.353312,33.974508],[-84.35304,33.974319],[-84.352796,33.974106],[-84.352693,33.973997],[-84.352604,33.973902],[-84.352252,33.973527],[-84.351957,33.973227],[-84.35132,33.972581],[-84.351128,33.972376],[-84.350968,33.972211],[-84.350641,33.971887],[-84.35013,33.971458],[-84.349712,33.971174],[-84.349614,33.971112],[-84.349419,33.97099],[-84.349287,33.97091],[-84.34886,33.970665],[-84.348379,33.970419],[-84.34792,33.97019],[-84.347706,33.970079],[-84.34589,33.969141],[-84.344505,33.968426],[-84.343413,33.969067],[-84.342772,33.969463],[-84.342529,33.969613],[-84.342339,33.969759],[-84.341823,33.970198],[-84.341498,33.970507],[-84.341358,33.970601],[-84.341184,33.970671],[-84.339536,33.971043],[-84.339839,33.971388],[-84.339981,33.971577],[-84.34044,33.972373],[-84.340511,33.972477],[-84.340607,33.972674],[-84.340682,33.972934],[-84.34076,33.973211],[-84.340785,33.973395],[-84.340916,33.9739],[-84.341139,33.974685],[-84.341162,33.974847],[-84.341254,33.975193],[-84.341299,33.975307],[-84.341364,33.975748],[-84.341384,33.976115],[-84.341376,33.976437],[-84.341288,33.977151],[-84.341008,33.978842],[-84.340906,33.979806],[-84.340898,33.979965],[-84.340907,33.980118],[-84.34093,33.980263],[-84.341081,33.980805],[-84.341108,33.980971],[-84.341111,33.981098],[-84.341094,33.981244],[-84.341063,33.981368],[-84.341017,33.98148],[-84.340829,33.981743],[-84.340459,33.982204],[-84.340618,33.982225],[-84.340897,33.982261],[-84.341109,33.982268],[-84.341167,33.982276],[-84.341605,33.982262],[-84.34186,33.982251],[-84.342354,33.982225],[-84.343082,33.982153],[-84.343193,33.982142],[-84.345519,33.981931],[-84.345615,33.981922],[-84.347293,33.98179],[-84.348247,33.981703],[-84.349413,33.981584],[-84.349703,33.981535],[-84.349985,33.981458],[-84.350256,33.981429],[-84.350264,33.981041],[-84.350288,33.980719],[-84.35037,33.980274],[-84.350493,33.979846],[-84.35065,33.979436],[-84.350766,33.979168],[-84.351068,33.978473],[-84.351124,33.978344],[-84.351241,33.978134],[-84.351531,33.977466],[-84.35162,33.977218],[-84.351791,33.976829],[-84.351951,33.976474],[-84.352065,33.976264],[-84.352222,33.976034],[-84.352403,33.97582],[-84.352478,33.975746],[-84.352635,33.975608],[-84.35281,33.975485],[-84.35295,33.975405],[-84.353314,33.975221],[-84.353656,33.975086]]]]}},
{"type":"Feature","properties":{"GEOID":"13121010213"},"geometry":{"type":"MultiPolygon","coordinates":[[[[-84.382339,33.967127],[-84.3838,33.966703],[-84.383794,33.966636],[-84.383745,33.966368],[-84.38375,33.966315],[-84.38375,33.966285],[-84.383742,33.966261],[-84.383733,33.966244],[-84.383721,33.966229],[-84.383704,33.966199],[-84.383687,33.966188],[-84.383559,33.966127],[-84.383414,33.966071],[-84.383378,33.966061],[-84.383349,33.966065],[-84.383315,33.966065],[-84.383289,33.966049],[-84.383269,33.966002],[-84.383227,33.965971],[-84.383079,33.965932],[-84.382971,33.965907],[-84.382907,33.965888],[-84.382889,33.965867],[-84.382877,33.965839],[-84.382877,33.96581],[-84.382865,33.965793],[-84.382837,33.965779],[-84.382808,33.965757],[-84.382782,33.965737],[-84.382781,33.965661],[-84.382779,33.965479],[-84.382778,33.965369],[-84.382777,33.965273],[-84.382785,33.965163],[-84.382804,33.965052],[-84.382803,33.964956],[-84.382802,33.964845],[-84.3828,33.964674],[-84.382822,33.964595],[-84.38285,33.964497],[-84.382855,33.964415],[-84.38288,33.964316],[-84.382906,33.964217],[-84.382935,33.964119],[-84.382975,33.964043],[-84.383002,33.963945],[-84.383024,33.963866],[-84.383035,33.963826],[-84.383066,33.963772],[-84.383096,33.963673],[-84.383158,33.963564],[-84.3832,33.963491],[-84.383242,33.963418],[-84.383245,33.963404],[-84.383253,33.963394],[-84.383389,33.963253],[-84.383028,33.963225],[-84.382966,33.96322],[-84.382729,33.963291],[-84.382412,33.963344],[-84.382106,33.963291],[-84.381856,33.963227],[-84.381542,33.96317],[-84.38136,33.963143],[-84.381217,33.963097],[-84.380606,33.962929],[-84.379327,33.962874],[-84.37916,33.962877],[-84.378634,33.962856],[-84.377258,33.962965],[-84.376398,33.962992],[-84.375979,33.963013],[-84.375197,33.963052],[-84.374682,33.963153],[-84.37431,33.963184],[-84.373719,33.963172],[-84.373242,33.963102],[-84.373216,33.96311],[-84.371882,33.963125],[-84.371729,33.963128],[-84.371059,33.963141],[-84.370586,33.963018],[-84.370288,33.962855],[-84.37012,33.962527],[-84.369853,33.96232],[-84.36929,33.96232],[-84.369073,33.96221],[-84.368693,33.962058],[-84.368731,33.961827],[-84.36867,33.961638],[-84.368487,33.961554],[-84.368205,33.961553],[-84.367976,33.961448],[-84.367763,33.961114],[-84.367396,33.960786],[-84.366969,33.960622],[-84.366656,33.960624],[-84.366412,33.96076],[-84.365901,33.961283],[-84.365733,33.96135],[-84.365718,33.961352],[-84.36573,33.961579],[-84.365755,33.961878],[-84.36542,33.962761],[-84.365333,33.962992],[-84.365174,33.963229],[-84.364906,33.963554],[-84.364289,33.964397],[-84.363846,33.96496],[-84.362845,33.966317],[-84.361935,33.967582],[-84.361777,33.967802],[-84.361297,33.968435],[-84.361073,33.96873],[-84.362357,33.968719],[-84.364341,33.968697],[-84.364933,33.968699],[-84.366253,33.968702],[-84.366591,33.968727],[-84.366925,33.968774],[-84.367358,33.968868],[-84.367621,33.968939],[-84.368017,33.969047],[-84.369793,33.969528],[-84.370383,33.96971],[-84.371226,33.970024],[-84.372425,33.970468],[-84.37262,33.970505],[-84.372807,33.97047],[-84.373137,33.970322],[-84.37605,33.968494],[-84.37619,33.968406],[-84.376604,33.968146],[-84.376983,33.967921],[-84.377216,33.967926],[-84.377488,33.968165],[-84.37771,33.968519],[-84.377844,33.968677],[-84.379807,33.96996],[-84.379992,33.970003],[-84.380134,33.969928],[-84.380528,33.969238],[-84.381474,33.967405],[-84.382339,33.967127]]]]}},
{"type":"Feature","properties":{"GEOID":"13121010127"},"geometry":{"type":"MultiPolygon","coordinates":[[[[-84.377897,33.937602],[-84.37826,33.937102],[-84.378331,33.936992],[-84.378192,33.936971],[-84.378026,33.93696],[-84.377507,33.936956],[-84.37492,33.936983],[-84.373719,33.936999],[-84.373104,33.937007],[-84.372637,33.93704],[-84.372071,33.937148],[-84.371845,33.937165],[-84.371352,33.937238],[-84.370685,33.937316],[-84.370291,33.937327],[-84.369957,33.937305],[-84.369611,33.937264],[-84.369267,33.937199],[-84.368908,33.937089],[-84.367759,33.936736],[-84.366731,33.936427],[-84.366656,33.936411],[-84.366178,33.936203],[-84.36558,33.936036],[-84.365264,33.935931],[-84.365046,33.93584],[-84.364962,33.935805],[-84.364901,33.935781],[-84.364543,33.935598],[-84.364281,33.935439],[-84.364021,33.935256],[-84.363126,33.934521],[-84.362679,33.934181],[-84.362481,33.934055],[-84.362274,33.933941],[-84.362003,33.933811],[-84.361751,33.933704],[-84.361494,33.933609],[-84.361248,33.933531],[-84.360775,33.933415],[-84.360379,33.933352],[-84.35992,33.933316],[-84.358961,33.933326],[-84.358399,33.933332],[-84.357969,33.933339],[-84.357932,33.933333],[-84.35794,33.933553],[-84.357943,33.933924],[-84.357932,33.934209],[-84.357908,33.934835],[-84.357953,33.936699],[-84.357921,33.937029],[-84.357918,33.938307],[-84.357962,33.939982],[-84.358023,33.941457],[-84.358063,33.942407],[-84.358066,33.94246],[-84.358108,33.943326],[-84.358141,33.944321],[-84.358161,33.94494],[-84.358083,33.946036],[-84.358071,33.946765],[-84.358068,33.946978],[-84.358024,33.948428],[-84.358011,33.948696],[-84.357907,33.950884],[-84.357906,33.950905],[-84.357905,33.950931],[-84.357905,33.950941],[-84.357903,33.950979],[-84.357896,33.951129],[-84.357895,33.951163],[-84.357884,33.951527],[-84.357833,33.951979],[-84.357749,33.952564],[-84.357675,33.953034],[-84.35755,33.953521],[-84.357474,33.953843],[-84.357218,33.954756],[-84.356891,33.955605],[-84.356819,33.955766],[-84.356591,33.956278],[-84.356363,33.956778],[-84.356811,33.956613],[-84.357097,33.956508],[-84.357688,33.956291],[-84.357798,33.95626],[-84.357936,33.956232],[-84.358071,33.956217],[-84.358838,33.956181],[-84.359206,33.956167],[-84.359506,33.956136],[-84.359804,33.956081],[-84.360078,33.956002],[-84.3603,33.955917],[-84.360504,33.955818],[-84.361253,33.955371],[-84.361508,33.95524],[-84.361531,33.955231],[-84.361662,33.955177],[-84.361801,33.95513],[-84.361861,33.955111],[-84.362025,33.955068],[-84.362234,33.955029],[-84.362404,33.955008],[-84.36246,33.955004],[-84.362618,33.954995],[-84.362832,33.954998],[-84.363045,33.955017],[-84.363891,33.955149],[-84.3646,33.955324],[-84.364684,33.955119],[-84.364806,33.954894],[-84.364929,33.954715],[-84.365101,33.954514],[-84.365262,33.954358],[-84.365853,33.953854],[-84.366083,33.953682],[-84.366299,33.953498],[-84.366535,33.953267],[-84.366751,33.953024],[-84.36687,33.952871],[-84.367162,33.952409],[-84.367438,33.951973],[-84.36749,33.951886],[-84.367573,33.95175],[-84.367762,33.95144],[-84.368208,33.950914],[-84.368466,33.950668],[-84.368744,33.950438],[-84.36904,33.950225],[-84.369238,33.950107],[-84.369416,33.949988],[-84.369618,33.949828],[-84.369746,33.949727],[-84.370028,33.949464],[-84.370298,33.949147],[-84.370427,33.948957],[-84.370472,33.948871],[-84.370528,33.948765],[-84.370626,33.948512],[-84.370673,33.948362],[-84.370715,33.948137],[-84.370739,33.947921],[-84.370803,33.947482],[-84.370898,33.946831],[-84.370951,33.946615],[-84.371009,33.946429],[-84.371072,33.946228],[-84.370802,33.946251],[-84.370278,33.946342],[-84.370063,33.946403],[-84.369739,33.946561],[-84.369653,33.946619],[-84.369439,33.946786],[-84.369154,33.94705],[-84.368475,33.947665],[-84.368131,33.947941],[-84.367878,33.947744],[-84.367814,33.94771],[-84.367728,33.947682],[-84.367645,33.947669],[-84.367241,33.947651],[-84.366829,33.947618],[-84.366451,33.947573],[-84.366075,33.947514],[-84.365858,33.947474],[-84.365506,33.94739],[-84.364807,33.947179],[-84.364198,33.947218],[-84.361633,33.947342],[-84.360869,33.947381],[-84.360774,33.947374],[-84.360682,33.947352],[-84.360605,33.947319],[-84.360535,33.947277],[-84.360365,33.947126],[-84.360609,33.946956],[-84.360682,33.94689],[-84.360746,33.946818],[-84.360873,33.946625],[-84.360934,33.946551],[-84.361003,33.946482],[-84.36108,33.946418],[-84.361314,33.94627],[-84.361385,33.946202],[-84.361436,33.946123],[-84.361466,33.946037],[-84.361473,33.94594],[-84.361484,33.945594],[-84.361479,33.9452],[-84.361475,33.944892],[-84.361491,33.944711],[-84.361527,33.944626],[-84.361571,33.944544],[-84.361853,33.944152],[-84.361982,33.943901],[-84.362039,33.943723],[-84.362095,33.943548],[-84.362107,33.943459],[-84.362144,33.943375],[-84.362204,33.9433],[-84.362285,33.94324],[-84.362832,33.942998],[-84.363297,33.942729],[-84.36364,33.942457],[-84.364119,33.942061],[-84.364721,33.941605],[-84.365417,33.941087],[-84.36574,33.940807],[-84.365811,33.940739],[-84.365887,33.940675],[-84.365968,33.940615],[-84.366054,33.940561],[-84.366144,33.940511],[-84.366238,33.940466],[-84.366336,33.940427],[-84.366436,33.940394],[-84.366604,33.940353],[-84.366644,33.940343],[-84.36696,33.940283],[-84.367106,33.940261],[-84.367665,33.940214],[-84.368367,33.94014],[-84.368632,33.940104],[-84.369008,33.940099],[-84.369116,33.940094],[-84.369221,33.940075],[-84.369323,33.940044],[-84.369418,33.940001],[-84.369495,33.939938],[-84.369583,33.939886],[-84.369679,33.939844],[-84.36978,33.939814],[-84.36999,33.939824],[-84.370097,33.939811],[-84.370153,33.939801],[-84.370251,33.939782],[-84.370307,33.93977],[-84.37041,33.939741],[-84.37051,33.939707],[-84.370606,33.939666],[-84.370706,33.939632],[-84.37081,33.939607],[-84.371344,33.939538],[-84.37145,33.93952],[-84.371555,33.939497],[-84.371653,33.93946],[-84.371759,33.939444],[-84.371867,33.939449],[-84.37197,33.939476],[-84.372181,33.939515],[-84.372289,33.939516],[-84.372395,33.939499],[-84.372503,33.93949],[-84.372611,33.939491],[-84.372718,33.939502],[-84.372991,33.939546],[-84.373175,33.939724],[-84.373754,33.940133],[-84.374547,33.940707],[-84.374736,33.940847],[-84.374969,33.940612],[-84.375183,33.940396],[-84.375603,33.93997],[-84.376328,33.93924],[-84.376779,33.938785],[-84.377391,33.938168],[-84.37753,33.938028],[-84.377731,33.937805],[-84.377897,33.937602]]]]}},
{"type":"Feature","properties":{"GEOID":"13121010133"},"geometry":{"type":"MultiPolygon","coordinates":[[[[-84.379104,33.924135],[-84.379174,33.922927],[-84.379177,33.922527],[-84.379161,33.922142],[-84.379007,33.920413],[-84.378989,33.920088],[-84.37899,33.919685],[-84.379025,33.91911],[-84.37658,33.919102],[-84.376109,33.919099],[-84.375425,33.919095],[-84.373929,33.919086],[-84.371668,33.919076],[-84.367852,33.919051],[-84.367471,33.919049],[-84.365632,33.919025],[-84.364657,33.919007],[-84.364085,33.918997],[-84.363937,33.919002],[-84.362591,33.918988],[-84.361341,33.91899],[-84.359919,33.918968],[-84.35796,33.918925],[-84.3579,33.918928],[-84.357913,33.918524],[-84.357926,33.917619],[-84.357928,33.917087],[-84.357923,33.916866],[-84.357916,33.916538],[-84.357879,33.915701],[-84.357746,33.914412],[-84.357732,33.914272],[-84.357574,33.91215],[-84.357521,33.911563],[-84.357503,33.911344],[-84.356724,33.911728],[-84.355876,33.912129],[-84.353726,33.913064],[-84.352818,33.913406],[-84.352074,33.913674],[-84.349243,33.9146],[-84.348496,33.914828],[-84.347933,33.914999],[-84.347891,33.91501],[-84.347893,33.915164],[-84.347896,33.915388],[-84.347886,33.916068],[-84.347868,33.916622],[-84.347833,33.917703],[-84.347801,33.918707],[-84.347825,33.918902],[-84.347831,33.919406],[-84.347835,33.9197],[-84.347827,33.920073],[-84.34781,33.920845],[-84.347803,33.921981],[-84.347797,33.923097],[-84.347794,33.923599],[-84.347781,33.92522],[-84.347761,33.92863],[-84.347759,33.928801],[-84.34776,33.928876],[-84.347756,33.929636],[-84.347755,33.92966],[-84.347754,33.929822],[-84.347753,33.929836],[-84.347754,33.929972],[-84.347747,33.930993],[-84.347749,33.931135],[-84.347749,33.931589],[-84.347725,33.932069],[-84.34772,33.932415],[-84.347727,33.932738],[-84.347721,33.933735],[-84.347716,33.934126],[-84.347717,33.934896],[-84.347717,33.934972],[-84.347718,33.935339],[-84.347718,33.935363],[-84.347718,33.935504],[-84.34771,33.938006],[-84.347699,33.938148],[-84.347772,33.938077],[-84.347823,33.938017],[-84.347858,33.937976],[-84.348409,33.937221],[-84.349042,33.936346],[-84.349152,33.936194],[-84.349555,33.935637],[-84.349992,33.935078],[-84.350017,33.93494],[-84.351222,33.933474],[-84.351571,33.933074],[-84.352093,33.932599],[-84.352348,33.932391],[-84.35261,33.932215],[-84.353284,33.931809],[-84.354243,33.931334],[-84.356177,33.930456],[-84.357055,33.930103],[-84.35765,33.929888],[-84.357718,33.929873],[-84.357887,33.92981],[-84.357958,33.929793],[-84.358314,33.929674],[-84.359859,33.929206],[-84.360339,33.92906],[-84.361079,33.928835],[-84.361797,33.928616],[-84.363757,33.928064],[-84.364034,33.927979],[-84.364256,33.927911],[-84.364675,33.92777],[-84.365064,33.927626],[-84.366038,33.927216],[-84.366748,33.926909],[-84.366951,33.926798],[-84.367428,33.926571],[-84.367935,33.92631],[-84.368355,33.92611],[-84.368626,33.92599],[-84.37061,33.925219],[-84.372291,33.924628],[-84.372544,33.924553],[-84.372667,33.924524],[-84.372803,33.924494],[-84.373105,33.924448],[-84.37341,33.924423],[-84.374876,33.924398],[-84.37536,33.92439],[-84.37562,33.924395],[-84.375888,33.924412],[-84.376012,33.924424],[-84.376462,33.924469],[-84.376859,33.924474],[-84.377072,33.924531],[-84.377312,33.924563],[-84.37792,33.924636],[-84.378168,33.924688],[-84.378399,33.924752],[-84.378534,33.924801],[-84.378662,33.924861],[-84.379073,33.925137],[-84.379076,33.92466],[-84.379104,33.924135]]]]}},
{"type":"Feature","properties":{"GEOID":"13121010130"},"geometry":{"type":"MultiPolygon","coordinates":[[[[-84.358083,33.946036],[-84.358161,33.94494],[-84.358141,33.944321],[-84.358108,33.943326],[-84.358066,33.94246],[-84.358063,33.942407],[-84.358023,33.941457],[-84.357962,33.939982],[-84.357918,33.938307],[-84.357921,33.937029],[-84.357953,33.936699],[-84.357908,33.934835],[-84.357932,33.934209],[-84.357943,33.933924],[-84.35794,33.933553],[-84.357932,33.933333],[-84.357917,33.931206],[-84.3579,33.930114],[-84.357887,33.92981],[-84.357718,33.929873],[-84.35765,33.929888],[-84.357055,33.930103],[-84.356177,33.930456],[-84.354243,33.931334],[-84.353284,33.931809],[-84.35261,33.932215],[-84.352348,33.932391],[-84.352093,33.932599],[-84.351571,33.933074],[-84.351222,33.933474],[-84.350017,33.93494],[-84.349992,33.935078],[-84.349555,33.935637],[-84.349152,33.936194],[-84.349042,33.936346],[-84.348409,33.937221],[-84.347858,33.937976],[-84.347823,33.938017],[-84.347772,33.938077],[-84.347699,33.938148],[-84.34769,33.938287],[-84.347686,33.938426],[-84.34765,33.939624],[-84.347645,33.94025],[-84.347639,33.940355],[-84.347642,33.941542],[-84.347629,33.943337],[-84.347631,33.944102],[-84.347627,33.944734],[-84.347625,33.947602],[-84.347623,33.948258],[-84.347574,33.94975],[-84.347565,33.950056],[-84.347588,33.950056],[-84.347825,33.950058],[-84.347954,33.950059],[-84.348652,33.950125],[-84.349319,33.950207],[-84.349524,33.950225],[-84.349946,33.950262],[-84.350776,33.950344],[-84.351683,33.950541],[-84.351997,33.950548],[-84.352602,33.950548],[-84.35271,33.950558],[-84.352815,33.950577],[-84.352917,33.950607],[-84.353014,33.950646],[-84.353105,33.950695],[-84.353269,33.950813],[-84.353345,33.950877],[-84.353412,33.95094],[-84.353488,33.951012],[-84.353549,33.951087],[-84.353602,33.951165],[-84.353644,33.951248],[-84.353714,33.951419],[-84.353747,33.951579],[-84.353781,33.951673],[-84.353881,33.951708],[-84.35399,33.951731],[-84.354092,33.951742],[-84.3542,33.951738],[-84.354415,33.951714],[-84.354624,33.95167],[-84.354826,33.951606],[-84.35502,33.951526],[-84.355113,33.95148],[-84.355203,33.95143],[-84.355289,33.951375],[-84.355369,33.951315],[-84.355444,33.95125],[-84.355514,33.951181],[-84.35564,33.951035],[-84.355925,33.950652],[-84.355994,33.950566],[-84.356341,33.950176],[-84.356731,33.949677],[-84.35689,33.949456],[-84.356949,33.949381],[-84.356989,33.949297],[-84.356991,33.949208],[-84.357025,33.949122],[-84.357087,33.94905],[-84.357215,33.948974],[-84.357352,33.948893],[-84.357438,33.948838],[-84.357533,33.948796],[-84.357587,33.948782],[-84.357636,33.948769],[-84.357744,33.948767],[-84.3578,33.948758],[-84.35785,33.948751],[-84.357953,33.948721],[-84.358011,33.948696],[-84.358024,33.948428],[-84.358068,33.946978],[-84.358071,33.946765],[-84.358083,33.946036]]]]}},
{"type":"Feature","properties":{"GEOID":"13121010218"},"geometry":{"type":"MultiPolygon","coordinates":[[[[-84.373055,33.97541],[-84.373975,33.97495],[-84.375258,33.974095],[-84.373294,33.974261],[-84.371937,33.974375],[-84.371377,33.97443],[-84.370995,33.974408],[-84.370653,33.974364],[-84.370405,33.974312],[-84.37004,33.97433],[-84.36951,33.974441],[-84.369327,33.974477],[-84.369177,33.974548],[-84.368999,33.974576],[-84.368835,33.974572],[-84.368634,33.974526],[-84.368369,33.974504],[-84.368174,33.9745],[-84.368015,33.974539],[-84.367899,33.974594],[-84.367776,33.974692],[-84.367667,33.974737],[-84.367597,33.97475],[-84.367432,33.974784],[-84.367112,33.974804],[-84.367011,33.974823],[-84.366815,33.974819],[-84.366739,33.974794],[-84.366671,33.974773],[-84.366489,33.974722],[-84.366365,33.974656],[-84.366094,33.97464],[-84.365929,33.974657],[-84.36582,33.974692],[-84.36555,33.974849],[-84.365446,33.974937],[-84.365356,33.974993],[-84.365217,33.975005],[-84.365047,33.974975],[-84.364637,33.974951],[-84.364417,33.97492],[-84.364046,33.97488],[-84.363873,33.974883],[-84.363762,33.974866],[-84.363391,33.974858],[-84.362397,33.974866],[-84.362234,33.974836],[-84.362153,33.974787],[-84.36205,33.974771],[-84.361856,33.97474],[-84.361801,33.974732],[-84.361536,33.974721],[-84.361183,33.974698],[-84.360861,33.974665],[-84.360527,33.974657],[-84.360477,33.974664],[-84.360311,33.97469],[-84.360679,33.97437],[-84.360782,33.974286],[-84.360915,33.974203],[-84.361041,33.974145],[-84.361195,33.974093],[-84.361928,33.973924],[-84.362076,33.97386],[-84.362255,33.973734],[-84.362469,33.973522],[-84.36321,33.97241],[-84.36326,33.972305],[-84.363285,33.972192],[-84.363331,33.972045],[-84.36336,33.97195],[-84.363367,33.971911],[-84.363386,33.971801],[-84.363397,33.971768],[-84.363384,33.971581],[-84.363356,33.971438],[-84.363299,33.97128],[-84.363228,33.971149],[-84.363139,33.971025],[-84.363048,33.970926],[-84.362946,33.970836],[-84.362834,33.970756],[-84.362617,33.970545],[-84.36249,33.970367],[-84.362402,33.970173],[-84.362364,33.970032],[-84.362347,33.969888],[-84.362357,33.968719],[-84.361073,33.96873],[-84.360955,33.968883],[-84.360554,33.969408],[-84.3601,33.969912],[-84.359977,33.970016],[-84.359064,33.970914],[-84.358763,33.971235],[-84.358561,33.971541],[-84.358148,33.9722],[-84.357648,33.972968],[-84.357492,33.973178],[-84.357355,33.973312],[-84.357106,33.973499],[-84.356935,33.973628],[-84.356681,33.973777],[-84.356301,33.973967],[-84.355771,33.974194],[-84.355474,33.9743],[-84.355237,33.974385],[-84.355193,33.974401],[-84.355132,33.97443],[-84.354804,33.974588],[-84.354183,33.974871],[-84.353929,33.974988],[-84.353815,33.975034],[-84.353656,33.975086],[-84.353314,33.975221],[-84.35295,33.975405],[-84.35281,33.975485],[-84.352635,33.975608],[-84.352478,33.975746],[-84.352403,33.97582],[-84.352222,33.976034],[-84.352065,33.976264],[-84.351951,33.976474],[-84.351791,33.976829],[-84.35162,33.977218],[-84.351531,33.977466],[-84.351241,33.978134],[-84.351124,33.978344],[-84.351068,33.978473],[-84.351504,33.978821],[-84.351584,33.978864],[-84.351703,33.979055],[-84.351815,33.979153],[-84.351979,33.979246],[-84.352493,33.979459],[-84.352742,33.979532],[-84.352875,33.979645],[-84.353024,33.979812],[-84.353156,33.979929],[-84.353261,33.979991],[-84.353417,33.980117],[-84.353529,33.98023],[-84.353692,33.980354],[-84.3538,33.980445],[-84.353888,33.980504],[-84.353954,33.980548],[-84.354092,33.980633],[-84.35439,33.980799],[-84.354529,33.980892],[-84.354685,33.980996],[-84.354841,33.981067],[-84.355004,33.981156],[-84.355212,33.981196],[-84.355347,33.981238],[-84.355524,33.981312],[-84.355608,33.981333],[-84.355766,33.981371],[-84.355921,33.981456],[-84.356211,33.981532],[-84.356448,33.981583],[-84.356671,33.981673],[-84.356804,33.981782],[-84.356921,33.981892],[-84.357129,33.982191],[-84.35718,33.982334],[-84.357275,33.982487],[-84.35736,33.982653],[-84.357414,33.982842],[-84.357481,33.983021],[-84.357537,33.983133],[-84.357677,33.983354],[-84.357772,33.983474],[-84.35799,33.983724],[-84.35814,33.983837],[-84.358359,33.983938],[-84.358554,33.983985],[-84.358736,33.984017],[-84.358873,33.98402],[-84.358997,33.984015],[-84.359246,33.98403],[-84.359865,33.984011],[-84.360059,33.983958],[-84.360262,33.983881],[-84.360374,33.983848],[-84.360586,33.983801],[-84.360759,33.983737],[-84.360822,33.983696],[-84.360911,33.983641],[-84.361074,33.983491],[-84.361176,33.983369],[-84.361346,33.983277],[-84.361472,33.983162],[-84.361599,33.983065],[-84.361725,33.983001],[-84.361935,33.982879],[-84.362116,33.98283],[-84.362322,33.982781],[-84.362511,33.982746],[-84.362559,33.982707],[-84.36269,33.9826],[-84.362859,33.982426],[-84.362864,33.982408],[-84.362892,33.982361],[-84.362929,33.982294],[-84.362958,33.982213],[-84.363082,33.982066],[-84.363221,33.981942],[-84.363309,33.981845],[-84.363451,33.981609],[-84.363525,33.981413],[-84.363597,33.98126],[-84.363708,33.981129],[-84.363853,33.981017],[-84.364019,33.980902],[-84.364192,33.980793],[-84.364281,33.980742],[-84.364374,33.980696],[-84.36447,33.980656],[-84.36457,33.98062],[-84.364672,33.980591],[-84.364776,33.980567],[-84.364882,33.980548],[-84.364989,33.980536],[-84.365097,33.98053],[-84.365205,33.980529],[-84.365313,33.980534],[-84.365421,33.980545],[-84.365529,33.980549],[-84.365745,33.980544],[-84.365793,33.98054],[-84.365853,33.980536],[-84.366066,33.980507],[-84.366276,33.980463],[-84.366481,33.980405],[-84.366678,33.980331],[-84.366867,33.980244],[-84.367046,33.980143],[-84.367214,33.980029],[-84.36737,33.979904],[-84.367512,33.979768],[-84.367639,33.979622],[-84.36775,33.979467],[-84.367799,33.979387],[-84.368087,33.979161],[-84.368333,33.978984],[-84.368587,33.978816],[-84.368939,33.978607],[-84.369212,33.978461],[-84.369492,33.978324],[-84.369875,33.978155],[-84.370359,33.977954],[-84.370849,33.977765],[-84.37094,33.977715],[-84.371021,33.977655],[-84.371091,33.977587],[-84.37115,33.977512],[-84.371197,33.97743],[-84.371229,33.977344],[-84.371247,33.977256],[-84.371253,33.977169],[-84.37125,33.977156],[-84.37124,33.977076],[-84.371214,33.976989],[-84.371203,33.976899],[-84.371204,33.976809],[-84.371216,33.976719],[-84.37124,33.976632],[-84.371275,33.976546],[-84.371322,33.976465],[-84.371379,33.976388],[-84.371445,33.976317],[-84.37152,33.976253],[-84.371604,33.976195],[-84.372169,33.975884],[-84.372415,33.975748],[-84.373055,33.97541]]]]}},
{"type":"Feature","properties":{"GEOID":"13121011446"},"geometry":{"type":"MultiPolygon","coordinates":[[[[-84.397382,34.02844],[-84.400798,34.02844],[-84.400809,34.028409],[-84.400843,34.028346],[-84.400861,34.028332],[-84.400866,34.028289],[-84.400863,34.028256],[-84.400841,34.028235],[-84.400764,34.028189],[-84.400703,34.028125],[-84.400675,34.028088],[-84.400662,34.028084],[-84.400641,34.028057],[-84.400622,34.028033],[-84.400617,34.027998],[-84.400632,34.027966],[-84.400651,34.027943],[-84.400663,34.027909],[-84.400666,34.027878],[-84.400683,34.027851],[-84.400706,34.027826],[-84.400728,34.027814],[-84.400756,34.027825],[-84.400807,34.027845],[-84.400859,34.027841],[-84.400915,34.027791],[-84.400942,34.027727],[-84.400918,34.027539],[-84.400885,34.027484],[-84.400802,34.027439],[-84.400735,34.027435],[-84.400677,34.0274],[-84.400641,34.02734],[-84.400592,34.027297],[-84.400571,34.02726],[-84.400555,34.027193],[-84.400592,34.027119],[-84.400617,34.027088],[-84.400656,34.027019],[-84.400649,34.026894],[-84.400668,34.026816],[-84.400687,34.026766],[-84.400681,34.026708],[-84.400711,34.026638],[-84.400719,34.026539],[-84.4007,34.026309],[-84.400699,34.026261],[-84.400705,34.02623],[-84.400794,34.026061],[-84.400835,34.026034],[-84.400914,34.026012],[-84.401042,34.026004],[-84.401152,34.025979],[-84.401211,34.025923],[-84.401247,34.025883],[-84.400267,34.026023],[-84.399592,34.026175],[-84.3994,34.02623],[-84.399216,34.026302],[-84.39907,34.026376],[-84.398933,34.026462],[-84.398806,34.026559],[-84.398689,34.026667],[-84.398574,34.026812],[-84.398397,34.027145],[-84.398125,34.027628],[-84.397908,34.027932],[-84.397768,34.028092],[-84.397624,34.028236],[-84.39746,34.02838],[-84.397382,34.02844]]],[[[-84.379009,34.02844],[-84.391172,34.02844],[-84.390046,34.027877],[-84.389651,34.027675],[-84.38922,34.027478],[-84.388482,34.027175],[-84.38741,34.026744],[-84.385042,34.025809],[-84.384769,34.02571],[-84.384551,34.025649],[-84.384336,34.025605],[-84.384118,34.025573],[-84.383894,34.025556],[-84.383361,34.025537],[-84.383196,34.02554],[-84.382954,34.025564],[-84.38272,34.025612],[-84.382525,34.025673],[-84.382341,34.02575],[-84.382168,34.025842],[-84.382007,34.025949],[-84.381884,34.026048],[-84.381772,34.026155],[-84.381393,34.026595],[-84.380939,34.027125],[-84.380737,34.027324],[-84.380471,34.027524],[-84.380268,34.027645],[-84.380046,34.02774],[-84.379716,34.027845],[-84.379394,34.027907],[-84.379051,34.027934],[-84.378716,34.02792],[-84.378718,34.027992],[-84.378747,34.028061],[-84.379009,34.02844]]]]}},
{"type":"Feature","properties":{"GEOID":"13121010221"},"geometry":{"type":"MultiPolygon","coordinates":[[[[-84.389812,33.935693],[-84.390337,33.935121],[-84.390043,33.934894],[-84.389955,33.93481],[-84.389633,33.934414],[-84.389199,33.933858],[-84.389036,33.933652],[-84.388915,33.933431],[-84.388834,33.93322],[-84.388715,33.932798],[-84.388594,33.932366],[-84.388428,33.931785],[-84.388383,33.931695],[-84.388297,33.931565],[-84.387789,33.930928],[-84.386318,33.92935],[-84.385492,33.928475],[-84.384911,33.927859],[-84.384655,33.927592],[-84.384445,33.927399],[-84.384207,33.92721],[-84.383948,33.927031],[-84.38284,33.926354],[-84.382312,33.926033],[-84.382143,33.925939],[-84.381891,33.925823],[-84.381627,33.925728],[-84.381343,33.925652],[-84.379073,33.925137],[-84.379114,33.926804],[-84.379164,33.9288],[-84.379189,33.92916],[-84.379232,33.929478],[-84.37929,33.929772],[-84.379362,33.930054],[-84.379451,33.930333],[-84.37956,33.930622],[-84.379704,33.930942],[-84.379832,33.931267],[-84.379933,33.931599],[-84.380003,33.931924],[-84.380058,33.932323],[-84.380069,33.93263],[-84.380047,33.933011],[-84.380004,33.933421],[-84.379941,33.933812],[-84.379873,33.934136],[-84.37981,33.934373],[-84.37967,33.934773],[-84.379508,33.935164],[-84.379429,33.935313],[-84.379101,33.935862],[-84.378874,33.93621],[-84.378777,33.936348],[-84.378647,33.936533],[-84.378481,33.936758],[-84.378331,33.936992],[-84.37826,33.937102],[-84.377897,33.937602],[-84.377731,33.937805],[-84.37753,33.938028],[-84.377391,33.938168],[-84.376779,33.938785],[-84.376328,33.93924],[-84.375603,33.93997],[-84.375183,33.940396],[-84.374969,33.940612],[-84.374736,33.940847],[-84.375415,33.941348],[-84.375954,33.941798],[-84.376531,33.94225],[-84.376919,33.942623],[-84.377232,33.942876],[-84.377623,33.943152],[-84.377986,33.94346],[-84.378133,33.943665],[-84.378543,33.944233],[-84.378606,33.944306],[-84.378676,33.944375],[-84.378753,33.944438],[-84.378836,33.944495],[-84.378927,33.944545],[-84.379113,33.944636],[-84.379307,33.944715],[-84.379508,33.944783],[-84.37968,33.944831],[-84.38051,33.945041],[-84.38103,33.945157],[-84.38132,33.945222],[-84.381468,33.945255],[-84.382286,33.945406],[-84.382422,33.945427],[-84.382836,33.945493],[-84.383095,33.945466],[-84.383248,33.945491],[-84.383439,33.94557],[-84.383955,33.945517],[-84.384687,33.945532],[-84.384802,33.945578],[-84.384914,33.945676],[-84.384977,33.945742],[-84.38513,33.945756],[-84.385235,33.945732],[-84.385341,33.945717],[-84.385449,33.94571],[-84.385557,33.945713],[-84.385664,33.945724],[-84.38577,33.945744],[-84.385873,33.945771],[-84.385971,33.945809],[-84.386063,33.945856],[-84.386147,33.945912],[-84.386223,33.945977],[-84.386288,33.946049],[-84.386344,33.946125],[-84.386392,33.946206],[-84.386431,33.94629],[-84.386461,33.946377],[-84.386481,33.946465],[-84.386493,33.94661],[-84.386562,33.946781],[-84.386604,33.946864],[-84.386651,33.946945],[-84.386703,33.947024],[-84.38676,33.947101],[-84.386861,33.947218],[-84.387111,33.947443],[-84.387179,33.947513],[-84.387244,33.94755],[-84.3873,33.947381],[-84.387432,33.946897],[-84.387466,33.946738],[-84.387483,33.9466],[-84.387487,33.946447],[-84.387477,33.946326],[-84.387432,33.946171],[-84.387325,33.945913],[-84.386552,33.944554],[-84.386497,33.944443],[-84.386345,33.943983],[-84.386185,33.943297],[-84.386059,33.942882],[-84.385958,33.942663],[-84.385894,33.942549],[-84.38585,33.942433],[-84.385794,33.942105],[-84.38578,33.941954],[-84.385791,33.941446],[-84.385832,33.940899],[-84.385868,33.940772],[-84.386247,33.940178],[-84.386852,33.938986],[-84.38695,33.938841],[-84.387075,33.938691],[-84.387471,33.938293],[-84.387728,33.937995],[-84.387947,33.937697],[-84.388183,33.937332],[-84.388333,33.937136],[-84.388464,33.936986],[-84.388615,33.936833],[-84.38923,33.936284],[-84.389487,33.936056],[-84.389812,33.935693]]]]}},
{"type":"Feature","properties":{"GEOID":"13121011437"},"geometry":{"type":"MultiPolygon","coordinates":[[[[-84.335322,34.02844],[-84.357515,34.02844],[-84.358053,34.027994],[-84.358222,34.027841],[-84.358845,34.027162],[-84.359959,34.025925],[-84.360249,34.025601],[-84.360382,34.025412],[-84.360456,34.025266],[-84.360511,34.025114],[-84.360646,34.024493],[-84.360773,34.024093],[-84.360915,34.023767],[-84.360974,34.023673],[-84.361056,34.02357],[-84.361152,34.023476],[-84.361276,34.023383],[-84.361418,34.023302],[-84.361551,34.023246],[-84.361564,34.022915],[-84.36163,34.022259],[-84.361673,34.021662],[-84.361749,34.019829],[-84.361787,34.018896],[-84.361825,34.018576],[-84.361876,34.01835],[-84.361941,34.018139],[-84.362025,34.017925],[-84.362127,34.017717],[-84.361287,34.017374],[-84.361028,34.017285],[-84.360755,34.017234],[-84.360281,34.017204],[-84.359973,34.017195],[-84.3597,34.017205],[-84.359295,34.017245],[-84.35786,34.017335],[-84.357072,34.017419],[-84.356414,34.017472],[-84.354312,34.01759],[-84.354007,34.017607],[-84.353759,34.017635],[-84.353498,34.017679],[-84.352942,34.017807],[-84.352666,34.017871],[-84.351938,34.017988],[-84.351315,34.018057],[-84.350997,34.018077],[-84.350252,34.018096],[-84.349951,34.018119],[-84.348848,34.018295],[-84.348527,34.018332],[-84.348284,34.018345],[-84.346983,34.018375],[-84.346376,34.018381],[-84.346067,34.0184],[-84.345931,34.018432],[-84.345802,34.01848],[-84.345697,34.018537],[-84.345591,34.018615],[-84.345528,34.018683],[-84.345473,34.018761],[-84.345424,34.018864],[-84.345418,34.018883],[-84.345383,34.019],[-84.345328,34.019064],[-84.345428,34.019207],[-84.346959,34.021796],[-84.34707,34.022034],[-84.347145,34.022246],[-84.347196,34.02246],[-84.347227,34.022714],[-84.347226,34.022982],[-84.34719,34.023259],[-84.347153,34.023414],[-84.347089,34.023612],[-84.346977,34.023873],[-84.346782,34.024203],[-84.346546,34.02451],[-84.346316,34.02475],[-84.34607,34.024963],[-84.345876,34.025106],[-84.345338,34.02547],[-84.345127,34.025634],[-84.344898,34.025852],[-84.344698,34.026091],[-84.344562,34.026293],[-84.343393,34.026344],[-84.342719,34.026363],[-84.342068,34.026361],[-84.341389,34.026339],[-84.340468,34.026276],[-84.339695,34.026198],[-84.339156,34.026144],[-84.338906,34.026133],[-84.338645,34.026138],[-84.33824,34.026178],[-84.338047,34.026214],[-84.337776,34.026296],[-84.337471,34.026436],[-84.337291,34.026542],[-84.337112,34.026672],[-84.336751,34.026983],[-84.336291,34.027378],[-84.336181,34.027469],[-84.335328,34.028189],[-84.33517,34.028321],[-84.335322,34.02844]]]]}},
{"type":"Feature","properties":{"GEOID":"13121010129"},"geometry":{"type":"MultiPolygon","coordinates":[[[[-84.378692,33.902338],[-84.378719,33.902261],[-84.378803,33.902097],[-84.37864,33.902074],[-84.378533,33.902079],[-84.378419,33.902111],[-84.378304,33.902175],[-84.378282,33.902179],[-84.37757,33.902534],[-84.37738,33.90261],[-84.37721,33.902666],[-84.377027,33.902714],[-84.37687,33.902743],[-84.37677,33.902751],[-84.375691,33.902729],[-84.374209,33.902687],[-84.373997,33.902772],[-84.373805,33.902888],[-84.373657,33.903009],[-84.373347,33.903293],[-84.372937,33.903617],[-84.372677,33.903798],[-84.37249,33.903912],[-84.372359,33.903979],[-84.372206,33.904042],[-84.372046,33.904091],[-84.371809,33.904136],[-84.371172,33.90419],[-84.371061,33.904058],[-84.370962,33.903966],[-84.370844,33.90388],[-84.370669,33.903779],[-84.370577,33.903717],[-84.370484,33.903639],[-84.370423,33.903571],[-84.370389,33.90352],[-84.370293,33.903328],[-84.370121,33.902984],[-84.369944,33.902701],[-84.369702,33.902284],[-84.36961,33.902126],[-84.369366,33.901764],[-84.369269,33.901644],[-84.36902,33.901366],[-84.368521,33.900756],[-84.368157,33.900279],[-84.368118,33.900208],[-84.368095,33.900131],[-84.367993,33.89968],[-84.367947,33.899524],[-84.367874,33.899348],[-84.367777,33.899173],[-84.36761,33.898775],[-84.367415,33.898347],[-84.366956,33.897412],[-84.366928,33.897372],[-84.366841,33.897266],[-84.366738,33.897171],[-84.366126,33.89672],[-84.365758,33.896354],[-84.364753,33.895398],[-84.36454,33.895235],[-84.364349,33.895106],[-84.364189,33.895015],[-84.364034,33.895299],[-84.362963,33.897108],[-84.362823,33.897344],[-84.362631,33.89771],[-84.362476,33.898007],[-84.362055,33.898727],[-84.360913,33.900667],[-84.359976,33.90231],[-84.359705,33.902771],[-84.35957,33.903012],[-84.359478,33.90317],[-84.358954,33.904073],[-84.358359,33.905381],[-84.357959,33.906448],[-84.357827,33.906952],[-84.357745,33.90729],[-84.357694,33.90749],[-84.357634,33.907728],[-84.357613,33.90781],[-84.357548,33.908174],[-84.357466,33.909279],[-84.357463,33.909563],[-84.357461,33.909772],[-84.357436,33.910122],[-84.357434,33.910475],[-84.357485,33.91114],[-84.357503,33.911344],[-84.357591,33.911309],[-84.358586,33.910934],[-84.359052,33.910748],[-84.359579,33.910558],[-84.360051,33.910442],[-84.360394,33.910362],[-84.36151,33.910165],[-84.361624,33.910149],[-84.361782,33.910126],[-84.362148,33.910053],[-84.3627,33.910021],[-84.363713,33.909992],[-84.364347,33.910018],[-84.365288,33.910108],[-84.36544,33.910128],[-84.366116,33.91022],[-84.366299,33.910236],[-84.3665,33.910277],[-84.367788,33.91054],[-84.367813,33.910536],[-84.368603,33.910675],[-84.368631,33.910619],[-84.368685,33.910541],[-84.368752,33.91047],[-84.368829,33.910407],[-84.368912,33.910349],[-84.369009,33.91031],[-84.369114,33.910291],[-84.369222,33.910297],[-84.369329,33.910309],[-84.369435,33.910326],[-84.369624,33.910369],[-84.369722,33.910407],[-84.369828,33.910425],[-84.369936,33.910422],[-84.37004,33.910399],[-84.370135,33.910357],[-84.370225,33.910289],[-84.370285,33.910214],[-84.370369,33.910158],[-84.370469,33.910126],[-84.370577,33.91012],[-84.370686,33.910142],[-84.370794,33.910139],[-84.370901,33.910129],[-84.371007,33.910113],[-84.371112,33.91009],[-84.371148,33.910079],[-84.371118,33.909969],[-84.371106,33.909866],[-84.371101,33.909555],[-84.37112,33.909502],[-84.371891,33.908966],[-84.371916,33.908929],[-84.37192,33.908889],[-84.371825,33.908655],[-84.371826,33.908578],[-84.371902,33.908568],[-84.37199,33.908573],[-84.372483,33.908665],[-84.372756,33.908735],[-84.373691,33.909017],[-84.373809,33.909042],[-84.373946,33.909054],[-84.374143,33.909039],[-84.374513,33.908959],[-84.374588,33.908917],[-84.37471,33.908779],[-84.374823,33.908696],[-84.374951,33.908642],[-84.37501,33.908636],[-84.37507,33.908641],[-84.37513,33.90866],[-84.375182,33.908692],[-84.375454,33.908937],[-84.375699,33.909382],[-84.376624,33.908944],[-84.376995,33.908712],[-84.377088,33.908677],[-84.377169,33.90866],[-84.377501,33.908635],[-84.377626,33.908626],[-84.377787,33.908638],[-84.377877,33.908658],[-84.377972,33.908694],[-84.378237,33.908846],[-84.378324,33.908883],[-84.378413,33.908902],[-84.378762,33.908939],[-84.378712,33.907753],[-84.3787,33.907464],[-84.378622,33.90547],[-84.378577,33.90432],[-84.378542,33.903426],[-84.378512,33.903174],[-84.378524,33.902987],[-84.378549,33.902811],[-84.378585,33.902647],[-84.378635,33.902476],[-84.378662,33.902404],[-84.378692,33.902338]]]]}},
{"type":"Feature","properties":{"GEOID":"13121011433"},"geometry":{"type":"MultiPolygon","coordinates":[[[[-84.281286,34.01291],[-84.281297,34.012638],[-84.281294,34.012366],[-84.281288,34.012235],[-84.281235,34.011828],[-84.281184,34.011569],[-84.281123,34.011331],[-84.281017,34.011005],[-84.280561,34.009795],[-84.280392,34.009287],[-84.280183,34.008776],[-84.280117,34.008664],[-84.27998,34.00843],[-84.279814,34.008201],[-84.279772,34.008154],[-84.279644,34.008014],[-84.278958,34.007332],[-84.278441,34.006885],[-84.278291,34.006766],[-84.278175,34.006674],[-84.277995,34.006544],[-84.277657,34.006299],[-84.277388,34.006087],[-84.277208,34.005904],[-84.277046,34.005709],[-84.276855,34.005424],[-84.276704,34.005126],[-84.276594,34.004816],[-84.276483,34.004506],[-84.276421,34.004505],[-84.27635,34.004489],[-84.276314,34.004481],[-84.27619,34.004457],[-84.27609,34.004438],[-84.275882,34.004386],[-84.275667,34.004318],[-84.275469,34.004242],[-84.275277,34.004154],[-84.275101,34.004061],[-84.274896,34.003929],[-84.272846,34.002696],[-84.272631,34.002591],[-84.272417,34.002504],[-84.27219,34.002429],[-84.271961,34.002369],[-84.271718,34.002324],[-84.271479,34.002295],[-84.271229,34.002281],[-84.270984,34.002283],[-84.268655,34.002397],[-84.268461,34.002426],[-84.26827,34.002468],[-84.268084,34.002525],[-84.26789,34.002601],[-84.267603,34.002751],[-84.26745,34.002854],[-84.267335,34.002944],[-84.267136,34.003137],[-84.266841,34.003493],[-84.265515,34.005113],[-84.264125,34.006811],[-84.263743,34.007281],[-84.263645,34.007436],[-84.263554,34.007602],[-84.26346,34.007811],[-84.263383,34.008035],[-84.263326,34.008274],[-84.263304,34.008453],[-84.263286,34.00865],[-84.263285,34.009096],[-84.263265,34.009284],[-84.263262,34.009482],[-84.263317,34.010573],[-84.263322,34.011427],[-84.263324,34.011666],[-84.26331,34.011921],[-84.263484,34.013533],[-84.263585,34.014379],[-84.263779,34.015996],[-84.263792,34.016105],[-84.2638,34.016564],[-84.263788,34.016895],[-84.26376,34.017232],[-84.263605,34.01851],[-84.26351,34.019292],[-84.263499,34.019514],[-84.263508,34.019726],[-84.263547,34.020009],[-84.263716,34.02055],[-84.26392,34.021086],[-84.264165,34.021629],[-84.264343,34.021553],[-84.26456,34.021479],[-84.264772,34.02142],[-84.264984,34.021375],[-84.265194,34.021343],[-84.265406,34.021322],[-84.265687,34.02131],[-84.265897,34.021311],[-84.266992,34.021312],[-84.267322,34.021312],[-84.269069,34.021315],[-84.269401,34.021331],[-84.269731,34.02137],[-84.269953,34.021402],[-84.270458,34.02151],[-84.271563,34.021748],[-84.271724,34.021783],[-84.27205,34.021812],[-84.27228,34.021815],[-84.272521,34.021806],[-84.273054,34.021744],[-84.273354,34.021683],[-84.27367,34.02158],[-84.274284,34.021258],[-84.275861,34.020287],[-84.276258,34.020044],[-84.276946,34.019592],[-84.277266,34.019355],[-84.277572,34.019091],[-84.279939,34.016829],[-84.280126,34.016601],[-84.28029,34.016341],[-84.280403,34.016099],[-84.280411,34.016074],[-84.280533,34.015728],[-84.280609,34.015486],[-84.280789,34.014915],[-84.280923,34.014491],[-84.281132,34.013831],[-84.281222,34.013451],[-84.281261,34.013181],[-84.281286,34.01291]]]]}},
{"type":"Feature","properties":{"GEOID":"13121010128"},"geometry":{"type":"MultiPolygon","coordinates":[[[[-84.378436,33.912123],[-84.37899,33.912143],[-84.379059,33.912134],[-84.378984,33.911527],[-84.378916,33.910995],[-84.378852,33.910224],[-84.378845,33.91013],[-84.378805,33.909552],[-84.378762,33.908939],[-84.378413,33.908902],[-84.378324,33.908883],[-84.378237,33.908846],[-84.377972,33.908694],[-84.377877,33.908658],[-84.377787,33.908638],[-84.377626,33.908626],[-84.377501,33.908635],[-84.377169,33.90866],[-84.377088,33.908677],[-84.376995,33.908712],[-84.376624,33.908944],[-84.375699,33.909382],[-84.375454,33.908937],[-84.375182,33.908692],[-84.37513,33.90866],[-84.37507,33.908641],[-84.37501,33.908636],[-84.374951,33.908642],[-84.374823,33.908696],[-84.37471,33.908779],[-84.374588,33.908917],[-84.374513,33.908959],[-84.374143,33.909039],[-84.373946,33.909054],[-84.373809,33.909042],[-84.373691,33.909017],[-84.372756,33.908735],[-84.372483,33.908665],[-84.37199,33.908573],[-84.371902,33.908568],[-84.371826,33.908578],[-84.371825,33.908655],[-84.37192,33.908889],[-84.371916,33.908929],[-84.371891,33.908966],[-84.37112,33.909502],[-84.371101,33.909555],[-84.371106,33.909866],[-84.371118,33.909969],[-84.371148,33.910079],[-84.371112,33.91009],[-84.371007,33.910113],[-84.370901,33.910129],[-84.370794,33.910139],[-84.370686,33.910142],[-84.370577,33.91012],[-84.370469,33.910126],[-84.370369,33.910158],[-84.370285,33.910214],[-84.370225,33.910289],[-84.370135,33.910357],[-84.37004,33.910399],[-84.369936,33.910422],[-84.369828,33.910425],[-84.369722,33.910407],[-84.369624,33.910369],[-84.369435,33.910326],[-84.369329,33.910309],[-84.369222,33.910297],[-84.369114,33.910291],[-84.369009,33.91031],[-84.368912,33.910349],[-84.368829,33.910407],[-84.368752,33.91047],[-84.368685,33.910541],[-84.368631,33.910619],[-84.368603,33.910675],[-84.370577,33.91102],[-84.37265,33.911405],[-84.373904,33.911633],[-84.374165,33.911685],[-84.374454,33.911742],[-84.374598,33.911762],[-84.375124,33.911867],[-84.375671,33.911919],[-84.376686,33.912054],[-84.377138,33.912089],[-84.37753,33.91211],[-84.37793,33.912119],[-84.378436,33.912123]]]]}},
{"type":"Feature","properties":{"GEOID":"13121011442"},"geometry":{"type":"MultiPolygon","coordinates":[[[[-84.305625,34.013245],[-84.30567,34.013237],[-84.305741,34.013199],[-84.304093,34.012204],[-84.302334,34.01114],[-84.302094,34.010972],[-84.301871,34.010786],[-84.301685,34.010603],[-84.301524,34.010417],[-84.300742,34.009348],[-84.300679,34.009269],[-84.300536,34.00909],[-84.300335,34.00886],[-84.300084,34.008597],[-84.29984,34.008362],[-84.299434,34.008011],[-84.298753,34.007424],[-84.298578,34.007253],[-84.298395,34.007039],[-84.298236,34.006811],[-84.298084,34.006525],[-84.297583,34.005366],[-84.297546,34.00528],[-84.297429,34.005045],[-84.29732,34.004871],[-84.297176,34.00468],[-84.297013,34.0045],[-84.296831,34.004332],[-84.296634,34.004178],[-84.296421,34.004039],[-84.296194,34.003915],[-84.295955,34.003808],[-84.295757,34.003735],[-84.295553,34.003674],[-84.295186,34.003595],[-84.293362,34.003398],[-84.292738,34.003322],[-84.292146,34.00321],[-84.292061,34.003344],[-84.291978,34.003426],[-84.291846,34.003552],[-84.291689,34.003702],[-84.29018,34.004966],[-84.290122,34.00503],[-84.290096,34.005106],[-84.290089,34.005462],[-84.289853,34.005491],[-84.289719,34.005526],[-84.289564,34.005567],[-84.289501,34.005585],[-84.289216,34.005666],[-84.289062,34.00571],[-84.288698,34.005913],[-84.288328,34.006099],[-84.287197,34.006595],[-84.286934,34.006719],[-84.286517,34.00694],[-84.286131,34.007178],[-84.285813,34.00741],[-84.285453,34.007716],[-84.285237,34.007899],[-84.283874,34.009195],[-84.283567,34.009485],[-84.283277,34.009761],[-84.283174,34.009875],[-84.283122,34.009934],[-84.282989,34.010107],[-84.282888,34.010262],[-84.282872,34.010285],[-84.282775,34.010462],[-84.282584,34.010914],[-84.282446,34.011187],[-84.282291,34.011439],[-84.282082,34.011728],[-84.281917,34.01191],[-84.281724,34.012083],[-84.281518,34.012234],[-84.281294,34.012366],[-84.281297,34.012638],[-84.281286,34.01291],[-84.281261,34.013181],[-84.281222,34.013451],[-84.281132,34.013831],[-84.280923,34.014491],[-84.281694,34.014587],[-84.281979,34.014603],[-84.282274,34.014602],[-84.282483,34.01457],[-84.283071,34.014367],[-84.283177,34.014301],[-84.283291,34.0142],[-84.283523,34.01391],[-84.283621,34.013691],[-84.283686,34.013376],[-84.283768,34.012918],[-84.283819,34.012728],[-84.283938,34.012438],[-84.284087,34.012169],[-84.284157,34.012026],[-84.284218,34.011807],[-84.284248,34.011406],[-84.28427,34.011295],[-84.284305,34.011218],[-84.284404,34.011064],[-84.284482,34.010996],[-84.284574,34.010939],[-84.28469,34.010885],[-84.284807,34.010848],[-84.284948,34.01083],[-84.285054,34.010829],[-84.285209,34.010852],[-84.285355,34.010901],[-84.286134,34.011366],[-84.286177,34.011373],[-84.286366,34.011443],[-84.286605,34.011484],[-84.286765,34.011501],[-84.286877,34.0115],[-84.287015,34.011465],[-84.287192,34.0114],[-84.28735,34.011324],[-84.287454,34.011235],[-84.287611,34.011067],[-84.287711,34.010916],[-84.287755,34.010789],[-84.287829,34.010205],[-84.287858,34.010049],[-84.287903,34.009934],[-84.28794,34.009851],[-84.288014,34.009745],[-84.288133,34.009646],[-84.288248,34.009572],[-84.288408,34.00949],[-84.28854,34.009465],[-84.288659,34.009449],[-84.288824,34.00944],[-84.28902,34.009458],[-84.289239,34.009543],[-84.289362,34.009601],[-84.289502,34.009736],[-84.289695,34.009954],[-84.289855,34.010094],[-84.290122,34.010221],[-84.290328,34.010262],[-84.290529,34.010279],[-84.290747,34.010254],[-84.291351,34.010176],[-84.291495,34.010168],[-84.291853,34.010213],[-84.292025,34.010225],[-84.292144,34.010217],[-84.292359,34.010162],[-84.292754,34.009939],[-84.292897,34.009897],[-84.293019,34.00988],[-84.293141,34.009888],[-84.293267,34.009918],[-84.293401,34.009977],[-84.29354,34.010077],[-84.293637,34.010216],[-84.293679,34.010359],[-84.293683,34.010443],[-84.293574,34.011154],[-84.293532,34.011242],[-84.293485,34.011343],[-84.293435,34.011406],[-84.293134,34.011674],[-84.292943,34.011843],[-84.292838,34.011961],[-84.292766,34.012059],[-84.292729,34.012146],[-84.292661,34.01234],[-84.292495,34.012959],[-84.292413,34.013097],[-84.29225,34.013249],[-84.292036,34.01336],[-84.291826,34.013435],[-84.291646,34.013463],[-84.291458,34.013467],[-84.291319,34.013443],[-84.290683,34.013276],[-84.290559,34.013259],[-84.290447,34.013259],[-84.290344,34.013276],[-84.290197,34.013332],[-84.29009,34.013396],[-84.290004,34.013473],[-84.289912,34.013613],[-84.289871,34.013733],[-84.28986,34.013853],[-84.289901,34.01414],[-84.289894,34.01421],[-84.289867,34.014309],[-84.289826,34.014416],[-84.28974,34.014514],[-84.289614,34.0146],[-84.289481,34.014656],[-84.289383,34.014681],[-84.288999,34.014705],[-84.288839,34.01475],[-84.288674,34.014844],[-84.288549,34.014958],[-84.288464,34.015088],[-84.28844,34.01515],[-84.288412,34.015271],[-84.288726,34.015333],[-84.289177,34.015436],[-84.289295,34.015463],[-84.289924,34.015622],[-84.290012,34.015667],[-84.29011,34.015692],[-84.290194,34.015686],[-84.290306,34.015579],[-84.290359,34.015534],[-84.290469,34.01547],[-84.290645,34.015411],[-84.290817,34.015305],[-84.290961,34.01521],[-84.291135,34.015102],[-84.291302,34.014999],[-84.291432,34.0149],[-84.291513,34.014851],[-84.291618,34.014798],[-84.291699,34.014777],[-84.291798,34.014775],[-84.291858,34.014792],[-84.29203,34.014866],[-84.292173,34.014951],[-84.292353,34.015034],[-84.292516,34.015076],[-84.292711,34.015167],[-84.292985,34.0154],[-84.293007,34.015439],[-84.29307,34.01555],[-84.293173,34.015717],[-84.29322,34.015863],[-84.293287,34.016122],[-84.293402,34.016184],[-84.293529,34.016167],[-84.293658,34.016111],[-84.293943,34.016019],[-84.294013,34.016021],[-84.29412,34.016063],[-84.294186,34.016115],[-84.294271,34.016183],[-84.294374,34.016205],[-84.294473,34.016192],[-84.294659,34.016098],[-84.294769,34.016034],[-84.294842,34.015981],[-84.294956,34.015936],[-84.295131,34.015897],[-84.295367,34.015875],[-84.295623,34.015869],[-84.296312,34.015853],[-84.2965,34.015857],[-84.296797,34.01582],[-84.297263,34.015791],[-84.297758,34.015732],[-84.298011,34.015716],[-84.298285,34.0157],[-84.298525,34.015706],[-84.299173,34.0157],[-84.299769,34.0156],[-84.299934,34.01558],[-84.300207,34.015566],[-84.300247,34.015558],[-84.300462,34.015517],[-84.300738,34.015398],[-84.300916,34.015289],[-84.301114,34.015212],[-84.301301,34.01514],[-84.301358,34.015126],[-84.301536,34.015032],[-84.301621,34.014987],[-84.302901,34.014007],[-84.303003,34.013934],[-84.303167,34.0138],[-84.303278,34.013697],[-84.303422,34.013595],[-84.303602,34.013552],[-84.303771,34.013547],[-84.303933,34.013488],[-84.303987,34.013451],[-84.304087,34.013382],[-84.304244,34.0133],[-84.304401,34.013236],[-84.304624,34.013187],[-84.304884,34.013137],[-84.3051,34.013142],[-84.305479,34.013182],[-84.305625,34.013245]]]]}},
{"type":"Feature","properties":{"GEOID":"13121010136"},"geometry":{"type":"MultiPolygon","coordinates":[[[[-84.381168,33.886847],[-84.381693,33.886718],[-84.381679,33.886548],[-84.381652,33.886368],[-84.381615,33.886201],[-84.381523,33.88588],[-84.381395,33.88557],[-84.381349,33.885482],[-84.38131,33.885406],[-84.381214,33.885246],[-84.381046,33.885008],[-84.38087,33.884756],[-84.380724,33.884548],[-84.380699,33.884506],[-84.380524,33.884204],[-84.380415,33.883977],[-84.380408,33.88396],[-84.380359,33.883836],[-84.380328,33.883759],[-84.38013,33.883129],[-84.380021,33.882769],[-84.379943,33.882512],[-84.379893,33.882295],[-84.379855,33.882077],[-84.379839,33.881953],[-84.37983,33.881874],[-84.379816,33.881653],[-84.379812,33.881256],[-84.379812,33.881193],[-84.379812,33.881133],[-84.37981,33.880934],[-84.379808,33.880732],[-84.3798,33.879856],[-84.379794,33.878981],[-84.379793,33.878836],[-84.379787,33.878149],[-84.379787,33.877444],[-84.379806,33.877273],[-84.379845,33.877099],[-84.379894,33.876953],[-84.379943,33.876847],[-84.379223,33.876581],[-84.378969,33.876472],[-84.378759,33.876361],[-84.378633,33.876282],[-84.378301,33.876049],[-84.377516,33.875478],[-84.377233,33.875283],[-84.376911,33.875029],[-84.376824,33.874944],[-84.376745,33.874842],[-84.376339,33.874171],[-84.376325,33.874148],[-84.375732,33.873314],[-84.375686,33.873228],[-84.375656,33.873139],[-84.375359,33.873118],[-84.374978,33.873079],[-84.374912,33.873072],[-84.374865,33.873306],[-84.374811,33.873761],[-84.374752,33.873969],[-84.374582,33.874357],[-84.374523,33.874554],[-84.37452,33.874653],[-84.374556,33.874758],[-84.374651,33.8749],[-84.374726,33.87504],[-84.37471,33.875127],[-84.374674,33.875215],[-84.37456,33.875289],[-84.374432,33.875347],[-84.374391,33.875396],[-84.374389,33.875478],[-84.37442,33.875545],[-84.374527,33.875718],[-84.374531,33.875784],[-84.374509,33.87585],[-84.37442,33.875958],[-84.374339,33.876028],[-84.374232,33.876081],[-84.374092,33.876122],[-84.373847,33.876144],[-84.373351,33.876177],[-84.373053,33.876193],[-84.372691,33.876185],[-84.372507,33.876159],[-84.372381,33.876151],[-84.372275,33.876171],[-84.372195,33.876208],[-84.372094,33.876266],[-84.372006,33.87633],[-84.371988,33.876501],[-84.371992,33.876572],[-84.372036,33.876661],[-84.372187,33.876885],[-84.372218,33.876963],[-84.372222,33.877034],[-84.372207,33.877117],[-84.372165,33.877176],[-84.372098,33.87723],[-84.372055,33.877253],[-84.37203,33.877267],[-84.371877,33.877313],[-84.371465,33.877412],[-84.371056,33.877528],[-84.370958,33.877565],[-84.370863,33.877609],[-84.370773,33.877658],[-84.370343,33.877931],[-84.370307,33.87795],[-84.370252,33.877979],[-84.370156,33.878021],[-84.370038,33.878063],[-84.369955,33.878087],[-84.369759,33.878161],[-84.369664,33.878205],[-84.369573,33.878253],[-84.369485,33.878306],[-84.369402,33.878364],[-84.369324,33.878425],[-84.36925,33.878491],[-84.36908,33.878671],[-84.369006,33.878737],[-84.368927,33.878798],[-84.368842,33.878854],[-84.368752,33.878904],[-84.368655,33.878944],[-84.368553,33.878973],[-84.368447,33.878991],[-84.368214,33.879051],[-84.368197,33.879048],[-84.368169,33.879043],[-84.368156,33.879053],[-84.368075,33.87908],[-84.368049,33.879087],[-84.367969,33.879105],[-84.367861,33.879115],[-84.367815,33.879112],[-84.367763,33.879109],[-84.367751,33.879109],[-84.367709,33.879109],[-84.367686,33.87911],[-84.367661,33.879111],[-84.367512,33.879137],[-84.367469,33.879198],[-84.367412,33.879268],[-84.367276,33.87941],[-84.367206,33.879466],[-84.367116,33.879504],[-84.367042,33.879519],[-84.366967,33.879538],[-84.366803,33.879573],[-84.366737,33.879603],[-84.36665,33.87973],[-84.366601,33.879813],[-84.36654,33.879891],[-84.366517,33.879919],[-84.366492,33.879945],[-84.366446,33.879987],[-84.366399,33.880032],[-84.366156,33.880231],[-84.365724,33.880584],[-84.365587,33.880687],[-84.365517,33.880755],[-84.365454,33.880828],[-84.365399,33.880906],[-84.365352,33.880987],[-84.365293,33.881063],[-84.365228,33.881134],[-84.365073,33.881278],[-84.365073,33.881385],[-84.365072,33.881672],[-84.36507,33.882397],[-84.365069,33.88265],[-84.365051,33.883351],[-84.36504,33.883803],[-84.365013,33.884683],[-84.365072,33.886659],[-84.365086,33.886873],[-84.365102,33.887121],[-84.365109,33.888646],[-84.365112,33.889444],[-84.365854,33.889453],[-84.366406,33.88946],[-84.366572,33.889463],[-84.367719,33.88956],[-84.36823,33.889638],[-84.36871,33.88971],[-84.369219,33.889734],[-84.370518,33.889657],[-84.372394,33.889628],[-84.37315,33.889521],[-84.37411,33.88924],[-84.375022,33.88893],[-84.375799,33.888653],[-84.376882,33.888231],[-84.378057,33.887862],[-84.380108,33.887223],[-84.380768,33.887005],[-84.381168,33.886847]]]]}},
{"type":"Feature","properties":{"GEOID":"13121010137"},"geometry":{"type":"MultiPolygon","coordinates":[[[[-84.381588,33.887988],[-84.381693,33.887002],[-84.381696,33.8869],[-84.381693,33.886718],[-84.381168,33.886847],[-84.380768,33.887005],[-84.380108,33.887223],[-84.378057,33.887862],[-84.376882,33.888231],[-84.375799,33.888653],[-84.375022,33.88893],[-84.37411,33.88924],[-84.37315,33.889521],[-84.372394,33.889628],[-84.370518,33.889657],[-84.369219,33.889734],[-84.36871,33.88971],[-84.36823,33.889638],[-84.367719,33.88956],[-84.366572,33.889463],[-84.366406,33.88946],[-84.365854,33.889453],[-84.365112,33.889444],[-84.365134,33.891797],[-84.365068,33.892713],[-84.364861,33.893475],[-84.36483,33.893588],[-84.364512,33.89438],[-84.364189,33.895015],[-84.364349,33.895106],[-84.36454,33.895235],[-84.364753,33.895398],[-84.365758,33.896354],[-84.366126,33.89672],[-84.366738,33.897171],[-84.366841,33.897266],[-84.366928,33.897372],[-84.366956,33.897412],[-84.367415,33.898347],[-84.36761,33.898775],[-84.367777,33.899173],[-84.367874,33.899348],[-84.367947,33.899524],[-84.367993,33.89968],[-84.368095,33.900131],[-84.368118,33.900208],[-84.368157,33.900279],[-84.368521,33.900756],[-84.36902,33.901366],[-84.369269,33.901644],[-84.369366,33.901764],[-84.36961,33.902126],[-84.369702,33.902284],[-84.369944,33.902701],[-84.370121,33.902984],[-84.370293,33.903328],[-84.370389,33.90352],[-84.370423,33.903571],[-84.370484,33.903639],[-84.370577,33.903717],[-84.370669,33.903779],[-84.370844,33.90388],[-84.370962,33.903966],[-84.371061,33.904058],[-84.371172,33.90419],[-84.371809,33.904136],[-84.372046,33.904091],[-84.372206,33.904042],[-84.372359,33.903979],[-84.37249,33.903912],[-84.372677,33.903798],[-84.372937,33.903617],[-84.373347,33.903293],[-84.373657,33.903009],[-84.373805,33.902888],[-84.373997,33.902772],[-84.374209,33.902687],[-84.375691,33.902729],[-84.37677,33.902751],[-84.37687,33.902743],[-84.377027,33.902714],[-84.37721,33.902666],[-84.37738,33.90261],[-84.37757,33.902534],[-84.378282,33.902179],[-84.378304,33.902175],[-84.378419,33.902111],[-84.378533,33.902079],[-84.37864,33.902074],[-84.378803,33.902097],[-84.378832,33.902047],[-84.378943,33.901883],[-84.379827,33.900786],[-84.37999,33.900578],[-84.380258,33.900239],[-84.380639,33.899757],[-84.380767,33.899574],[-84.380883,33.899385],[-84.381121,33.898965],[-84.38127,33.898646],[-84.381399,33.898289],[-84.381491,33.897922],[-84.381522,33.897738],[-84.381552,33.89746],[-84.38156,33.897195],[-84.381542,33.896742],[-84.381514,33.896504],[-84.38137,33.895004],[-84.381253,33.89387],[-84.381159,33.892881],[-84.381148,33.892671],[-84.381154,33.892305],[-84.381221,33.891648],[-84.381288,33.891008],[-84.381317,33.890644],[-84.381501,33.888833],[-84.381581,33.88806],[-84.381588,33.887988]]]]}},
{"type":"Feature","properties":{"GEOID":"13121010004"},"geometry":{"type":"MultiPolygon","coordinates":[[[[-84.381069,33.870267],[-84.381086,33.868637],[-84.381092,33.867515],[-84.381063,33.867025],[-84.381043,33.866636],[-84.380991,33.866183],[-84.380983,33.866109],[-84.380967,33.866004],[-84.380922,33.865695],[-84.380839,33.86525],[-84.38082,33.865167],[-84.380734,33.864778],[-84.38028,33.864883],[-84.379421,33.865082],[-84.379123,33.865151],[-84.378238,33.865356],[-84.377849,33.865447],[-84.377747,33.865482],[-84.377651,33.865526],[-84.377537,33.865594],[-84.377436,33.865675],[-84.377071,33.866071],[-84.37697,33.866151],[-84.376872,33.866201],[-84.376761,33.866233],[-84.37641,33.866265],[-84.374394,33.866274],[-84.373586,33.866266],[-84.373495,33.866251],[-84.373408,33.866225],[-84.373235,33.866142],[-84.373084,33.866059],[-84.372892,33.865937],[-84.372823,33.865915],[-84.372761,33.865912],[-84.372665,33.86578],[-84.372608,33.865683],[-84.372312,33.865044],[-84.372268,33.864968],[-84.372203,33.86489],[-84.372125,33.864821],[-84.372035,33.864762],[-84.37194,33.864718],[-84.371786,33.864668],[-84.371623,33.864635],[-84.370824,33.864537],[-84.370553,33.864504],[-84.370328,33.864468],[-84.370024,33.864396],[-84.369636,33.864272],[-84.369184,33.864124],[-84.369093,33.86409],[-84.369019,33.865045],[-84.368946,33.865399],[-84.36887,33.865673],[-84.368759,33.866026],[-84.368648,33.866332],[-84.368493,33.866661],[-84.36835,33.866929],[-84.368178,33.867188],[-84.368032,33.867409],[-84.367925,33.86755],[-84.367548,33.868044],[-84.367248,33.868486],[-84.366846,33.868987],[-84.366577,33.869236],[-84.366361,33.869435],[-84.366004,33.869764],[-84.365688,33.870178],[-84.365558,33.870391],[-84.365493,33.87052],[-84.365439,33.870626],[-84.365289,33.87096],[-84.365209,33.871166],[-84.365099,33.871475],[-84.365021,33.871829],[-84.36497,33.872197],[-84.364939,33.872673],[-84.365087,33.876555],[-84.365098,33.8778],[-84.36511,33.880066],[-84.365074,33.88066],[-84.365073,33.881171],[-84.365073,33.881278],[-84.365228,33.881134],[-84.365293,33.881063],[-84.365352,33.880987],[-84.365399,33.880906],[-84.365454,33.880828],[-84.365517,33.880755],[-84.365587,33.880687],[-84.365724,33.880584],[-84.366156,33.880231],[-84.366399,33.880032],[-84.366446,33.879987],[-84.366492,33.879945],[-84.366517,33.879919],[-84.36654,33.879891],[-84.366601,33.879813],[-84.36665,33.87973],[-84.366737,33.879603],[-84.366803,33.879573],[-84.366967,33.879538],[-84.367042,33.879519],[-84.367116,33.879504],[-84.367206,33.879466],[-84.367276,33.87941],[-84.367412,33.879268],[-84.367469,33.879198],[-84.367512,33.879137],[-84.367661,33.879111],[-84.367686,33.87911],[-84.367709,33.879109],[-84.367751,33.879109],[-84.367763,33.879109],[-84.367815,33.879112],[-84.367861,33.879115],[-84.367969,33.879105],[-84.368049,33.879087],[-84.368075,33.87908],[-84.368156,33.879053],[-84.368169,33.879043],[-84.368197,33.879048],[-84.368214,33.879051],[-84.368447,33.878991],[-84.368553,33.878973],[-84.368655,33.878944],[-84.368752,33.878904],[-84.368842,33.878854],[-84.368927,33.878798],[-84.369006,33.878737],[-84.36908,33.878671],[-84.36925,33.878491],[-84.369324,33.878425],[-84.369402,33.878364],[-84.369485,33.878306],[-84.369573,33.878253],[-84.369664,33.878205],[-84.369759,33.878161],[-84.369955,33.878087],[-84.370038,33.878063],[-84.370156,33.878021],[-84.370252,33.877979],[-84.370307,33.87795],[-84.370343,33.877931],[-84.370773,33.877658],[-84.370863,33.877609],[-84.370958,33.877565],[-84.371056,33.877528],[-84.371465,33.877412],[-84.371877,33.877313],[-84.37203,33.877267],[-84.372055,33.877253],[-84.372098,33.87723],[-84.372165,33.877176],[-84.372207,33.877117],[-84.372222,33.877034],[-84.372218,33.876963],[-84.372187,33.876885],[-84.372036,33.876661],[-84.371992,33.876572],[-84.371988,33.876501],[-84.372006,33.87633],[-84.372094,33.876266],[-84.372195,33.876208],[-84.372275,33.876171],[-84.372381,33.876151],[-84.372507,33.876159],[-84.372691,33.876185],[-84.373053,33.876193],[-84.373351,33.876177],[-84.373847,33.876144],[-84.374092,33.876122],[-84.374232,33.876081],[-84.374339,33.876028],[-84.37442,33.875958],[-84.374509,33.87585],[-84.374531,33.875784],[-84.374527,33.875718],[-84.37442,33.875545],[-84.374389,33.875478],[-84.374391,33.875396],[-84.374432,33.875347],[-84.37456,33.875289],[-84.374674,33.875215],[-84.37471,33.875127],[-84.374726,33.87504],[-84.374651,33.8749],[-84.374556,33.874758],[-84.37452,33.874653],[-84.374523,33.874554],[-84.374582,33.874357],[-84.374752,33.873969],[-84.374811,33.873761],[-84.374865,33.873306],[-84.374912,33.873072],[-84.374978,33.873079],[-84.375359,33.873118],[-84.375656,33.873139],[-84.375686,33.873228],[-84.375732,33.873314],[-84.376325,33.874148],[-84.376339,33.874171],[-84.376745,33.874842],[-84.376824,33.874944],[-84.376911,33.875029],[-84.377233,33.875283],[-84.377516,33.875478],[-84.378301,33.876049],[-84.378633,33.876282],[-84.378759,33.876361],[-84.378969,33.876472],[-84.379223,33.876581],[-84.379943,33.876847],[-84.38051,33.875713],[-84.380635,33.875434],[-84.380676,33.875331],[-84.380681,33.875293],[-84.3807,33.875263],[-84.380731,33.875174],[-84.380811,33.87491],[-84.380862,33.874696],[-84.380887,33.874555],[-84.380907,33.874445],[-84.380998,33.873591],[-84.381036,33.87299],[-84.381045,33.872233],[-84.381049,33.87183],[-84.381069,33.870267]]]]}},
{"type":"Feature","properties":{"GEOID":"13121010005"},"geometry":{"type":"MultiPolygon","coordinates":[[[[-84.369605,33.8586],[-84.36783,33.8586],[-84.367817,33.860324],[-84.3678,33.860571],[-84.367772,33.860628],[-84.367723,33.860674],[-84.367671,33.8607],[-84.367616,33.860713],[-84.366644,33.860809],[-84.366495,33.860814],[-84.366426,33.860817],[-84.366235,33.860806],[-84.36585,33.86075],[-84.365644,33.860701],[-84.365496,33.860652],[-84.365174,33.860522],[-84.364587,33.860326],[-84.364405,33.860279],[-84.364267,33.860256],[-84.364022,33.86023],[-84.3636,33.860195],[-84.363522,33.860203],[-84.363444,33.860236],[-84.363796,33.860645],[-84.363728,33.860693],[-84.363677,33.860755],[-84.363308,33.861372],[-84.362999,33.861915],[-84.362934,33.861887],[-84.362862,33.861873],[-84.3625,33.861843],[-84.362244,33.86184],[-84.361449,33.861908],[-84.361265,33.861938],[-84.361136,33.861979],[-84.360972,33.862039],[-84.360739,33.862104],[-84.360218,33.862259],[-84.360131,33.86227],[-84.360033,33.862263],[-84.35992,33.862226],[-84.359831,33.862167],[-84.359776,33.862103],[-84.359707,33.861984],[-84.359667,33.861932],[-84.359607,33.861876],[-84.359542,33.861835],[-84.359455,33.861799],[-84.359368,33.86178],[-84.359107,33.861773],[-84.358923,33.861772],[-84.357956,33.861765],[-84.357953,33.862062],[-84.357943,33.863052],[-84.357934,33.864064],[-84.357822,33.864072],[-84.357552,33.864148],[-84.357173,33.864287],[-84.356861,33.864413],[-84.356679,33.864466],[-84.356512,33.864501],[-84.356269,33.864528],[-84.356031,33.86453],[-84.355962,33.864518],[-84.355903,33.864497],[-84.355788,33.864425],[-84.355699,33.86451],[-84.355592,33.864577],[-84.354312,33.86516],[-84.353619,33.865404],[-84.353502,33.865428],[-84.353403,33.865433],[-84.353303,33.865423],[-84.353207,33.865399],[-84.352576,33.865158],[-84.35248,33.865112],[-84.352354,33.865022],[-84.351569,33.864314],[-84.351463,33.864206],[-84.351343,33.864054],[-84.351159,33.86376],[-84.350827,33.863267],[-84.350766,33.863193],[-84.350476,33.862947],[-84.350377,33.862886],[-84.350272,33.862837],[-84.349814,33.862668],[-84.348483,33.862218],[-84.348314,33.862146],[-84.348284,33.862133],[-84.348121,33.862082],[-84.348117,33.862288],[-84.348155,33.864674],[-84.348162,33.865099],[-84.348163,33.865203],[-84.348173,33.86592],[-84.348177,33.866041],[-84.348185,33.866588],[-84.348189,33.866782],[-84.348194,33.867129],[-84.348205,33.867792],[-84.348213,33.86831],[-84.348218,33.868703],[-84.348231,33.869403],[-84.348232,33.869464],[-84.348233,33.869481],[-84.348236,33.872421],[-84.348234,33.872509],[-84.348237,33.873258],[-84.348237,33.873505],[-84.348239,33.873624],[-84.348239,33.874858],[-84.348238,33.875586],[-84.348227,33.876127],[-84.348167,33.877873],[-84.348138,33.879316],[-84.348114,33.880129],[-84.348098,33.881362],[-84.348091,33.88191],[-84.34809,33.882037],[-84.348124,33.882108],[-84.348187,33.882237],[-84.34819,33.883702],[-84.348192,33.885491],[-84.348194,33.886143],[-84.348189,33.887858],[-84.348184,33.88977],[-84.348181,33.890939],[-84.348231,33.890917],[-84.348315,33.890903],[-84.348341,33.890899],[-84.348438,33.89086],[-84.348519,33.890801],[-84.348585,33.890729],[-84.34862,33.890644],[-84.348668,33.890564],[-84.348725,33.890487],[-84.348803,33.890426],[-84.349107,33.890332],[-84.349206,33.890296],[-84.349303,33.890255],[-84.349396,33.89021],[-84.349573,33.890106],[-84.349756,33.889985],[-84.34978,33.88997],[-84.35022,33.889657],[-84.350779,33.889284],[-84.351129,33.889073],[-84.351401,33.888927],[-84.351527,33.888864],[-84.351692,33.888808],[-84.351795,33.888782],[-84.352109,33.888716],[-84.352211,33.888685],[-84.352405,33.888606],[-84.352589,33.888511],[-84.352683,33.888467],[-84.35278,33.888427],[-84.352982,33.888363],[-84.353088,33.888347],[-84.353196,33.888341],[-84.353262,33.888354],[-84.35342,33.888398],[-84.353439,33.888404],[-84.353472,33.888414],[-84.353569,33.888453],[-84.353676,33.888465],[-84.353784,33.888464],[-84.353891,33.888452],[-84.35408,33.888407],[-84.354103,33.888407],[-84.354152,33.888377],[-84.354231,33.888316],[-84.354372,33.888179],[-84.354457,33.888124],[-84.354503,33.888101],[-84.354742,33.888037],[-84.354849,33.888024],[-84.354957,33.888026],[-84.355064,33.888038],[-84.355168,33.888061],[-84.35527,33.888091],[-84.355362,33.888138],[-84.355463,33.888169],[-84.355569,33.888185],[-84.355893,33.888175],[-84.356001,33.888168],[-84.356109,33.888175],[-84.356213,33.888197],[-84.356315,33.888227],[-84.356408,33.888273],[-84.356512,33.888296],[-84.35662,33.888294],[-84.356726,33.888277],[-84.356825,33.888242],[-84.356916,33.888194],[-84.357022,33.888177],[-84.357128,33.888193],[-84.357214,33.888247],[-84.357313,33.88828],[-84.357416,33.888257],[-84.3575,33.888201],[-84.357557,33.888099],[-84.357632,33.887808],[-84.357694,33.887635],[-84.357772,33.887467],[-84.357866,33.887304],[-84.357974,33.887148],[-84.358038,33.887076],[-84.358111,33.88701],[-84.358461,33.886769],[-84.35859,33.886697],[-84.358747,33.886573],[-84.358822,33.886509],[-84.358867,33.886427],[-84.35889,33.886339],[-84.358886,33.88616],[-84.358897,33.886116],[-84.358915,33.886083],[-84.358932,33.886071],[-84.358982,33.886053],[-84.359088,33.886037],[-84.359186,33.886005],[-84.359205,33.885995],[-84.359281,33.885959],[-84.359288,33.88595],[-84.359342,33.885886],[-84.359354,33.885797],[-84.359301,33.885718],[-84.359242,33.885643],[-84.359175,33.885572],[-84.359098,33.885509],[-84.359034,33.885437],[-84.358984,33.885357],[-84.358955,33.88527],[-84.358951,33.88518],[-84.358957,33.88509],[-84.358974,33.885001],[-84.359002,33.884914],[-84.359048,33.884813],[-84.359181,33.884374],[-84.359197,33.884285],[-84.359193,33.884195],[-84.359168,33.884108],[-84.359131,33.884023],[-84.359074,33.883947],[-84.358993,33.883888],[-84.358946,33.883807],[-84.358923,33.883722],[-84.358969,33.883681],[-84.358996,33.883657],[-84.359101,33.883635],[-84.359202,33.883607],[-84.35927,33.883538],[-84.359296,33.883451],[-84.359273,33.883363],[-84.359277,33.883274],[-84.359324,33.883193],[-84.359401,33.88313],[-84.359504,33.883105],[-84.359599,33.883061],[-84.35968,33.883002],[-84.359784,33.882861],[-84.359925,33.882566],[-84.35997,33.882485],[-84.360053,33.882429],[-84.360159,33.882429],[-84.360246,33.88248],[-84.36028,33.882566],[-84.360336,33.882642],[-84.360423,33.882696],[-84.360521,33.882732],[-84.360627,33.88275],[-84.360735,33.882749],[-84.36084,33.882732],[-84.360926,33.882678],[-84.360987,33.882604],[-84.361014,33.882517],[-84.361056,33.882434],[-84.361113,33.882358],[-84.361183,33.882289],[-84.361272,33.882239],[-84.361375,33.882211],[-84.361479,33.882188],[-84.361585,33.882171],[-84.361635,33.882171],[-84.361692,33.882171],[-84.361792,33.882138],[-84.361868,33.882074],[-84.361918,33.881995],[-84.361999,33.881935],[-84.362075,33.881901],[-84.362094,33.881894],[-84.362201,33.881889],[-84.362301,33.881919],[-84.362408,33.882076],[-84.362449,33.882159],[-84.362526,33.882221],[-84.362628,33.882251],[-84.362735,33.882263],[-84.363058,33.882245],[-84.363165,33.882257],[-84.363468,33.882354],[-84.363573,33.882373],[-84.363681,33.88238],[-84.363787,33.882364],[-84.363885,33.882327],[-84.363977,33.88228],[-84.364106,33.882186],[-84.364278,33.882018],[-84.364331,33.881966],[-84.364631,33.881684],[-84.364758,33.881567],[-84.364812,33.881517],[-84.364838,33.881494],[-84.364871,33.881463],[-84.365073,33.881278],[-84.365073,33.881171],[-84.365074,33.88066],[-84.36511,33.880066],[-84.365098,33.8778],[-84.365087,33.876555],[-84.364939,33.872673],[-84.36497,33.872197],[-84.365021,33.871829],[-84.365099,33.871475],[-84.365209,33.871166],[-84.365289,33.87096],[-84.365439,33.870626],[-84.365493,33.87052],[-84.365558,33.870391],[-84.365688,33.870178],[-84.366004,33.869764],[-84.366361,33.869435],[-84.366577,33.869236],[-84.366846,33.868987],[-84.367248,33.868486],[-84.367548,33.868044],[-84.367925,33.86755],[-84.368032,33.867409],[-84.368178,33.867188],[-84.36835,33.866929],[-84.368493,33.866661],[-84.368648,33.866332],[-84.368759,33.866026],[-84.36887,33.865673],[-84.368946,33.865399],[-84.369019,33.865045],[-84.369093,33.86409],[-84.369382,33.860879],[-84.369489,33.859953],[-84.369605,33.8586]]]]}},
{"type":"Feature","properties":{"GEOID":"13121010007"},"geometry":{"type":"MultiPolygon","coordinates":[[[[-84.36783,33.8586],[-84.348222,33.8586],[-84.348207,33.859131],[-84.348188,33.859834],[-84.348121,33.862082],[-84.348284,33.862133],[-84.348314,33.862146],[-84.348483,33.862218],[-84.349814,33.862668],[-84.350272,33.862837],[-84.350377,33.862886],[-84.350476,33.862947],[-84.350766,33.863193],[-84.350827,33.863267],[-84.351159,33.86376],[-84.351343,33.864054],[-84.351463,33.864206],[-84.351569,33.864314],[-84.352354,33.865022],[-84.35248,33.865112],[-84.352576,33.865158],[-84.353207,33.865399],[-84.353303,33.865423],[-84.353403,33.865433],[-84.353502,33.865428],[-84.353619,33.865404],[-84.354312,33.86516],[-84.355592,33.864577],[-84.355699,33.86451],[-84.355788,33.864425],[-84.355903,33.864497],[-84.355962,33.864518],[-84.356031,33.86453],[-84.356269,33.864528],[-84.356512,33.864501],[-84.356679,33.864466],[-84.356861,33.864413],[-84.357173,33.864287],[-84.357552,33.864148],[-84.357822,33.864072],[-84.357934,33.864064],[-84.357943,33.863052],[-84.357953,33.862062],[-84.357956,33.861765],[-84.358923,33.861772],[-84.359107,33.861773],[-84.359368,33.86178],[-84.359455,33.861799],[-84.359542,33.861835],[-84.359607,33.861876],[-84.359667,33.861932],[-84.359707,33.861984],[-84.359776,33.862103],[-84.359831,33.862167],[-84.35992,33.862226],[-84.360033,33.862263],[-84.360131,33.86227],[-84.360218,33.862259],[-84.360739,33.862104],[-84.360972,33.862039],[-84.361136,33.861979],[-84.361265,33.861938],[-84.361449,33.861908],[-84.362244,33.86184],[-84.3625,33.861843],[-84.362862,33.861873],[-84.362934,33.861887],[-84.362999,33.861915],[-84.363308,33.861372],[-84.363677,33.860755],[-84.363728,33.860693],[-84.363796,33.860645],[-84.363444,33.860236],[-84.363522,33.860203],[-84.3636,33.860195],[-84.364022,33.86023],[-84.364267,33.860256],[-84.364405,33.860279],[-84.364587,33.860326],[-84.365174,33.860522],[-84.365496,33.860652],[-84.365644,33.860701],[-84.36585,33.86075],[-84.366235,33.860806],[-84.366426,33.860817],[-84.366495,33.860814],[-84.366644,33.860809],[-84.367616,33.860713],[-84.367671,33.8607],[-84.367723,33.860674],[-84.367772,33.860628],[-84.3678,33.860571],[-84.367817,33.860324],[-84.36783,33.8586]]]]}},
{"type":"Feature","properties":{"GEOID":"13089021813"},"geometry":{"type":"MultiPolygon","coordinates":[[[[-84.23737,33.898423],[-84.23737,33.904608],[-84.237521,33.904702],[-84.237756,33.904859],[-84.238025,33.905038],[-84.238073,33.90507],[-84.23928,33.904308],[-84.24035,33.903618],[-84.2442,33.901317],[-84.244083,33.901019],[-84.243879,33.900528],[-84.243591,33.899723],[-84.243433,33.899284],[-84.243401,33.899193],[-84.242843,33.897774],[-84.242411,33.897903],[-84.242028,33.897985],[-84.241992,33.897993],[-84.241707,33.89809],[-84.241309,33.898186],[-84.240313,33.898363],[-84.239894,33.898458],[-84.239706,33.89848],[-84.239404,33.898482],[-84.239081,33.898474],[-84.238853,33.898426],[-84.238532,33.898303],[-84.23838,33.898281],[-84.237998,33.898317],[-84.237504,33.898404],[-84.23737,33.898423]]]]}}
]
}
