{"type":"FeatureCollection","features":[{"type":"Feature","geometry":{"type":"Polygon","coordinates":[[[-84.35636635253258,33.87833242953299],[-84.35669315519272,33.87883428059988],[-84.35616265992614,33.87882718022435],[-84.35614958253478,33.88036412154554],[-84.35574423974944,33.880705520674944],[-84.3548761870344,33.88153509077993],[-84.35472860583558,33.88185135884946],[-84.35394274508738,33.88185976608804],[-84.35138177960042,33.88189731676208],[-84.35118490032293,33.88190035991785],[-84.35004467786955,33.881832650381575],[-84.34929385716465,33.88204126731368],[-84.34896760508296,33.88202011832858],[-84.3490197351966,33.88212583389314],[-84.34902203666097,33.883591298187355],[-84.34902499371863,33.88538004210895],[-84.3490263817359,33.8860323958138],[-84.34901680782885,33.88965931790436],[-84.34901354045262,33.890837970158245],[-84.34895575524884,33.89270785980562],[-84.34880298103953,33.90340057975271],[-84.34883855442072,33.90463000065212],[-84.34884057811125,33.90479902425693],[-84.34873884416125,33.9077225360386],[-84.3487123575451,33.91231789163789],[-84.3487110762644,33.91248278412912],[-84.34871879380563,33.914562112383884],[-84.34872935498647,33.915276977646215],[-84.34869954038619,33.91714164848263],[-84.34870504194234,33.9177946725794],[-84.34868337123805,33.91883901342669],[-84.34867812158727,33.91908671115893],[-84.34867512536485,33.919227906612576],[-84.3486721283802,33.91936874772279],[-84.34865938889813,33.91996272724236],[-84.34864291487301,33.92073430929193],[-84.34863995137654,33.92128977276699],[-84.34863625782798,33.921870677701214],[-84.3486295558016,33.92298644730063],[-84.34859435046909,33.92851961186003],[-84.34859320767424,33.928765562084905],[-84.34858828145966,33.92954983264171],[-84.3485869943854,33.92971165102197],[-84.34858649546197,33.92986108704777],[-84.348579593569,33.93088270998947],[-84.34858152634784,33.931024578620246],[-84.3485816748867,33.93147802705782],[-84.34855798454345,33.931957985235975],[-84.34855294239705,33.93230426273117],[-84.34856022352503,33.93262750249367],[-84.34857325894114,33.93293938762945],[-84.3485540842642,33.93362439124631],[-84.34854917055343,33.934015346007506],[-84.34855095213582,33.9352527009269],[-84.34854256698655,33.937895420091294],[-84.3485233814237,33.93817644200841],[-84.34848335939152,33.939513146093624],[-84.34847172576804,33.94024485662528],[-84.34846239317027,33.94322663415607],[-84.34846043325523,33.94462374050316],[-84.3484563666175,33.94814725015291],[-84.3483363503477,33.951789780520265],[-84.34827242970492,33.95625150493863],[-84.34828106610968,33.95836482822263],[-84.34828915938412,33.9602370216966],[-84.34824716961577,33.968030155551816],[-84.3476823385981,33.96803066119522],[-84.34752812336234,33.966853968331385],[-84.34764861324865,33.966508911606745],[-84.34758867278896,33.966239000052646],[-84.34737959446193,33.96603180725914],[-84.34728293156952,33.965938865390825],[-84.34701239513521,33.96590111434903],[-84.346926141298,33.96605170928352],[-84.34583873408215,33.966927211417456],[-84.34390078275189,33.96803445000163],[-84.34325019401247,33.96803503172066],[-84.34301956014463,33.968155927662224],[-84.3427718980896,33.96841324892227],[-84.34218609685658,33.96865178735501],[-84.34173170008356,33.96903135400493],[-84.34141487746811,33.96934337956009],[-84.34109520014546,33.9694736768966],[-84.34047766276647,33.96993039118064],[-84.34015113322019,33.96993670163394],[-84.339876775709,33.96922738333042],[-84.33964435880071,33.96929467296405],[-84.33967256146236,33.96936883341842],[-84.33972062218244,33.96949243267396],[-84.339765390363,33.96960229578106],[-84.33931905620317,33.96990696133592],[-84.33910487972655,33.97001648079207],[-84.33823065306673,33.97075663069629],[-84.33810369646554,33.970781867359875],[-84.33798418865308,33.970807801299],[-84.33789348962941,33.970819953386865],[-84.33779868626787,33.97082147284898],[-84.33770712817166,33.97081264880101],[-84.33757182645724,33.9707798589513],[-84.33749590208564,33.97074973469898],[-84.33732011524334,33.97067338377801],[-84.33713279400136,33.97061008156252],[-84.33673991926305,33.970429247119085],[-84.3361274771161,33.97014360345354],[-84.3360251447771,33.97010252204168],[-84.33592118296212,33.97006315677345],[-84.33581637514595,33.97002550656799],[-84.33570085293921,33.969986184951175],[-84.33562412307275,33.96996120260909],[-84.33554573030031,33.9699369302761],[-84.33427101925622,33.96957692299973],[-84.33359774281058,33.9693707195333],[-84.33294514189784,33.96919846937993],[-84.33221913232765,33.96901015199893],[-84.33213169801488,33.96898760363507],[-84.3320442288334,33.96896434838197],[-84.33195679398172,33.968941473506085],[-84.33186932597674,33.968918218126774],[-84.33178188985254,33.9688946362542],[-84.3316952372448,33.96887105326873],[-84.33160780121472,33.96884747037035],[-84.33152117980087,33.96882317944474],[-84.33143371077551,33.96879927098],[-84.3313470905417,33.968774979929904],[-84.33126046932689,33.96875071586873],[-84.33094035152469,33.9686594203681],[-84.33084464722539,33.96863242088586],[-84.33073488950703,33.968599915808745],[-84.33065404742234,33.96857460945162],[-84.3305591543681,33.96854450617471],[-84.33043785314311,33.96850379879428],[-84.33034461930009,33.96847094499089],[-84.33022497774661,33.968427133603036],[-84.33014576032417,33.9683973355615],[-84.33004095098191,33.968355926056006],[-84.32993613603102,33.9683120947038],[-84.32980409493527,33.96825591914183],[-84.32969764661694,33.968211735411856],[-84.32956479344158,33.968157982431975],[-84.32943027633127,33.968104911333654],[-84.32929576243816,33.96805287424718],[-84.32918768827689,33.9680121481506],[-84.32910680558386,33.96798202524786],[-84.32899788579903,33.96794266065202],[-84.32888896637591,33.96790400373452],[-84.32880727121935,33.96787559569405],[-84.32872475911182,33.96784718867482],[-84.32861502720807,33.96781021952409],[-84.32852509313521,33.96777735999428],[-84.32843516217144,33.96774553455826],[-84.32833199798209,33.96771029755938],[-84.32824125339812,33.96768018703898],[-84.3281364609685,33.967647346729215],[-84.32801847018581,33.96761177548042],[-84.32789885089456,33.96757792024075],[-84.32779324885132,33.96754886301542],[-84.32769921729397,33.9675245790917],[-84.32760597232682,33.96750135528007],[-84.32752514341354,33.9674825773131],[-84.32741706978773,33.96745798513693],[-84.32628694778852,33.96720970043848],[-84.32603863581826,33.9671615887286],[-84.3259462466507,33.96714247125438],[-84.3258538643848,33.9671264552922],[-84.32575077323695,33.96711146021818],[-84.32564687155717,33.967099922033825],[-84.32555283887106,33.96709247882595],[-84.3254390538448,33.96708712935683],[-84.32533432126698,33.967085550430134],[-84.32523949100924,33.96708738663545],[-84.3251347705458,33.96709233799434],[-84.32404230235652,33.96714010492544],[-84.32394995775915,33.96714435872406],[-84.32385761375278,33.967148938841],[-84.32376608755418,33.96715455200884],[-84.3236506611684,33.96716226392361],[-84.32353523660869,33.96717098194148],[-84.32344374597278,33.96717830881378],[-84.32335140883698,33.967186670859824],[-84.32323680564944,33.96719780931745],[-84.32314528628267,33.967207204332624],[-84.32301915728861,33.9672200712303],[-84.32293093870798,33.96723084949403],[-84.32284190727088,33.96724331566669],[-84.32191608714567,33.967347202823774],[-84.3217957253495,33.96735285089662],[-84.32169511402284,33.967354691657924],[-84.32160524099613,33.96735377066571],[-84.32151454712276,33.967350130437495],[-84.32142463291486,33.96734439288353],[-84.32133474684908,33.96733626141364],[-84.3212456734698,33.96732573504249],[-84.32114669773189,33.96731108437985],[-84.32100893908168,33.96728581605259],[-84.32090171908133,33.96726295811889],[-84.32078871203521,33.967235945436634],[-84.32068393167025,33.967207914338914],[-84.3203168301682,33.96711183436228],[-84.31991838833287,33.9670213147705],[-84.31944572062305,33.96691265608557],[-84.31933185584715,33.9668805002568],[-84.31922293829422,33.96683908661334],[-84.31911978443988,33.966788713496285],[-84.31902321193144,33.96672973334486],[-84.31893485603733,33.96666285373034],[-84.31885474826802,33.96658875175174],[-84.31865984099046,33.96641517907262],[-84.31858631304354,33.966349667591],[-84.31850704602228,33.966288598240155],[-84.31842367184005,33.96623202399618],[-84.31833534332632,33.96618062481869],[-84.31824290983175,33.96613434645529],[-84.31814637144227,33.966093242994255],[-84.31804736008095,33.966057992244465],[-84.3179458789305,33.96602856804901],[-84.31784114070304,33.96600464317727],[-84.31773556571098,33.9659872497163],[-84.31724232690698,33.96591229341455],[-84.3171483437246,33.96591276179519],[-84.31705185416509,33.96591802260093],[-84.31696778021977,33.96592672410045],[-84.31668829453018,33.965955226453026],[-84.31659017982925,33.96596495102215],[-84.31649371594328,33.96596577626356],[-84.31639886994199,33.9659586534359],[-84.31630567616243,33.96594401978957],[-84.31621740088615,33.96592214184703],[-84.31486527079343,33.96552254589054],[-84.31416730386033,33.965307639748026],[-84.31407241545655,33.965274775568844],[-84.31398496315497,33.965237440270876],[-84.31390161773993,33.9651946027863],[-84.31381822644833,33.96514455590126],[-84.31374724346493,33.965093786355844],[-84.31276064430196,33.96436533791645],[-84.31267398285843,33.96431183819725],[-84.31258566972105,33.96426625845203],[-84.31248583620258,33.96422412027325],[-84.31238601636187,33.96419057990036],[-84.312295260317,33.964167314469385],[-84.3122127777258,33.96415092310111],[-84.31178139976716,33.96407415771281],[-84.31164779962982,33.96405061501927],[-84.31153725723527,33.9640287599356],[-84.31141602886211,33.96400278156236],[-84.31130714550373,33.96397714200021],[-84.31121969049595,33.96395525949752],[-84.31069094663727,33.963826389637305],[-84.31057627390534,33.96379455211386],[-84.31046407217282,33.963757243235584],[-84.31035434465736,33.9637144350549],[-84.31025450603455,33.96366886618268],[-84.31015132419776,33.96361573828838],[-84.3100588841033,33.96356123633816],[-84.30996398152773,33.96349846566859],[-84.30931838480758,33.963026531874874],[-84.30924656140738,33.96297785516127],[-84.30917392113818,33.962929833029875],[-84.3091004679251,33.9628828730097],[-84.309026199511,33.962836920102745],[-84.30895108347919,33.9627920022954],[-84.30887515337218,33.96274811954743],[-84.30879755976999,33.96270527283817],[-84.3087200004249,33.962663459303535],[-84.30864077812592,33.96262300909316],[-84.30527219883054,33.96088658094955],[-84.30464423516159,33.96056746606805],[-84.30398160471319,33.960232930956906],[-84.30385948663711,33.96017638998508],[-84.30375223924557,33.960128048853],[-84.30365901265635,33.960087638057715],[-84.30356575530598,33.96004823344085],[-84.30347171521899,33.96000918306056],[-84.30337764493467,33.959971494097616],[-84.30328279082707,33.95993415846839],[-84.30318709010353,33.95989783172319],[-84.30309139115364,33.959862565214145],[-84.30299569336835,33.959827979357115],[-84.30291482981465,33.9597999065859],[-84.30180773309944,33.95940435724658],[-84.30171286573717,33.959377660512914],[-84.3016163672891,33.95935267858483],[-84.30151984081681,33.95933047272005],[-84.30142253422956,33.95931030801464],[-84.30132519848614,33.959292211595596],[-84.3012262337876,33.95927651160067],[-84.30112727293368,33.959263232389475],[-84.30102831479287,33.959252347816125],[-84.30091616741629,33.95924251171455],[-84.300816402082,33.959236416390375],[-84.30071582255424,33.959232743641266],[-84.30061603182153,33.95923113828316],[-84.29994604028192,33.95943626341995],[-84.29945738948834,33.95961060623344],[-84.2993609714851,33.95963718557682],[-84.29924803032648,33.95966340035326],[-84.2991491188432,33.95968206413126],[-84.29906423805168,33.95969450864607],[-84.2989479790782,33.95970734026524],[-84.29886223878498,33.959713283033196],[-84.29872950837085,33.95971720693279],[-84.2986280832474,33.959715601717406],[-84.2985266842075,33.95970986062908],[-84.29775979049515,33.95965264206591],[-84.2976253790452,33.95964693448761],[-84.29749841830814,33.959644675680025],[-84.29737969156619,33.959645808031986],[-84.29726756507864,33.95964970937514],[-84.29587418237232,33.95968108324328],[-84.29574226146178,33.95968086821213],[-84.2956111836852,33.959677223270056],[-84.29547925142006,33.9596694703698],[-84.29534812982243,33.959658261447125],[-84.2952170026105,33.959643297115406],[-84.29508753603633,33.95962452153858],[-84.29495806279974,33.959601990557154],[-84.29483021726303,33.959576029759845],[-84.29470318302384,33.95954625861283],[-84.29457699155934,33.95951273208499],[-84.29445327771231,33.95947610035776],[-84.29433034170462,33.959435685374984],[-84.2942090983876,33.959391840530216],[-84.29409029977707,33.95934456504989],[-84.29397312944361,33.959294185272725],[-84.29385843468806,33.95924002050106],[-84.29374540125869,33.95918313369875],[-84.29363484499301,33.95912278830126],[-84.2924193204405,33.95843457287253],[-84.29232527399424,33.95838727038891],[-84.2922378017829,33.95834649070865],[-84.29214788610736,33.95830914234399],[-84.29204725812706,33.9582714504858],[-84.29195402073417,33.958239928069084],[-84.29185092196404,33.958209122486345],[-84.29174616407587,33.958182428118576],[-84.29164885908739,33.95816089512173],[-84.29154163034023,33.958141086108505],[-84.29144267025612,33.95812641240217],[-84.28911306113724,33.9578250658102],[-84.28899760723193,33.95780697765481],[-84.28888874679755,33.95778716794976],[-84.28878154609835,33.957764254904724],[-84.28867597585906,33.95773894633023],[-84.28856791817967,33.95770985690123],[-84.28846152293745,33.95767801847459],[-84.28835593918551,33.95764307755637],[-84.28825198326237,33.95760538587844],[-84.2881496898012,33.95756494431231],[-84.288039975021,33.95751765400615],[-84.2866671612222,33.95689723427946],[-84.28611765753702,33.95662191769401],[-84.28602773803689,33.95657939491588],[-84.2859370057334,33.956538968241],[-84.28585862523182,33.95650535846438],[-84.28576541687411,33.95646836204676],[-84.28568456032852,33.95643821049177],[-84.28558969108983,33.956404970824046],[-84.2855072062662,33.95637792232304],[-84.28541070925144,33.956348139124216],[-84.28532741236496,33.95632449312554],[-84.28522843973506,33.956298494496416],[-84.28514429897263,33.9562779507843],[-84.28504451524623,33.9562560615033],[-84.28495874664155,33.95623897426545],[-84.28487216414022,33.95622324920661],[-84.28478558299321,33.95620926422619],[-84.2846833289013,33.956194941675754],[-84.28455054220481,33.95617890633984],[-84.28443265514395,33.95617044830923],[-84.2843353487432,33.95616847303057],[-84.28424137504017,33.95616820938702],[-84.28414243029128,33.9561621268049],[-84.28368890482581,33.95612579944019],[-84.28345882393262,33.956092685691054],[-84.2832708255283,33.9560784432898],[-84.28318755200496,33.95607131092751],[-84.28310427849657,33.95606417941053],[-84.2830210056028,33.95605669439865],[-84.2829376987369,33.95604888207176],[-84.28285442430867,33.956041042609066],[-84.28277115101424,33.956033230137734],[-84.28268787617318,33.95602506417355],[-84.28260456840916,33.9560165447461],[-84.28252211005103,33.956008051511596],[-84.28243883541779,33.955999204649984],[-84.28235555968428,33.95599033158585],[-84.28134539525333,33.95584322959497],[-84.27957098174602,33.9569853581631],[-84.27775250338107,33.957874969429014],[-84.27657753887186,33.958449737636194],[-84.27645311126226,33.958510662522585],[-84.27641097544802,33.958449886250435],[-84.27573199960297,33.95746357222029],[-84.27378827247904,33.95845219661098],[-84.27352660919084,33.95859878427583],[-84.2734867346644,33.95862113055015],[-84.27340519130318,33.958693334160365],[-84.2733277472852,33.95875318097095],[-84.27271324266954,33.959199268061326],[-84.27265804128027,33.959237680738426],[-84.2721967167512,33.95955868756231],[-84.27162417851844,33.95996658534733],[-84.27046674200854,33.96078170436269],[-84.2704492539043,33.960793146327525],[-84.27025749748141,33.960918607839204],[-84.27015779573092,33.96099256559831],[-84.27007871827263,33.96105548626758],[-84.2700495880647,33.96108010801827],[-84.27004456494652,33.961084357096055],[-84.27004195444685,33.961086536717175],[-84.27001037808671,33.961113254991886],[-84.269944488118,33.96117238217674],[-84.26987201206914,33.961240820538116],[-84.26980283709847,33.96131094393548],[-84.26974354882988,33.9613749081166],[-84.26967930866743,33.96144845529544],[-84.26961181522653,33.96153234411461],[-84.26955335821823,33.961609341422665],[-84.26949820234009,33.961688050838255],[-84.26944634461408,33.96176779073841],[-84.26942072919185,33.96181009571198],[-84.26941893651838,33.96181303560988],[-84.26941456936855,33.9618202495641],[-84.26939697108028,33.96184924253481],[-84.26934597702434,33.96194100846806],[-84.26921596988166,33.962177812782386],[-84.26901852741885,33.96254965916898],[-84.26846991137307,33.96366001908366],[-84.268136938701,33.9637808865716],[-84.26805367247931,33.963812545473],[-84.2679251064452,33.96386554612409],[-84.2678221024625,33.963912349494265],[-84.26773146938976,33.96395606807472],[-84.26765399347815,33.96399632076137],[-84.26757818442066,33.964037931685084],[-84.2666461642705,33.96450898149805],[-84.26609817173899,33.964790091764],[-84.26556665304685,33.96505845267709],[-84.26508045284899,33.965323346173975],[-84.26490083202718,33.96542484507471],[-84.2648642465412,33.96544392112283],[-84.26432727929136,33.96572381731662],[-84.26335076072523,33.96623849444649],[-84.26245087323461,33.96672116047432],[-84.26173672404695,33.96711448321204],[-84.26136969267117,33.96731663391992],[-84.26127080085325,33.967368571498845],[-84.26117105679947,33.96741811493383],[-84.2610688611375,33.96746526544965],[-84.26099140307136,33.96749898343512],[-84.26088672095034,33.967541646509325],[-84.26078040171791,33.96758158963913],[-84.26072347009051,33.96760135983395],[-84.26067241432959,33.96761911218383],[-84.26059080241401,33.96764562188517],[-84.26049518173325,33.96767456488166],[-84.26027672661576,33.96772041571295],[-84.25963541329342,33.967900566105556],[-84.25951256701009,33.967938779582234],[-84.25939965106426,33.967979733610115],[-84.25929744891256,33.96802242051069],[-84.25919032354643,33.96807264771804],[-84.25909306029173,33.96812357520239],[-84.26006952047396,33.96900603188765],[-84.26088009954823,33.96977041007028],[-84.2612507329195,33.97009682981651],[-84.26168501494246,33.97059698671399],[-84.26175686549458,33.97068762121788],[-84.26180392730137,33.970748397680666],[-84.2618749629112,33.970839712568704],[-84.26194514811827,33.97093105421975],[-84.26201451825072,33.97102305104076],[-84.26206076483442,33.971084154421646],[-84.26212931965402,33.97117650524457],[-84.2621739017321,33.97123831764827],[-84.26219418800437,33.971272068675596],[-84.26264895267336,33.97202803061542],[-84.26267362232011,33.9720686620491],[-84.26275470024773,33.97220211594644],[-84.26280508414615,33.97228247992888],[-84.26285546919226,33.972362817741526],[-84.26290670236865,33.97244280053051],[-84.26295790280858,33.972522457835915],[-84.26304466317684,33.97265500906664],[-84.26309752896333,33.97273430976647],[-84.26315121045293,33.97281328431629],[-84.26320489272466,33.97289190540395],[-84.26327676236227,33.97299627883335],[-84.2633321088797,33.97307454421777],[-84.26340642706697,33.973178235819475],[-84.26348077898197,33.973281926446234],[-84.26354731088216,33.973459852169015],[-84.2635476040039,33.973459715792856],[-84.26360022310107,33.97343521236959],[-84.26371923460069,33.973379747975066],[-84.2637673826062,33.97335867688606],[-84.26376829740421,33.973358975503785],[-84.26376783886045,33.97335829513865],[-84.26406785167882,33.97322168456379],[-84.26411730621696,33.97320104778834],[-84.2641057294384,33.973187316188806],[-84.2640842762156,33.97316191906675],[-84.26410897741198,33.97314298882685],[-84.26414194901629,33.973130936840725],[-84.26416506461034,33.97315358358103],[-84.26418406111476,33.97317315903942],[-84.2649951135049,33.97283449084085],[-84.26544093809898,33.97258094937723],[-84.26542611065567,33.97258063488856],[-84.26586535080719,33.97234015720393],[-84.26615957084417,33.972199410428296],[-84.26645379032223,33.972059015482905],[-84.26715457309488,33.971918289439095],[-84.26782743747917,33.97189439241248],[-84.26844442205793,33.97203403954936],[-84.26881075095952,33.972197238563915],[-84.2692298857744,33.97238411784984],[-84.26945593645395,33.97248321711541],[-84.27167951960071,33.97345864997222],[-84.27178264582534,33.973503566540344],[-84.27262444400141,33.97404045021191],[-84.27312973755512,33.97453090014685],[-84.27338270883985,33.97502156702479],[-84.27349559326183,33.97560579309222],[-84.27352791587037,33.975728397697004],[-84.27369032961269,33.97635140805527],[-84.27373423506269,33.97651557912635],[-84.2738857987175,33.97702625077372],[-84.27422134184805,33.9776161315171],[-84.2745180056597,33.97808820127453],[-84.27496890561808,33.97859210532253],[-84.27540734252038,33.97899947908886],[-84.27602559034185,33.97943863613577],[-84.27667595001162,33.97982622721443],[-84.27728978532765,33.98002593842217],[-84.27792736785425,33.980074503907375],[-84.27804197145034,33.98006991014752],[-84.27852445826807,33.980079105459154],[-84.2789059954835,33.97986954433268],[-84.27928666437077,33.97959712880322],[-84.2797749509213,33.97902952700136],[-84.28007368968805,33.97855314134389],[-84.2806987866466,33.977917739133915],[-84.28145924159101,33.97739556241144],[-84.28217054340185,33.97709809655212],[-84.28238320573504,33.977009275209674],[-84.28336241913684,33.97664559370959],[-84.28350089510565,33.976594961436454],[-84.28442239474892,33.97625916211811],[-84.28542804357845,33.97594044344227],[-84.28648251739239,33.97574223423531],[-84.28676034602911,33.97568974854765],[-84.28817502290526,33.97538124674273],[-84.28893036888618,33.97535301710699],[-84.28907218965114,33.97533913536876],[-84.28916043972524,33.97534146932192],[-84.28926189005394,33.97534857858993],[-84.2893896821437,33.97534466890265],[-84.2895472026372,33.975346580043116],[-84.28967915068179,33.97534884203295],[-84.28978471922642,33.97535766164304],[-84.28990185860123,33.97537299914035],[-84.29002474136573,33.97538457640484],[-84.29012454025465,33.97540061089567],[-84.29023836223703,33.97540289137033],[-84.29032326489694,33.975393881808635],[-84.29047502267755,33.975408503243365],[-84.29056248415613,33.975430400431385],[-84.29066970192457,33.97545021022665],[-84.29075385689109,33.97546661430761],[-84.29121493387272,33.97552456748005],[-84.29196961340196,33.97562099378195],[-84.29219732862776,33.97569566866426],[-84.29230376105029,33.975713763847274],[-84.29240764958034,33.975712270141464],[-84.29261812211345,33.97583161300306],[-84.29274680684611,33.97585724875208],[-84.29283260075562,33.97587707770604],[-84.29296462291678,33.97592812389043],[-84.29309250047848,33.975960289669054],[-84.29321377491033,33.976009631736716],[-84.29326748316072,33.97606385968915],[-84.29334832897902,33.97609433253957],[-84.29343992184405,33.97612653620411],[-84.29353236507423,33.97618036979193],[-84.29359673880387,33.976224954550936],[-84.29367763119618,33.97626473280002],[-84.29376344925326,33.97630037015796],[-84.29388065947009,33.97638372773391],[-84.29398464780586,33.97642688282894],[-84.29407869918849,33.97646354561034],[-84.29416039881849,33.97649714657818],[-84.29425534036673,33.97656161619612],[-84.29433712441366,33.97665085979513],[-84.29462258159299,33.97674329355978],[-84.29470922740522,33.97678545985758],[-84.29480165408388,33.976827973511554],[-84.29489493139421,33.976871138985246],[-84.29496918590712,33.976904747170565],[-84.29505008317999,33.97694691922014],[-84.29516392137381,33.97698010459804],[-84.29528273222596,33.97701880892441],[-84.29536525614279,33.9770565160261],[-84.29544695529984,33.9770883741979],[-84.29551547998265,33.9771336334251],[-84.29559632194466,33.97716035043231],[-84.29572010371135,33.977203156926045],[-84.29585789667202,33.97726690052716],[-84.29593220150467,33.97731182706436],[-84.2960295767406,33.97736461941862],[-84.29611871330722,33.97741195201217],[-84.29628208269669,33.9774557504504],[-84.29636216338584,33.97751887353048],[-84.29646949383319,33.977588144843956],[-84.29656606618975,33.977649862793704],[-84.29665771216756,33.97771436106961],[-84.29762943534361,33.978421321066534],[-84.29772357160954,33.97851155634869],[-84.29778716839523,33.978557880756895],[-84.29788209253282,33.978628878028985],[-84.29795476571284,33.97869442971774],[-84.29802579050605,33.97874999673655],[-84.29815790428184,33.97885635364399],[-84.29888360231328,33.979364665316375],[-84.29909223704867,33.97988830418392],[-84.2991467659373,33.97996244551182],[-84.29920046819731,33.98002970380827],[-84.29925257100287,33.9801186226068],[-84.29934260778087,33.98021713253289],[-84.29940296606112,33.980300872453704],[-84.29946080977783,33.980384969395274],[-84.29951703008696,33.98047527123127],[-84.29955509972515,33.98055046430088],[-84.29958983064765,33.98062084449118],[-84.29963533975754,33.98071181151612],[-84.29968166933354,33.98080555193148],[-84.29971561169472,33.980894136714284],[-84.29974130511553,33.98097037726376],[-84.29978180886208,33.981034901418326],[-84.29981081566478,33.98112109679837],[-84.29982993086361,33.981209723734025],[-84.29985479253197,33.98129728413656],[-84.29988048189075,33.98137145633186],[-84.29990203088543,33.98145009603988],[-84.29994096722822,33.981556551830685],[-84.29996913040851,33.98162487069053],[-84.29998410438765,33.981717966018145],[-84.29998753302074,33.98180108656969],[-84.29999014883184,33.98188627632467],[-84.2999943908624,33.981967682908085],[-84.3000160434108,33.98209167953963],[-84.30000959797813,33.982189232250505],[-84.30000232815374,33.982302948352185],[-84.3000008327873,33.98239053726616],[-84.29999443294304,33.98251731333575],[-84.2999954109956,33.9826210620651],[-84.29999223330202,33.98269869346693],[-84.29998657867547,33.98278011076245],[-84.29998340207344,33.982858449935094],[-84.2999654105102,33.98294570327592],[-84.29995894355234,33.983029542305246],[-84.29994421251163,33.98311303684809],[-84.29991555252964,33.98322881646728],[-84.29989171877361,33.98329825373361],[-84.29987452758353,33.98337486703546],[-84.29980872534202,33.98348796572956],[-84.29978492385506,33.98355737588887],[-84.29973143996425,33.983631280277734],[-84.29968288121873,33.98370142405837],[-84.29961534108861,33.9837684867457],[-84.29955854461427,33.98383450363108],[-84.29948116607338,33.98391839213904],[-84.29933780161296,33.9840188685943],[-84.29925372608955,33.98403920245724],[-84.29914817676185,33.98405030873213],[-84.29903025089013,33.98406349655393],[-84.2989073512829,33.98404988796102],[-84.29875318687859,33.98409541149753],[-84.29864925366509,33.984095523021324],[-84.29842645386928,33.98400711331534],[-84.29824255215199,33.98402243843329],[-84.29796862738998,33.98395059938737],[-84.29783667376311,33.98395348826855],[-84.29765771400099,33.98395400529801],[-84.2973260953222,33.9839162372513],[-84.2971918147303,33.98399985834252],[-84.29706480627428,33.98401131197943],[-84.2969650196159,33.9840107378624],[-84.29687678818644,33.98402663941869],[-84.29676214729979,33.98403086937532],[-84.29667723837196,33.98404023772128],[-84.29659149026837,33.98405649078706],[-84.29650408266885,33.98407685424057],[-84.296401025137,33.984094812373705],[-84.29631033518937,33.98412617173894],[-84.29619410988941,33.98416269987635],[-84.29610344030169,33.98418616806231],[-84.29599218136016,33.984245356687026],[-84.29586689840382,33.98429666983338],[-84.29563541036966,33.98446661797383],[-84.2955554576186,33.984514453507835],[-84.29546237044225,33.98458086084525],[-84.29539236135689,33.98463829175573],[-84.2953281078045,33.98469985235269],[-84.29526882455662,33.98476518912791],[-84.29521451055405,33.984833596118726],[-84.2951667660967,33.984904744371235],[-84.2951248394986,33.98497898811393],[-84.29508948091363,33.985054938972],[-84.29506072497558,33.98513330559047],[-84.295037751316,33.98521267238014],[-84.29502219378746,33.985293419026284],[-84.29501326880765,33.985374838575034],[-84.29501090880034,33.98545660561238],[-84.29503083450471,33.98554417208226],[-84.29505898847431,33.98562968868783],[-84.29509127667573,33.985705568933696],[-84.29522360239513,33.98594794836476],[-84.29536659918189,33.98616114808278],[-84.29541539595876,33.986245582695766],[-84.29545180296985,33.986323526851535],[-84.29547666617393,33.98639255791701],[-84.29550978304675,33.9864763281776],[-84.295537938341,33.98656219899598],[-84.29558681483825,33.98669988238789],[-84.2956158053943,33.98677611937297],[-84.29564146129555,33.98685097314996],[-84.29567707655413,33.98694472711285],[-84.29571018294031,33.98702128614435],[-84.29574328111903,33.98709237683308],[-84.29578217278436,33.987170998998096],[-84.29581280470394,33.98725305778872],[-84.2958508969755,33.98734335317526],[-84.29588646253222,33.98742543381375],[-84.29592288452538,33.98751265549474],[-84.29599320904207,33.98764071118399],[-84.29602875604976,33.98771109144054],[-84.29607592786415,33.98780001665543],[-84.29611312985931,33.9878631848695],[-84.29616273666751,33.987942475453444],[-84.29623061944409,33.988118639635736],[-84.29635775726021,33.988187535713585],[-84.29643375689406,33.98826647197402],[-84.29651552206212,33.988334409520796],[-84.29660057014986,33.98841366161221],[-84.29672276106652,33.98849461722468],[-84.29682844609628,33.988567997614304],[-84.29691680434887,33.988632853383024],[-84.29744980118848,33.98874357435023],[-84.29804208638969,33.98881200042694],[-84.29813446636797,33.98881394302688],[-84.29825736794143,33.98882515766133],[-84.29838193429173,33.98883498279397],[-84.29848588281321,33.98884104848702],[-84.2985873116508,33.98884368792391],[-84.29868055255504,33.98885357338531],[-84.29878199734154,33.98886720522439],[-84.29893542925085,33.98887011581328],[-84.29902120628326,33.98886969628343],[-84.29913917503313,33.988880561906896],[-84.29926127243922,33.98889863414356],[-84.29941798925152,33.98891391986531],[-84.29951945440017,33.988918953203374],[-84.29963657095287,33.98892742456095],[-84.29976609181804,33.988930359050705],[-84.29992528161917,33.9889398187738],[-84.30001598094537,33.98893283662156],[-84.30016769461372,33.988902116121196],[-84.30027652045088,33.988872802561595],[-84.30039774329212,33.988854113674066],[-84.3005049345901,33.98882412096406],[-84.3006293905436,33.98878412389708],[-84.30074893347232,33.988736595396894],[-84.30085194542599,33.98868666215062],[-84.30097718963881,33.98860854327827],[-84.30107027257786,33.98853870384842],[-84.30116172962788,33.98847368259159],[-84.30123011547444,33.9884238148224],[-84.30131003295193,33.988373906446064],[-84.30138254684086,33.98833157073582],[-84.30149382251227,33.98828198223948],[-84.30157127085572,33.98824102860725],[-84.30166275000796,33.988190428402135],[-84.3017558602087,33.98813914471146],[-84.30182344125359,33.988096814156044],[-84.30191407914158,33.98805103025282],[-84.30201956497554,33.98799698551428],[-84.30211514137493,33.98793538698171],[-84.30221320770245,33.98787824776105],[-84.3023359905416,33.98781525853332],[-84.30241179708912,33.98776949061469],[-84.30252631912406,33.98768759967989],[-84.3026013104254,33.987642512367394],[-84.30271499176499,33.98756647281287],[-84.30279904595268,33.98751073621252],[-84.30287234101098,33.98744674088173],[-84.30293986381318,33.98738895416117],[-84.30300083235932,33.98733838674415],[-84.30313016257841,33.98724379931668],[-84.30319853636772,33.987187726394964],[-84.30327509752493,33.98710348216466],[-84.30335991689533,33.987015773694026],[-84.30341093491704,33.986952509656895],[-84.30347350150566,33.986880308497895],[-84.30354760448324,33.98679160469747],[-84.30359615795652,33.986719064725065],[-84.30364882484133,33.98664548599229],[-84.30371051488213,33.98655679681097],[-84.30376154994298,33.98648425400692],[-84.30382569780649,33.986379398638086],[-84.30385856455818,33.98630241391253],[-84.30389890111033,33.986239869349745],[-84.30394487711428,33.98610891327001],[-84.30396030882116,33.98597527015835],[-84.30396185967439,33.985903816630966],[-84.30398479926828,33.98580831369386],[-84.30400777907523,33.985737842458455],[-84.30403487513246,33.985668101445206],[-84.3040661235994,33.985600043626306],[-84.3041014552262,33.98553301449794],[-84.3041409387753,33.98546804814108],[-84.30418457310306,33.985404438582435],[-84.30423147614299,33.985342892774455],[-84.30428249861845,33.98528341066365],[-84.3043936711075,33.98517335952195],[-84.30447851517104,33.98510284688143],[-84.30454359959003,33.9850543414959],[-84.30468364927668,33.98496624289946],[-84.3048327301257,33.98484893945396],[-84.30498429286246,33.984730598874854],[-84.30544242163309,33.984465580240986],[-84.30586023137944,33.98425486067033],[-84.30621874669947,33.98409849005],[-84.3066869695411,33.98395815608561],[-84.30711570524143,33.983879685195255],[-84.30744388221012,33.98384804639545],[-84.30794203646715,33.98385539351151],[-84.30865972992717,33.983948004403054],[-84.3093180751324,33.984079481264665],[-84.30941297117657,33.98410549213086],[-84.3099955241789,33.984265567988565],[-84.31070359475741,33.984537162007335],[-84.31132175404012,33.98479337590202],[-84.31206944115418,33.985057024443215],[-84.31259837567087,33.98521989943183],[-84.31320647572483,33.985374787783826],[-84.3138887258796,33.98547394078555],[-84.31399598163104,33.98548651897679],[-84.31462952231874,33.985561346304245],[-84.3156612637109,33.98556010130334],[-84.31661316110792,33.985624900472],[-84.31731505240981,33.98563400244827],[-84.31817445194783,33.98564530038644],[-84.31854638415493,33.98562252940466],[-84.31928528438651,33.98557764480435],[-84.32010511279687,33.98559861036736],[-84.32019174233483,33.985602284615666],[-84.32117987029332,33.98565051436628],[-84.32126898579486,33.98567374813906],[-84.32135809887971,33.98569562130184],[-84.32144721186,33.985716814576726],[-84.32153632439393,33.985738334174805],[-84.32162543573712,33.98575917298477],[-84.32171536494228,33.985780364135465],[-84.32180447578118,33.98580087733039],[-84.32189369776263,33.985882501388836],[-84.32216258391246,33.98588216188213],[-84.3228305305852,33.986278763742035],[-84.3235985464029,33.986806819814426],[-84.32415572316509,33.987511702145326],[-84.32434215180946,33.987979328634246],[-84.32455759230928,33.98851872365577],[-84.32496572084939,33.989320305583306],[-84.32530151613965,33.990708367948955],[-84.32530327674898,33.991655796887855],[-84.32530363742495,33.991849880375845],[-84.32519584667389,33.99333094510419],[-84.3252682798564,33.993689144325614],[-84.32530742193677,33.99388625317954],[-84.32575376476844,33.99484203179581],[-84.32597901655743,33.99532130533589],[-84.3266084136435,33.9966612305274],[-84.32849058292042,33.99961473936168],[-84.32852867100858,33.99968167874245],[-84.32860142079585,33.9997657411435],[-84.3286750006966,33.99985704061463],[-84.32874115925318,33.99994454047203],[-84.32880483678699,34.000033757542475],[-84.32886441504917,34.00013160488251],[-84.32892648392864,34.00023320505677],[-84.32899351677143,34.00035093314159],[-84.32904481435499,34.00042335119926],[-84.32909356740691,34.000480643407414],[-84.32916550484207,34.00056609502962],[-84.32924728291461,34.00062094974587],[-84.32932662291422,34.00069950671665],[-84.32939605312919,34.00077222703254],[-84.32947786524741,34.00084531230717],[-84.32955963619169,34.00091320064242],[-84.32963814019267,34.00098111939736],[-84.32972574550874,34.00105933876859],[-84.32978770305661,34.001119362231016],[-84.32985549169013,34.00118694251891],[-84.3299331411194,34.001252114077445],[-84.33000502438216,34.00130904973013],[-84.33008683986948,34.00138278736016],[-84.3301620378594,34.00144692877154],[-84.33023887898726,34.00151656422695],[-84.33030747201421,34.00157761185541],[-84.33037934220803,34.00164382587431],[-84.330446321878,34.00171586812171],[-84.3305148820601,34.00177656314236],[-84.33061822439602,34.00188259571542],[-84.33063226689276,34.00189699841067],[-84.33068267973748,34.0019494722078],[-84.33104050438199,34.00228462172047],[-84.33114303258166,34.00240850519996],[-84.33121831370384,34.002514874108776],[-84.3312844520205,34.00259001948668],[-84.33133325027191,34.002652481511895],[-84.33136551883497,34.002698122488816],[-84.33140108406117,34.00275956804412],[-84.33141268274042,34.002776395671184],[-84.33141848396643,34.00278634629272],[-84.33146727489073,34.002861160463524],[-84.33149874949842,34.00291883007535],[-84.33150700899051,34.00293255969357],[-84.33151448230642,34.00294560964177],[-84.33155666080127,34.00301357671896],[-84.33156082314898,34.003020781393026],[-84.33157075867797,34.00303965159927],[-84.33162456414274,34.00313954655176],[-84.33163532263981,34.00316187065569],[-84.33167178522083,34.003247694721914],[-84.33170410271475,34.00331842310834],[-84.33173476675685,34.00339565618547],[-84.33178199612063,34.003507940026786],[-84.33180107640636,34.0035587414221],[-84.3318151652487,34.00359684298892],[-84.33185412095935,34.00368747919801],[-84.33190550549995,34.00380250554304],[-84.33192372682443,34.00384851956845],[-84.33195107317461,34.00391683281019],[-84.33196101690508,34.003939837798455],[-84.33198508519209,34.004001979341766],[-84.33199416909747,34.00401981649724],[-84.33199916130016,34.00403286974792],[-84.33203725824418,34.00411869149582],[-84.33208782594033,34.00423371885388],[-84.33212009832933,34.00429756331367],[-84.33214578275347,34.00435113095059],[-84.3321780823756,34.00441222631913],[-84.33221203327976,34.00448295235957],[-84.33223940649196,34.00456432545229],[-84.33226845653546,34.00465119345464],[-84.33229501852068,34.00473567009744],[-84.33229833490316,34.004744236427186],[-84.33230415707344,34.00476485313395],[-84.33233732660544,34.004853429548625],[-84.33237712440521,34.00495677096093],[-84.33240533492616,34.00504880904028],[-84.33254213527484,34.00538836026118],[-84.33258106677259,34.005482425102294],[-84.33258356389119,34.00548998632095],[-84.3326134622689,34.00559298756226],[-84.33263092687817,34.005669231081804],[-84.33263675252871,34.005691562644856],[-84.33264007702836,34.00570426468099],[-84.33266336597279,34.00580213198727],[-84.33267167778902,34.005825820736746],[-84.33267415353504,34.005838523917085],[-84.33268660080977,34.00587216546998],[-84.33268991865168,34.005881438655],[-84.33272896526445,34.00601775947841],[-84.33272978425288,34.006019145964906],[-84.3327522557757,34.006116334531576],[-84.33277387278471,34.00621110249705],[-84.33289201986346,34.006717988319195],[-84.33294752121364,34.00726718781882],[-84.33295759819731,34.00735821699056],[-84.33296690976383,34.00747534005166],[-84.33297108951103,34.00750795858614],[-84.33297696870603,34.007557090681054],[-84.33298371773256,34.00763367590008],[-84.33298454342355,34.007638490331125],[-84.33299047483442,34.00771439683346],[-84.33299972110828,34.007798542355154],[-84.33302050644465,34.007885066970296],[-84.33305619971821,34.00799323010798],[-84.33315850758768,34.008418019294254],[-84.33320249710886,34.00855811550893],[-84.33321502753968,34.008634039201084],[-84.33322499628562,34.00866939801661],[-84.33322581771942,34.00867146521813],[-84.33322746146727,34.00867660492505],[-84.3332382830546,34.00871403089821],[-84.3332813957846,34.00882357149887],[-84.33331210152141,34.00892039442667],[-84.33334112327115,34.00899145316302],[-84.33339250204345,34.009117471323925],[-84.33341985866863,34.009189566453],[-84.33345475437828,34.00930733547685],[-84.33350117564966,34.00942098017957],[-84.33359209290843,34.0095156809824],[-84.33377458760272,34.00959134768662],[-84.3337820129201,34.00959544627544],[-84.33389106690795,34.00967499395035],[-84.33412987956135,34.00987838529778],[-84.33425376580794,34.00994038949237],[-84.33434140135334,34.01004366498957],[-84.33448990149951,34.01004414319058],[-84.33488460991627,34.01022019235352],[-84.33499848523331,34.01024131386444],[-84.33510989553406,34.01025593617173],[-84.33519489777527,34.010265778116114],[-84.33528316955832,34.01027664967635],[-84.33540201633409,34.01030089351636],[-84.335494444433,34.010315541513286],[-84.33563801910907,34.010320487198335],[-84.33589787985522,34.01031017066848],[-84.33598530433262,34.010305914631296],[-84.33612887469553,34.01030813866431],[-84.33627817004376,34.01029830089612],[-84.33641177382403,34.01028334176967],[-84.33652230177414,34.010264660025925],[-84.33662046227384,34.010253531901824],[-84.33674335987487,34.010244764196855],[-84.33686541620011,34.01022296373431],[-84.33697097432058,34.01020254653697],[-84.33709630053339,34.01016629378105],[-84.3371977161382,34.01013282128133],[-84.33730900350713,34.01010211108699],[-84.3374335846182,34.01010158475789],[-84.33756872709291,34.01002376860034],[-84.33772360667469,34.009914307786175],[-84.33788851976362,34.00987217651076],[-84.33797011784914,34.009830160171205],[-84.33805171335133,34.00978743691189],[-84.33815964722474,34.00972992910326],[-84.33829398175988,34.009656902671146],[-84.33845139104642,34.00957219765965],[-84.3385618335357,34.00952736635889],[-84.33868713250486,34.00947843165355],[-84.33878441061596,34.00943568597393],[-84.33888166658652,34.00939811012994],[-84.33901443222186,34.00935773542421],[-84.33916196944058,34.00930289232271],[-84.33925018178662,34.00926911115962],[-84.33942079637451,34.009187460896314],[-84.33955101750385,34.00913334941671],[-84.33967795887425,34.00907271198757],[-84.33982633634379,34.00901411166428],[-84.3399128655552,34.00897173455822],[-84.33997795138384,34.00892492369179],[-84.34004965268825,34.00888531551448],[-84.34016831784504,34.00882055261669],[-84.34023502498265,34.00876723775358],[-84.34029677070887,34.008700841057454],[-84.34040468135268,34.00863334587816],[-84.34047303963492,34.00857279035694],[-84.34056445957707,34.00849435284871],[-84.34064107774346,34.00844684550417],[-84.34070117603031,34.00838937605737],[-84.3407645593168,34.00830926408564],[-84.34084026648888,34.008216046731526],[-84.34095789399485,34.008059589898274],[-84.34106407220939,34.007928562212555],[-84.34113730011185,34.007837769934405],[-84.34119905328477,34.00777515505845],[-84.34125334904758,34.00770876934591],[-84.34132249064916,34.007632756682405],[-84.34138751034736,34.00755400260122],[-84.34147234167354,34.00748139642206],[-84.34154311658159,34.00740538221286],[-84.34164689057488,34.00731386547272],[-84.34172840568294,34.007249861670765],[-84.34184125892502,34.00715659081706],[-84.34189226597594,34.0070960592048],[-84.34199189698838,34.0070076505429],[-84.34210307216716,34.006908885568556],[-84.34218292813115,34.0068328571325],[-84.34229821725705,34.006732725566565],[-84.34236489903516,34.006653288766074],[-84.34244722033387,34.006568658795366],[-84.3425303836343,34.00649605426168],[-84.34258138912924,34.00643519597482],[-84.34263159721279,34.00636778042977],[-84.342708978305,34.00629589181587],[-84.34276745242103,34.00624495409597],[-84.3428884676645,34.00611836657853],[-84.34303082973992,34.00595052540745],[-84.34327788449156,34.00574270026626],[-84.34332063761045,34.00567254790352],[-84.34337907824718,34.00560582799493],[-84.34346551754415,34.00552257900795],[-84.34351983363143,34.00546753822307],[-84.34358483288669,34.00538121840323],[-84.34367046185562,34.005301045858516],[-84.34372392750082,34.005230197214075],[-84.34379066988252,34.005180634692046],[-84.34384991864616,34.005109805614715],[-84.34390751255503,34.005044447213415],[-84.3439552381854,34.00497842318654],[-84.3440367239431,34.00490168431071],[-84.34410096385474,34.00484320009739],[-84.34424843887311,34.00474819013531],[-84.3444041258691,34.00464318179506],[-84.34448899148352,34.00459016474717],[-84.34455235271584,34.004517587453],[-84.3446965806438,34.00444832107473],[-84.34477735403273,34.004422437671884],[-84.34493562914571,34.00436863328048],[-84.34501644492762,34.004347564306386],[-84.34510132370698,34.004316177565315],[-84.34518872086102,34.00428650199088],[-84.34532310773662,34.00424543828745],[-84.34547231222314,34.004197822471006],[-84.34564387068109,34.004184159591794],[-84.34574698766129,34.00418847163349],[-84.34586248474938,34.004191051576626],[-84.34600942378835,34.004231378753644],[-84.34616617762991,34.00424695911347],[-84.34627677685852,34.00426636101477],[-84.34636918144948,34.00427207666897],[-84.3464648778047,34.00427400424775],[-84.34708539041314,34.00435036991459],[-84.34730065442174,34.00433323880631],[-84.34740217842588,34.00435610892746],[-84.34751356879971,34.00437929084622],[-84.34762168290948,34.0043976889834],[-84.34789222928156,34.004382515870326],[-84.34807545602136,34.00441729083953],[-84.3482033109785,34.00442431337452],[-84.34832047530548,34.00442724198332],[-84.34840460582573,34.00442883169675],[-84.34849039363944,34.00442628317542],[-84.34857948929893,34.00442753904405],[-84.34872967546181,34.00444241807628],[-84.34884435561627,34.00444499642793],[-84.34896392512651,34.00442696993513],[-84.34907941636246,34.00442712601797],[-84.34919246421872,34.00444551455592],[-84.34927743726598,34.00444367446581],[-84.3493714647935,34.00444421466824],[-84.34985238552368,34.004432506898794],[-84.35040837992015,34.004418971158174],[-84.35067880544885,34.00434746884595],[-84.35080907202257,34.004321153103525],[-84.35094019804104,34.00429932509787],[-84.35166597610076,34.00422335626444],[-84.35180508654675,34.00408709984714],[-84.35199135098958,34.00400130078694],[-84.35208036559622,34.00396544088914],[-84.35215947573366,34.00392717411289],[-84.35225341682835,34.00388823213923],[-84.35234159101948,34.00384138077787],[-84.35241739375486,34.00379968996938],[-84.35248820372219,34.00374565447179],[-84.3526505779535,34.00367153581161],[-84.35275193979304,34.00363464965003],[-84.35284345357535,34.00360632295602],[-84.35296876780528,34.003572121449515],[-84.35309160979814,34.00354309344707],[-84.35319713050413,34.00351063568117],[-84.3532820360971,34.00347891687118],[-84.35337601944734,34.00344440904054],[-84.35356890644239,34.003385371122114],[-84.35366453873246,34.003358452200295],[-84.35382122829328,34.00333002478443],[-84.35391358894458,34.0033154628312],[-84.35420872018783,34.00323567164409],[-84.35446516346617,34.00318271150174],[-84.35469003285296,34.003034322107986],[-84.3577637317795,34.00231335461484],[-84.35786846227668,34.00229496203653],[-84.35801278887675,34.00227620844805],[-84.35823379902271,34.002245961370306],[-84.35833605019947,34.00222898599414],[-84.35843745379111,34.002213019864826],[-84.35853149623136,34.00220634279669],[-84.3586164502483,34.00219761242493],[-84.35877642366448,34.00217779936779],[-84.35887539737979,34.00217075999937],[-84.35896035911288,34.002165485285246],[-84.35906342731676,34.002148480979024],[-84.35949139346287,34.00207225068732],[-84.36105244122236,34.00184994302351],[-84.36265769597959,34.001477430913454],[-84.36331560445677,34.00132487916429],[-84.36340710989765,34.00129553751676],[-84.36351673418352,34.00126067053716],[-84.3636338260832,34.001234361396286],[-84.36371541190256,34.00119611117226],[-84.36384229698464,34.00113819610559],[-84.3640384121473,34.00103962943701],[-84.36425204351723,34.00104203463627],[-84.36440295855972,34.00102016049886],[-84.36452502521234,34.001012046210214],[-84.36467097930063,34.00099224803805],[-84.36475840363455,34.00097869299927],[-84.36486314411009,34.00096549138648],[-84.36496452421297,34.000940594785654],[-84.36505524836127,34.00092670783066],[-84.36521849553722,34.00089792894039],[-84.36531416122588,34.00088814249862],[-84.36544114124939,34.000857707892266],[-84.36554010277996,34.00084587468299],[-84.36578672439985,34.00083208849965],[-84.3662585396746,34.000820331364466],[-84.36643504273114,34.000815909142524],[-84.3667558136588,34.00077005710966],[-84.36684573532838,34.00076270056956],[-84.36703455849508,34.00073284349246],[-84.36721015199312,34.000689267914424],[-84.3673428758531,34.000656427281136],[-84.36742199466326,34.00062606869571],[-84.36754484074952,34.00058842841421],[-84.36771550289143,34.00055963410358],[-84.3678334370998,34.00054534629204],[-84.36791756203542,34.00053182235457],[-84.36800906144836,34.000515183817676],[-84.36812782423114,34.000505710819056],[-84.36827211540545,34.00047421078365],[-84.36843290027885,34.000440969550056],[-84.3685665337535,34.00044796055408],[-84.36865315290137,34.00043957395595],[-84.36873974092214,34.000432221505505],[-84.36884364679084,34.00042552035536],[-84.36894840433366,34.00042053259723],[-84.36905316707328,34.0004172848669],[-84.36915708485922,34.0004160806062],[-84.36926185733881,34.000416941361934],[-84.3693666330539,34.00041916346846],[-84.36947141344679,34.000423807227804],[-84.36957534837498,34.000429811934495],[-84.36968013802895,34.00043788345779],[-84.36978408283402,34.00044802460169],[-84.36988724798842,34.00045988092411],[-84.36999038477867,34.00047345118536],[-84.37009352538263,34.00048906171845],[-84.37019585502783,34.00050641543531],[-84.3702981877216,34.000525483040384],[-84.37039970831916,34.00054626588356],[-84.37050123282361,34.000569116951205],[-84.37060109653399,34.0005936846665],[-84.37070096524671,34.00062032060707],[-84.3708651983259,34.0006499232658],[-84.37098157909303,34.00068238127513],[-84.37106331408947,34.000708012879116],[-84.37114337954483,34.00073261304625],[-84.37131590363074,34.00078590128685],[-84.37140666503464,34.000788498402265],[-84.37154037045745,34.00082468229139],[-84.37163200095044,34.00084926287878],[-84.37180367225066,34.00088712424594],[-84.37189936443241,34.00088867861793],[-84.37198853266312,34.000921507453874],[-84.3720751516904,34.00092650569029],[-84.3721981679933,34.00096066544407],[-84.37233509248831,34.000963184739106],[-84.37245312173171,34.000988400397034],[-84.3725364752622,34.00100749788351],[-84.37265284965822,34.00103685274794],[-84.37276178436012,34.001056587967376],[-84.37285835310364,34.00106913266653],[-84.37295404964772,34.00107240018855],[-84.37306459064598,34.00108081351772],[-84.37321977970971,34.00112520303554],[-84.37330888214301,34.001130549667515],[-84.37347059600482,34.001143692210825],[-84.37364387274003,34.00115643370265],[-84.37373462047935,34.0011665937078],[-84.37385919315075,34.00116809793867],[-84.37398378506258,34.00117752003103],[-84.3740860918131,34.001185238547116],[-84.37421972192132,34.00119018304736],[-84.37433932647886,34.00119066101667],[-84.37456047408583,34.001220844265525],[-84.37466363245963,34.001229267731254],[-84.37478902067772,34.00123044325527],[-84.37489132085517,34.00123541297714],[-84.37497547964664,34.0012496909959],[-84.37509179811292,34.001255670969975],[-84.37518996746662,34.001254497497506],[-84.37602262760907,34.001392531296325],[-84.37619014028938,34.001412189919265],[-84.37641698593981,34.00140731418616],[-84.3767776449078,34.00148160613879],[-84.37724939784957,34.001443359759676],[-84.3778695654638,34.001377700990396],[-84.37796772547722,34.00137271687798],[-84.37805513180548,34.00136570990066],[-84.37814177194947,34.001366240812544],[-84.37825146943895,34.00136330405223],[-84.37834302513807,34.00135628973364],[-84.37849478650342,34.001347784100105],[-84.37859048524255,34.001351727954834],[-84.37872990990383,34.00136111968503],[-84.37890808086608,34.00135771084827],[-84.37903758616885,34.00135884788946],[-84.37915637709604,34.00136071017113],[-84.37931390338359,34.00134498332148],[-84.3794260530949,34.00133001457802],[-84.37955794900081,34.00129441497534],[-84.3796626840402,34.00127981228229],[-84.37975170806274,34.001253537305516],[-84.37985883871116,34.00121727250381],[-84.37995855906823,34.001183114918256],[-84.38001061537541,34.00121461467901],[-84.38019016067902,34.00109477282392],[-84.38052197612713,34.00085682176955],[-84.38123408986193,34.000617854561966],[-84.38208843322239,34.00018112104697],[-84.38298904227968,33.99946744542391],[-84.38365200424455,33.99871432105089],[-84.38408559997953,33.99795264733041],[-84.38412826377188,33.997862563250685],[-84.38418647986437,33.99773468552173],[-84.38422831149329,33.9976384267822],[-84.3842824403813,33.997509522074104],[-84.38432178590702,33.997412233539706],[-84.38436028068284,33.9973145930619],[-84.38439632575245,33.997216983053185],[-84.38444385015048,33.99708566910617],[-84.38447740915618,33.996987030215145],[-84.38451015181803,33.996888365710475],[-84.38455107335298,33.9967560553966],[-84.38458051378002,33.99665636256049],[-84.38461810056651,33.996523024870406],[-84.38464424058981,33.99642301147617],[-84.38466956345731,33.996322646087926],[-84.38470054941375,33.996188639339586],[-84.38472256992539,33.996087599066556],[-84.38475028716813,33.99595253778954],[-84.38476897576547,33.995851530459475],[-84.38479257529993,33.995716122131256],[-84.38481284098947,33.99558039332077],[-84.38482741123198,33.99547836002205],[-84.38484034882546,33.995376656001625],[-84.38485486362552,33.99524025665234],[-84.38486771329909,33.99510418753965],[-84.38487568377609,33.995001811596005],[-84.38488202079462,33.99489943854741],[-84.38488911967268,33.9947626989021],[-84.384897122584,33.994673030325416],[-84.38490185770513,33.9945830132069],[-84.38490326100471,33.994493001997085],[-84.38490054778208,33.99440302603822],[-84.38489203373486,33.994292761294844],[-84.38487772864524,33.99417872542581],[-84.3848618199085,33.99408945268623],[-84.38484261470644,33.99400086561057],[-84.38481929471685,33.99391296654989],[-84.38479267720052,33.99382575315132],[-84.38476276216919,33.99373922631433],[-84.38472873335489,33.993653767966954],[-84.38469140805631,33.99356896822353],[-84.38465075358974,33.99348558900801],[-84.38460601962039,33.99340355050049],[-84.3845588053169,33.99332257757503],[-84.38450744748216,33.99324329889818],[-84.38445364371437,33.99316541212182],[-84.38439654321787,33.99308891874846],[-84.38433530011173,33.99301447304309],[-84.38426830025476,33.99293731729974],[-84.38428475807814,33.99292215990499],[-84.3841880860554,33.99285294667522],[-84.38409960388438,33.992767557352146],[-84.38400783141891,33.99268562878511],[-84.38391113627684,33.99260713770232],[-84.38264896825676,33.99188006714125],[-84.38173889943137,33.99176487898227],[-84.38100332551211,33.99150334745892],[-84.37995189672111,33.99092188744758],[-84.37760204910904,33.98926263031339],[-84.37644469575369,33.98818494130874],[-84.37560216363869,33.986990223825316],[-84.37539019961572,33.98631935534748],[-84.37556177063769,33.98580725518683],[-84.37558420965516,33.985740309565074],[-84.37561216175115,33.98565683777315],[-84.37565055478018,33.98554222156273],[-84.37569894036542,33.9854799383105],[-84.37571311988981,33.98544133203419],[-84.37576148638209,33.98537129394242],[-84.3757991507443,33.98525273342343],[-84.37584183135402,33.985168501718015],[-84.37591826913847,33.98506394233858],[-84.37594691033965,33.98496906918768],[-84.37597968701971,33.984882106133064],[-84.37597441752229,33.98475776885792],[-84.37601867938854,33.98463881565232],[-84.37608361435043,33.98455936245288],[-84.37612871400256,33.98444935997974],[-84.37609816995712,33.98439444911573],[-84.37607238332112,33.984348128011426],[-84.37612900091595,33.98423364290525],[-84.37617738913174,33.98411949907216],[-84.37620766803983,33.9840266904773],[-84.37627338032328,33.98391804043493],[-84.3762608275836,33.98383387559458],[-84.37621192289647,33.983737447493525],[-84.37619526055795,33.98366912572658],[-84.37617776608592,33.98359424787834],[-84.37616850088583,33.98351905757904],[-84.37616502747075,33.98344793815751],[-84.37618783576602,33.98334534705763],[-84.3761736232108,33.98325027450092],[-84.37615877882276,33.98315087613362],[-84.376148451735,33.98308178169708],[-84.37614162132401,33.98298696885451],[-84.37612990020502,33.982909033680464],[-84.37612722863118,33.98283209021172],[-84.37613576342166,33.98272957840646],[-84.37612511829069,33.98263757429209],[-84.37609521157029,33.98256247230555],[-84.37610763367006,33.98248672754459],[-84.37609975817142,33.982418526938886],[-84.37609108193146,33.98234377019835],[-84.37608007085088,33.98224858397142],[-84.37607146213486,33.98217442578941],[-84.3760596491472,33.982072192943555],[-84.37604793673037,33.98197123842367],[-84.37603936020676,33.981896944036265],[-84.3760287155557,33.981805048996115],[-84.37601647007435,33.98169941595731],[-84.37600525818087,33.981602596315824],[-84.37599571478219,33.98152016822973],[-84.37599531984435,33.98150563926198],[-84.37599087594248,33.981478273575554],[-84.37598690578594,33.98144416024494],[-84.3759796347295,33.98140920861065],[-84.37597522370665,33.98138200606087],[-84.37596965305562,33.9813612277374],[-84.37595901008645,33.981310146407644],[-84.37593213950441,33.9811810293306],[-84.37591753194997,33.981110880921776],[-84.37591674303788,33.98108220346662],[-84.37589746946904,33.98101459384199],[-84.37589204935368,33.980988536260064],[-84.37587763888003,33.98091928642637],[-84.37584026938595,33.980837067916454],[-84.37584078843558,33.98074232457584],[-84.37581705824226,33.9806283574903],[-84.37576115075636,33.98051224061182],[-84.37575519281133,33.98043976481678],[-84.37574180164809,33.980359737941235],[-84.3757421661743,33.98026858601746],[-84.3757289453531,33.98020507386385],[-84.37572395996398,33.9801430182631],[-84.3757114084903,33.9800726210829],[-84.37568855917199,33.98001108540611],[-84.3756821469896,33.97998026802818],[-84.37566311010782,33.97988890381045],[-84.37568538395122,33.97967464592334],[-84.37570768853975,33.97946017068175],[-84.37572999416984,33.97924572337739],[-84.37577768435793,33.97903438770507],[-84.37579903946217,33.97881860848954],[-84.37584679351733,33.978607001279705],[-84.37589445053628,33.97839563945083],[-84.37594220398928,33.97818397719242],[-84.3759899580254,33.977972206713],[-84.37606411258409,33.97776496251442],[-84.3761118010736,33.97755360052098],[-84.376194160699,33.97734993342922],[-84.37625099397454,33.97713871899175],[-84.37633348355803,33.97693494337846],[-84.37641613509841,33.976730731944116],[-84.37649872069706,33.976526710803164],[-84.37658130691929,33.97632266255105],[-84.37668915647592,33.97612613574023],[-84.37677164351098,33.975922141615484],[-84.37688701596682,33.9757300909567],[-84.3769784867801,33.97552741483549],[-84.37709395490367,33.975335064470116],[-84.37720958417006,33.97514244142564],[-84.37732524639867,33.974949791162466],[-84.377440875641,33.97475714084212],[-84.37758086164587,33.97457497872223],[-84.37769642446577,33.974382600556275],[-84.37782954486255,33.974198246350824],[-84.37796681787646,33.97401595228899],[-84.37811579773756,33.973839842024724],[-84.3782647435713,33.97366378573225],[-84.37832886127505,33.9735880058459],[-84.3783928492723,33.97351233524497],[-84.37846592163166,33.97342595572496],[-84.37853664567403,33.97335405486246],[-84.37862904713096,33.973279125038914],[-84.37869544400426,33.97320056583628],[-84.3787748649755,33.97314598265607],[-84.37884026990328,33.97307596886556],[-84.37891598884435,33.973016739600084],[-84.37899416268793,33.97295992691067],[-84.37907567443736,33.97290550402324],[-84.37915882424211,33.97285314477378],[-84.37924364437484,33.97280320524445],[-84.37933553861029,33.97276062690728],[-84.37937355370032,33.972734522328444],[-84.37937776136039,33.97273239263473],[-84.37942256088678,33.97271636998686],[-84.37951049114447,33.97266911894674],[-84.37960356760993,33.97262944970604],[-84.37969749927316,33.97259252706233],[-84.37979307072433,33.97255834965493],[-84.37989028197065,33.97252691748004],[-84.37998835040496,33.97249858622829],[-84.38009065012695,33.97247762103597],[-84.38013411195013,33.972462090030234],[-84.38013982375402,33.972460801620834],[-84.38018828474765,33.97245892151736],[-84.38028915901732,33.97242968714106],[-84.38039205716987,33.972426079612944],[-84.38049564019818,33.972422416711474],[-84.3805974808062,33.9723876029618],[-84.38070052997314,33.972379505731],[-84.3808044355879,33.97237418212022],[-84.38090913348033,33.97237193157794],[-84.38101305457079,33.972372784785314],[-84.38111815441117,33.97240046455358],[-84.38122157403264,33.97239682837467],[-84.38132398180632,33.97239319387375],[-84.38144394704737,33.97241026327831],[-84.38152163385385,33.97240724338246],[-84.38157967499046,33.9724099442843],[-84.38171655283881,33.97241245332667],[-84.38185260520285,33.97241118135059],[-84.38198949556705,33.97240577201192],[-84.38212552890612,33.972396963098525],[-84.38226073473284,33.972384019738534],[-84.38232430080764,33.972376153503504],[-84.38232834991292,33.97237598321418],[-84.38233096172948,33.972375325862],[-84.38239593096625,33.972367293937275],[-84.38253030073197,33.972346433691285],[-84.38266381225087,33.97232214593169],[-84.38279568118665,33.9722941065527],[-84.38292672442913,33.97226225912511],[-84.383056092589,33.9722266592424],[-84.38318463483954,33.97218760565636],[-84.3833107184821,33.97214480100313],[-84.38343591035785,33.972098188433115],[-84.38349763983676,33.97204861302923],[-84.38361393584682,33.97204840807564],[-84.38367838746251,33.97200375244872],[-84.38377772708242,33.97193683277168],[-84.38388397463791,33.971876512425375],[-84.38398688329197,33.97181312244598],[-84.38408730146827,33.97174666314617],[-84.38418526346908,33.97167743290862],[-84.38428073497882,33.971605131559215],[-84.38437208575075,33.97153041656607],[-84.38441363226883,33.971494208705934],[-84.38441650036368,33.97149221735514],[-84.384418454552,33.97149000942844],[-84.3844609469298,33.97145298390948],[-84.3845465033284,33.97137313618014],[-84.3846279389931,33.971290873928254],[-84.38470688597185,33.971206248367935],[-84.38478167861052,33.97111918221131],[-84.38485320106783,33.97103010757932],[-84.38492060346803,33.97093929917652],[-84.38498385360118,33.9708464297775],[-84.38504379880925,33.97075149878661],[-84.38509962604138,33.970655214524456],[-84.38515133440274,33.97055722266008],[-84.38519889126627,33.97045787849616],[-84.38524236341699,33.97035747945454],[-84.38528168319056,33.97025537468755],[-84.38531685331091,33.97015262360178],[-84.3853479378556,33.9700484651167],[-84.38537405767266,33.969943989057114],[-84.38539606045379,33.969838486145235],[-84.38541309745878,33.96973266566612],[-84.38542683531458,33.969626143272635],[-84.38543482395475,33.969519304707745],[-84.38543948167288,33.96941244501283],[-84.3854392072287,33.96930526769563],[-84.38543481831465,33.96919845112668],[-84.38542546672701,33.96909164337678],[-84.3854120014688,33.96898549571133],[-84.38539360502523,33.968879384756654],[-84.38537106254846,33.968773960989175],[-84.3853444085039,33.96866957778193],[-84.38531364117051,33.96856555711427],[-84.38526551432518,33.968454355182715],[-84.3852208281613,33.968386057199524],[-84.38516789059601,33.968321909596995],[-84.38510751930467,33.96826259163925],[-84.38503978203971,33.96820878301961],[-84.38496627992149,33.96816116071058],[-84.38492844711551,33.968141935764116],[-84.38492664564309,33.968139925632826],[-84.38492200546693,33.96813865535899],[-84.38488616636457,33.96812043397768],[-84.38480198771074,33.96808621780989],[-84.38471449771527,33.968059598221956],[-84.38461636518399,33.96804703840675],[-84.38458706887036,33.9680458388291],[-84.38450420912241,33.96804244844434],[-84.38439819894056,33.96801425651902],[-84.38429019531944,33.96798555049485],[-84.38418281217622,33.967956980325845],[-84.38407676872806,33.96792881523032],[-84.38398180532836,33.967878128652266],[-84.38391564519549,33.96780197708827],[-84.38387666312069,33.96771617342762],[-84.38380393823908,33.967639706998845],[-84.38375835968436,33.96755388698535],[-84.38372018879724,33.96746568712701],[-84.38371781468047,33.96736645767905],[-84.3836782747702,33.967279430527],[-84.38365884433559,33.967241126832114],[-84.38365688873431,33.96722953900195],[-84.38365652906234,33.96719060300393],[-84.38365573549589,33.967097139353974],[-84.38365490979265,33.967003377321724],[-84.38365411745266,33.96690996866582],[-84.38365394503417,33.96689320777892],[-84.38366661749377,33.966816862961146],[-84.38366051499393,33.96669013152466],[-84.38365441352894,33.9665633739363],[-84.38365044065574,33.96649075872621],[-84.38364997635773,33.96643661250925],[-84.38364887182695,33.966310172493735],[-84.38364776640067,33.966183378138844],[-84.38362592389545,33.96605672943425],[-84.38361818964385,33.96592997380742],[-84.38361688740058,33.96580320774163],[-84.38361561863624,33.965676413663815],[-84.3836143507054,33.965549945969904],[-84.38361251829703,33.96536821781578],[-84.38361142243724,33.9652583748623],[-84.38361045986788,33.96516224537743],[-84.38361840915711,33.96505195099233],[-84.3836369713878,33.96494158470062],[-84.38363613875912,33.964845073594894],[-84.3836351727767,33.964734822869175],[-84.38363365901752,33.96456310666842],[-84.38365543633073,33.964484405156355],[-84.38368271443349,33.9643859132029],[-84.38368825436774,33.96430397643099],[-84.38371275560462,33.96420499888072],[-84.38373970552355,33.964106017907135],[-84.38376832440174,33.96400806814567],[-84.38380820064893,33.96393249126182],[-84.38383551045027,33.96383383601647],[-84.38385722337162,33.96375548891223],[-84.38386796601755,33.9637166694468],[-84.38386838721445,33.96371549839491],[-84.38389911002501,33.96366165055243],[-84.3839288015645,33.96356225625485],[-84.38399131988523,33.96345309079065],[-84.38403283633635,33.96338058547182],[-84.38407483980586,33.963307291258175],[-84.38410264366682,33.96318441833759],[-84.38414203238797,33.963110148652184],[-84.38422568832875,33.96304393607495],[-84.38427191862795,33.96296323288314],[-84.38433851318167,33.96289098245682],[-84.38439360418447,33.96284038412111],[-84.38444866171845,33.96278984081877],[-84.38450384969802,33.962739133165016],[-84.3845827960837,33.96264457618899],[-84.38465518203274,33.96257642494029],[-84.38471027073071,33.96252550007705],[-84.38478514026464,33.962458377613224],[-84.38487159523828,33.96240141030134],[-84.38494557942866,33.962333446289556],[-84.38501875073227,33.96226627259645],[-84.38507315650877,33.96221630089628],[-84.3851134346646,33.96218401346702],[-84.38519406349997,33.962122023397924],[-84.38527554343503,33.96206073863776],[-84.3853578425992,33.962000812919456],[-84.38551744287403,33.961854877183804],[-84.38567619428105,33.961708942749304],[-84.38583494430682,33.96156268082041],[-84.3859936926403,33.96141639254038],[-84.38615247222555,33.96126942327084],[-84.38631040294554,33.961122454407295],[-84.38646748264523,33.96097548776009],[-84.38662541053357,33.960827839569234],[-84.38678170400667,33.96068019319452],[-84.38693881387472,33.96053254605968],[-84.38709507205282,33.9603842195203],[-84.3871585653658,33.96030103458752],[-84.38719785284029,33.96026496682941],[-84.38725780830974,33.9601778156232],[-84.38734918189112,33.96013022546264],[-84.3874298228318,33.96006173137509],[-84.38751664592974,33.959972138035944],[-84.38756620513406,33.95988010770244],[-84.38768350295639,33.95981889409644],[-84.38773500286028,33.95978326586812],[-84.38780828328356,33.959747408246535],[-84.38788724495443,33.95967377310296],[-84.38797193942463,33.95958189764514],[-84.38803111105227,33.959507591113066],[-84.38805578296117,33.95947696362],[-84.38810080272476,33.959435659441695],[-84.38816155746977,33.95937985314671],[-84.3882005359461,33.95935096796616],[-84.38826880047684,33.95928249469575],[-84.38828609456903,33.95926545800961],[-84.3883647333673,33.959193237786856],[-84.38842346703963,33.95913928423431],[-84.38843822724293,33.95912693242719],[-84.38848676234308,33.959081132581346],[-84.38850589064279,33.959053779770905],[-84.3885311594096,33.95902644293842],[-84.38860266282842,33.95894833158164],[-84.38867419697513,33.9588691868648],[-84.38872344598306,33.95878425871346],[-84.38877026829623,33.95872028598306],[-84.38882616296004,33.95865455582257],[-84.38887877571686,33.95859503564343],[-84.38893627386021,33.95850563036901],[-84.38896982008046,33.95840938441788],[-84.3890092077642,33.95833718055966],[-84.38907907113077,33.95825665011676],[-84.38914317632187,33.958171694946536],[-84.38921300480527,33.958077451671365],[-84.389257356104,33.95800556514488],[-84.38934859567291,33.95790785419024],[-84.38936981027538,33.95781641896189],[-84.38976381785808,33.95746051291816],[-84.38984029558814,33.95738720829459],[-84.38990771143298,33.957320096191026],[-84.38996777117043,33.95726227511913],[-84.39003767607927,33.957197907483675],[-84.39009110307224,33.95713803095982],[-84.39016158988045,33.957072001403056],[-84.3901897441505,33.95704999209858],[-84.39025915266758,33.956995773932086],[-84.39033704599541,33.95691465654607],[-84.39040203483087,33.95685647376767],[-84.39046370963494,33.956804146725226],[-84.39055013208488,33.95673838730987],[-84.39062253599738,33.95668122419007],[-84.39069988209262,33.95662851507831],[-84.39077307736827,33.95656209885091],[-84.39085425634764,33.956501818026325],[-84.39093028626704,33.95644532884744],[-84.39101407292962,33.95638311188429],[-84.39108042374271,33.95633382260035],[-84.39117123403162,33.95622367674304],[-84.39130336252126,33.956168227365275],[-84.39161233560525,33.955938749451086],[-84.39173410717687,33.955819377060514],[-84.39180658805965,33.95576697458263],[-84.39187004087746,33.95572114700262],[-84.39202849261572,33.95560663098387],[-84.39214923873902,33.95551933989163],[-84.3922290394492,33.955456992350236],[-84.39230528778008,33.95539745442207],[-84.39240959081589,33.95531596091053],[-84.39244181783953,33.95529078792893],[-84.39248784056305,33.95526011946939],[-84.3925841224303,33.955182641036],[-84.39265569540524,33.95513304287516],[-84.39274460382687,33.95508273210866],[-84.39281623723016,33.955043772924775],[-84.3929322646708,33.95496353593274],[-84.39301620055791,33.954897072470786],[-84.39308444110314,33.95482274679384],[-84.39315024335248,33.95476456015466],[-84.39323329499723,33.954685065172065],[-84.3933073107302,33.95462136702091],[-84.39337972377832,33.95456901873501],[-84.39345791017725,33.95451426505217],[-84.39353690497451,33.95445676167463],[-84.3936380643608,33.95436003633682],[-84.3937236261324,33.95429185449871],[-84.39382727650907,33.954211286049095],[-84.39391613670087,33.95414345232832],[-84.39395574712397,33.954108088668136],[-84.39398631050925,33.954084223904964],[-84.3940143321844,33.95406232306097],[-84.39402733776059,33.95405356409121],[-84.39405556870908,33.954036723676225],[-84.39410541400406,33.954006946468176],[-84.39416468644376,33.95397396817785],[-84.39425850856166,33.95391815092187],[-84.39433543680349,33.95386957604227],[-84.39444832852108,33.953802159119924],[-84.39450576864752,33.95376785055088],[-84.39453344995549,33.953753106421374],[-84.39460589553607,33.95371311052386],[-84.39471374997221,33.95365487311973],[-84.3947836977991,33.9536090310951],[-84.39492543350785,33.953583355140644],[-84.39498863064534,33.9534794878679],[-84.39514298190275,33.95340981687759],[-84.39518006188568,33.9533930688764],[-84.39527932729,33.95335838295784],[-84.39536993141449,33.953320774652546],[-84.39549177147383,33.95325459160226],[-84.39555263288015,33.95320569238702],[-84.39566268305403,33.953175175961114],[-84.39591926065717,33.95310400823587],[-84.39605506821052,33.95302305162351],[-84.39616533887066,33.95295310804495],[-84.396202307066,33.952931543458895],[-84.3962655734609,33.952902964756035],[-84.39637886637912,33.95285181695151],[-84.39645438456566,33.95282648007565],[-84.39652353080568,33.95278651625478],[-84.39680664968007,33.95260564228834],[-84.39688897048657,33.95256013027111],[-84.39697210996705,33.95251532444334],[-84.39707337521601,33.95246017183889],[-84.39717626813454,33.952403627599274],[-84.39726929583091,33.95234506227626],[-84.39737621595492,33.95225624023384],[-84.39745187490146,33.95218636036046],[-84.39754903048477,33.95213328339755],[-84.39763465201113,33.95208879795275],[-84.3977136974174,33.9520518894321],[-84.39782321365021,33.9520059993548],[-84.39790141715106,33.951959487273704],[-84.39800422452069,33.951871353135644],[-84.39807580247137,33.95181418715933],[-84.39813996281387,33.95176666806007],[-84.39820577434959,33.951713648608305],[-84.39829629906119,33.95164784896067],[-84.3983711260699,33.95158485399774],[-84.39845339398504,33.95152010393932],[-84.39852004858788,33.95146572307897],[-84.39858832005706,33.951417133886196],[-84.39866171889541,33.95134510804527],[-84.39872196072159,33.95128594972243],[-84.39874785841565,33.95126397065321],[-84.39881613323824,33.95120477009066],[-84.39888433422281,33.95113076763525],[-84.39902911217082,33.95101267717671],[-84.39913428877672,33.950884348536384],[-84.39914583965944,33.950869769971376],[-84.39920230428423,33.95081434586551],[-84.39926554181888,33.95075224321535],[-84.39929647755842,33.95072187389629],[-84.39933657859234,33.95068849294717],[-84.39940727467489,33.950619655405866],[-84.39948714672478,33.95057520748744],[-84.39955131557923,33.950531442001804],[-84.39961791761627,33.95046982238697],[-84.39969020069067,33.9503724929993],[-84.39980201477235,33.95026028761751],[-84.39986695949021,33.95018974580786],[-84.399942607075,33.950117116254205],[-84.39999847631952,33.95004727229868],[-84.40005355787494,33.949987742610226],[-84.40014316726364,33.94989895096056],[-84.40020565297685,33.9498369853928],[-84.40028376866537,33.94975953535924],[-84.40037585943446,33.94967073882918],[-84.40046793966962,33.94957815992748],[-84.40053040898702,33.949510371521924],[-84.40059859653086,33.94942023262602],[-84.40066759312245,33.94932769833591],[-84.40067929446181,33.949308575142304],[-84.40073937616448,33.94922713152978],[-84.4007718400731,33.949183126340714],[-84.40080394430653,33.949151202716855],[-84.40086722330932,33.94908101787779],[-84.40093863623895,33.948964778687305],[-84.40101011188119,33.948871886044984],[-84.4010971968807,33.94876797010766],[-84.40115369342618,33.948665582024304],[-84.40119380122553,33.94861122231084],[-84.40120391878489,33.94859773454234],[-84.40124906705017,33.94853629104756],[-84.40128917480274,33.94848195835099],[-84.4013057736906,33.94846288076116],[-84.40136740503384,33.94838752887421],[-84.40142981614107,33.94829911450952],[-84.4014766023387,33.94822792663444],[-84.40215069352443,33.947534102554116],[-84.40221390299479,33.9474395101147],[-84.40227795862947,33.94734423529436],[-84.4023239467758,33.94727990548573],[-84.40238972935938,33.947218966645835],[-84.40248184188214,33.947139447111674],[-84.40255501508034,33.94707128281723],[-84.40260835784153,33.94698634115075],[-84.40265334816233,33.94690361994769],[-84.40271267807955,33.9468470193054],[-84.40277844014184,33.94677886908528],[-84.40283431248754,33.94671177196708],[-84.40288771252281,33.946648135501334],[-84.40293619205679,33.94658758300176],[-84.40296232112905,33.94655588846632],[-84.40298406272184,33.94653143970363],[-84.40304300598584,33.94646507141974],[-84.40316225672562,33.94635355463183],[-84.40323956955395,33.946294987902235],[-84.4033258525683,33.94619795581753],[-84.40338175626837,33.946142476746736],[-84.40340617743813,33.946119220116366],[-84.4034715630383,33.94605694794842],[-84.40354867195376,33.945983524411595],[-84.4035795077086,33.94595416040797],[-84.40361117330279,33.94592912080407],[-84.40371561618235,33.94583548237665],[-84.40379124437983,33.94575803397095],[-84.40393773700899,33.94567566132772],[-84.40401755515715,33.94561469365535],[-84.40413681201834,33.945517951760145],[-84.4042008869493,33.94544259371605],[-84.40424440251152,33.945370376909565],[-84.40428873844942,33.94531154585702],[-84.4043561687699,33.945245459894636],[-84.40442937239384,33.94518896777496],[-84.404532172449,33.945103929733015],[-84.40459711988261,33.94503716770612],[-84.40465383893594,33.94498174147442],[-84.40471464327511,33.944904675488075],[-84.40475648450825,33.94484138693669],[-84.40477257949784,33.9448178738423],[-84.40482382414889,33.94474300281564],[-84.40493672240657,33.944661536978536],[-84.40510336883032,33.94447831123819],[-84.40517732856647,33.944400866102626],[-84.40524884197525,33.94432413253806],[-84.40535164875821,33.94424216833876],[-84.40541904393373,33.94416370161648],[-84.405525111346,33.94406869793156],[-84.40561695927737,33.94401366472499],[-84.40569816562754,33.943936341353684],[-84.4058066583976,33.943833006190914],[-84.40592154692787,33.94374021655372],[-84.4060268340468,33.94365824696591],[-84.4061271106115,33.943559118253134],[-84.40622398852807,33.94343550698135],[-84.40622798593452,33.94337065870162],[-84.40631681350673,33.94329870730849],[-84.4064980501396,33.94317449609807],[-84.4065545841696,33.943135748537635],[-84.40665407948559,33.94304932754143],[-84.40670421332608,33.942987056316205],[-84.40676583438614,33.942922694336566],[-84.40687688523795,33.94283592423402],[-84.40692782783002,33.94277090227754],[-84.4069894619363,33.942711683039576],[-84.40718290691406,33.942611011006385],[-84.40725837633136,33.94247963173592],[-84.40733489328449,33.94243034171027],[-84.40741206396201,33.94231201998692],[-84.40751401195944,33.94221634189711],[-84.40758226667852,33.94215471558767],[-84.40767264867137,33.942055930448504],[-84.40776667993283,33.94196617330115],[-84.40785305987252,33.941883857772474],[-84.40791261089984,33.941827173014936],[-84.40798691131248,33.94175639123158],[-84.40800479779152,33.94174337724957],[-84.40807962592922,33.9416748800001],[-84.40817661902483,33.94158193218145],[-84.40826631251171,33.941517514372194],[-84.40837967114403,33.94138227861757],[-84.4084850512515,33.94133467224659],[-84.40852991270704,33.94129053242636],[-84.4085582661684,33.941273225891706],[-84.40864436963703,33.941220650518666],[-84.40866346802905,33.941208967565125],[-84.40874509598135,33.94117855029197],[-84.40892949634416,33.941090599917885],[-84.40904135820483,33.94100379830186],[-84.40910304547484,33.940952849418935],[-84.40926638460172,33.94084080525035],[-84.40937292124045,33.9407757277129],[-84.4094592540736,33.940701030792845],[-84.40955274702966,33.94061831954833],[-84.40963168531209,33.94054924251008],[-84.40964806599624,33.940534897752734],[-84.40973806288468,33.940474097398784],[-84.40977979232778,33.9404195954906],[-84.40981613517837,33.940387797263185],[-84.40987853839322,33.940301719175146],[-84.41001624839608,33.94021263497924],[-84.41006551854497,33.94016951914594],[-84.41008089289664,33.94015702736072],[-84.41016563996946,33.940099148425595],[-84.4102807634136,33.940000340368606],[-84.4103637719387,33.9399166971282],[-84.41042628313264,33.93986882049557],[-84.41051096219294,33.93978688784111],[-84.41059573715911,33.939738640637984],[-84.41068364824804,33.93964570881947],[-84.4108069846161,33.93953107575577],[-84.41088752148183,33.93945086504656],[-84.4109656641166,33.93938992410749],[-84.41105838408525,33.93930043841427],[-84.41113129556543,33.93923665049511],[-84.41122172639531,33.93915745408674],[-84.4113470011865,33.939047823363516],[-84.41140503081118,33.938997016732095],[-84.41142611587624,33.9389843222811],[-84.41152727124552,33.93889963505455],[-84.41155280661987,33.93886766755877],[-84.41160002395036,33.9388263512305],[-84.41164639506836,33.938762669894636],[-84.41175409395933,33.93866077362064],[-84.41184487258543,33.938611996969804],[-84.41190169642456,33.93856228076758],[-84.41199583015248,33.93845418014977],[-84.41211863628385,33.93837236064735],[-84.41223765568061,33.93826818280165],[-84.41229920404386,33.938169834020655],[-84.41237288710798,33.93811396101151],[-84.41239871827888,33.93809440094582],[-84.41243633808895,33.93804162031887],[-84.4124799400722,33.93799190318904],[-84.4125262752251,33.937939051036594],[-84.4125975409961,33.93787140205241],[-84.41266495997682,33.937805637900794],[-84.41272820310488,33.937729270801675],[-84.41285808260244,33.93759913983532],[-84.41293947789094,33.93753508862841],[-84.41301007889729,33.93742915672086],[-84.41313499959747,33.93730042298415],[-84.4131933251968,33.937228854029755],[-84.413242620663,33.937172404493076],[-84.41329852710146,33.93712214489294],[-84.41337981958917,33.93702272184171],[-84.4134570999,33.93694697811125],[-84.41353846813344,33.93686230272605],[-84.41357288712516,33.9367983452732],[-84.41363199698402,33.9367157818889],[-84.41368705749706,33.9366552118901],[-84.41375195860765,33.936577098984145],[-84.4138111505276,33.936523051128184],[-84.4138759901341,33.93643533323849],[-84.41393014023637,33.936342466846604],[-84.41400825007243,33.936271537594386],[-84.41407230546315,33.936194813820194],[-84.41416843631588,33.93609051687752],[-84.4142119565477,33.93602482695094],[-84.4142453162066,33.935978612763975],[-84.41428120509427,33.935937698659664],[-84.41436977069228,33.93583668246621],[-84.41454563342128,33.93563612028853],[-84.41472533093358,33.93540752482982],[-84.41482174060039,33.935321239528584],[-84.41487482817307,33.93523408846617],[-84.41499538781557,33.93512321112993],[-84.41503365108636,33.93507957180232],[-84.41506225396148,33.935059542144415],[-84.41512796521178,33.93498039269741],[-84.4151821850271,33.93491193356839],[-84.41527494050935,33.93480434981399],[-84.41533542496423,33.934735387481894],[-84.41536952159846,33.93470715626849],[-84.41543525429222,33.9346355712699],[-84.41551493266486,33.93454368675024],[-84.41560530696495,33.93443700557633],[-84.41571955534344,33.93433405837843],[-84.41577454878268,33.9342518566075],[-84.41580901731949,33.934216985831334],[-84.41588114016143,33.93415401263516],[-84.41595306766517,33.934091230035364],[-84.41630723539039,33.93376092326816],[-84.4164070300577,33.93369484615381],[-84.41648107365964,33.93363020971166],[-84.41652734194923,33.9335898184675],[-84.41658602746809,33.933542572170886],[-84.4165984872739,33.93352769075481],[-84.41665895216819,33.93347491743757],[-84.41673712982443,33.933406653311586],[-84.41677317384911,33.93337518000435],[-84.41686466863557,33.93329529741543],[-84.41690068011599,33.93326382413659],[-84.41695844792112,33.93321546421199],[-84.41705886986102,33.93316304495806],[-84.41713528730791,33.93308490681998],[-84.4172018641454,33.93302363107064],[-84.417261068486,33.93297540422604],[-84.41735062616131,33.93288075023394],[-84.41752017057526,33.93279006902122],[-84.41757273942535,33.932727788339996],[-84.41763763401846,33.93264967336546],[-84.41771076766855,33.93257635715542],[-84.41776497855409,33.93251750103354],[-84.41785300784322,33.93245857680769],[-84.41796145461142,33.93233846963735],[-84.41803660030237,33.93227200690993],[-84.41819073726907,33.93213743971074],[-84.41835448814398,33.932008920625336],[-84.41842265803554,33.931934907256725],[-84.41850499499706,33.931905543264435],[-84.41864415673845,33.93185168291985],[-84.4187816180064,33.9317971181213],[-84.41889261279228,33.93170035167054],[-84.4189691235818,33.93165450942083],[-84.41905226661041,33.93161107620546],[-84.41920039407215,33.931531402169774],[-84.41928925218922,33.93147764424831],[-84.419397009915,33.9314128268709],[-84.41948258009351,33.931361823720884],[-84.41953687644653,33.931321578049655],[-84.41961867618751,33.93127656935987],[-84.41969421878036,33.93123497351365],[-84.41979840793802,33.931177619583394],[-84.41987166960367,33.931137279777076],[-84.41998863378984,33.931072906386376],[-84.42078635731215,33.93075486960081],[-84.42115527178862,33.930542580292624],[-84.42139018845184,33.930363381899745],[-84.42175971983896,33.93019473372733],[-84.42210614490212,33.92999535889597],[-84.42245124379144,33.929822188068606],[-84.42282805286733,33.92961107470148],[-84.42316677864035,33.929392693041144],[-84.42351318668298,33.92920063279657],[-84.42386757215898,33.92900237875791],[-84.42420240383817,33.928815075200426],[-84.42458943752074,33.92859860191423],[-84.42496137499387,33.928398920350965],[-84.42529328596744,33.92822990497668],[-84.42556042926893,33.928080234989125],[-84.425853715221,33.92795154259446],[-84.42619985466335,33.92776078180275],[-84.4265813293895,33.92761965676137],[-84.42688884130408,33.92747936848462],[-84.42706293541848,33.92742090763732],[-84.42751788027893,33.927268142075164],[-84.4280553331221,33.92701659309978],[-84.42840008531186,33.926834127652924],[-84.42882861928307,33.926543270320046],[-84.42917480603272,33.92628662624713],[-84.42970326997067,33.92584380505432],[-84.42991848986748,33.92568027837029],[-84.43028259163032,33.925403566786606],[-84.43058237718026,33.92517575206489],[-84.4309775283538,33.924945391338326],[-84.43136362040761,33.92472032785054],[-84.43178597287694,33.92447409689145],[-84.4322148220234,33.924302786666466],[-84.43274581210488,33.92411408458339],[-84.43315422066885,33.92399399622337],[-84.43362444807131,33.9238734461298],[-84.434195966957,33.923735830909905],[-84.43462671554957,33.923663006631415],[-84.43511608558835,33.92358025777888],[-84.43566705903932,33.92345985024301],[-84.43621873826686,33.92330510015531],[-84.43644838878842,33.92321151310334],[-84.4365405769445,33.9231741973606],[-84.43694544369757,33.92297957733754],[-84.43733114365257,33.92272072817986],[-84.43764015198501,33.92244591192235],[-84.43790960211936,33.922171535452826],[-84.43812137546335,33.92189695913931],[-84.43833285867971,33.921541625059874],[-84.43850557994212,33.92117024060696],[-84.43871729518308,33.92062185294398],[-84.4388701828729,33.92023437708447],[-84.4389852476405,33.91987960831206],[-84.43911906687858,33.919459876090336],[-84.43931058417616,33.918782368099244],[-84.43942549088038,33.91837916634861],[-84.43956873850564,33.91807241392634],[-84.43975983965156,33.917788248346945],[-84.44001404558678,33.91739708936895],[-84.44028904643157,33.91705948825313],[-84.44038413448486,33.91697247795896],[-84.440674798987,33.91670656491428],[-84.44098911985193,33.916418993632796],[-84.44138104393848,33.916180634356365],[-84.44171108174548,33.91592064489337],[-84.44219959533514,33.91561793342427],[-84.44251789047244,33.91542210100373],[-84.4429218870014,33.915225721224665],[-84.44327727780585,33.91502735480171],[-84.4433043832993,33.91501224661998],[-84.44368600220547,33.914780542739194],[-84.44400510730264,33.91458470374313],[-84.44447408507162,33.914230682985384],[-84.4447900187931,33.91394397018671],[-84.44519280887044,33.91364144034788],[-84.445808396065,33.91314333504699],[-84.44619073426838,33.91287622103525],[-84.44668537468314,33.91256134367037],[-84.44697592886642,33.9123419715958],[-84.44723540929186,33.91212133610638],[-84.44749283734107,33.911902473744355],[-84.44780384231592,33.91151187672922],[-84.44794249967993,33.91132019450978],[-84.44804906082534,33.91115370037428],[-84.4481431550122,33.91094737264498],[-84.44821758071593,33.910774421277026],[-84.44826233360737,33.91060872099113],[-84.44829305821793,33.9104248767882],[-84.44830620056348,33.910332850660566],[-84.4483211323565,33.91023878004832],[-84.44834523917541,33.910087003924744],[-84.44836688541213,33.909950905565005],[-84.44837539342359,33.909908385039294],[-84.44843450314039,33.90958361138585],[-84.44846034357566,33.909423124210676],[-84.44849347268467,33.909226566839514],[-84.44851525919964,33.909083612114294],[-84.44853528306264,33.90891111136649],[-84.44856025348216,33.90873413711955],[-84.44856710784326,33.908565802275916],[-84.44855256459704,33.908400945298595],[-84.4485373047369,33.90827592400962],[-84.44850797897531,33.908131017872776],[-84.44847354021371,33.907929473046565],[-84.44837647798327,33.90772837077988],[-84.44827789552969,33.907570916256866],[-84.44815370998396,33.907387779494336],[-84.44801311314274,33.90723523726415],[-84.44787266986071,33.90711942696983],[-84.44769422741292,33.90697967744489],[-84.44751414608355,33.906847141737735],[-84.44736641727842,33.90675817550176],[-84.44733295186381,33.90673351820969],[-84.4472201601761,33.906650295823226],[-84.44710044854682,33.90650711978941],[-84.44701900354885,33.9064097035967],[-84.44693503582262,33.90630927352481],[-84.44686695706905,33.90622785331142],[-84.44684293790557,33.906197351660694],[-84.44678744612025,33.906132773195196],[-84.44671930250242,33.90605127189781],[-84.44662042932714,33.90593302589437],[-84.44654504468976,33.905812604003415],[-84.44650445181757,33.90574331118466],[-84.4464704272337,33.90566711947672],[-84.44641154269685,33.90555251070366],[-84.44633032625802,33.90541495919763],[-84.44629552031263,33.9053490820707],[-84.44623260690639,33.90525989573435],[-84.44616140530333,33.905160795797556],[-84.44609110870925,33.90507919082509],[-84.44602739166814,33.90499346125362],[-84.44595043971667,33.90489227973998],[-84.44590733253114,33.90481235406173],[-84.44585015048251,33.904719372183536],[-84.44579379616097,33.90464973434714],[-84.44576742542846,33.90460878879702],[-84.44571416144666,33.90452613788543],[-84.4456599778966,33.90444199142202],[-84.4456078942802,33.90436113383848],[-84.4455572867142,33.904282584673254],[-84.44554482313042,33.90426324043329],[-84.4454990166699,33.90417570102403],[-84.44544769796791,33.90409919471452],[-84.4453947387773,33.90402993039318],[-84.44535416227944,33.90396545364966],[-84.4452986745876,33.90388106562592],[-84.4452488593516,33.903815222131094],[-84.44523627391526,33.90379859835641],[-84.44520266991096,33.90375073007762],[-84.44516187866131,33.903700266912566],[-84.44514473862264,33.903677613394116],[-84.44510600052392,33.90362638278795],[-84.44507440425893,33.90358338145051],[-84.44501515415344,33.903506321241956],[-84.44496084997408,33.903434555933124],[-84.44487340481685,33.90334681189596],[-84.44477217168547,33.9032136584847],[-84.44471314940095,33.90313599892696],[-84.44466848129444,33.90307724572312],[-84.44461640718426,33.903008767081],[-84.44447319461035,33.90282036415969],[-84.44435722619652,33.902721392027246],[-84.4442802750071,33.90261920229731],[-84.44426358682651,33.90254465781564],[-84.44420528661956,33.902467976450325],[-84.44415747322513,33.90240506640285],[-84.44406496009864,33.902283375925684],[-84.44401458019502,33.90218381935895],[-84.44393835362553,33.90208307038381],[-84.44386648501273,33.90198805314575],[-84.44379356763503,33.901891676758815],[-84.44374798237381,33.90183145560886],[-84.44368511676373,33.90177581662467],[-84.44361116148104,33.90165060105349],[-84.4435171962709,33.90156390394726],[-84.44347207910411,33.9014667309533],[-84.44341879282103,33.90139629616051],[-84.44335587231781,33.901313121281866],[-84.4432385844325,33.90115809926213],[-84.4431642927012,33.90105992952014],[-84.44305283786373,33.90091259416192],[-84.44298134031159,33.90077009469872],[-84.44291381758299,33.900635584656385],[-84.44287217375357,33.90055255295075],[-84.4428166380991,33.90048269366055],[-84.44277476442595,33.900358493905834],[-84.44271620731402,33.90024181326399],[-84.44267886588906,33.90016739686026],[-84.44265561426278,33.900111015787694],[-84.44261164266824,33.900024533243744],[-84.44257684731646,33.899960368973886],[-84.44251797536884,33.899846818499775],[-84.44248626118505,33.8997159842128],[-84.44250135873641,33.89955073258873],[-84.44254689397829,33.89936307395573],[-84.44259984359822,33.89916748145974],[-84.44272912535685,33.89889408735391],[-84.44284036834298,33.898713763984205],[-84.44285059322196,33.898697170860046],[-84.44300210999204,33.89846889478537],[-84.44316456198278,33.89825210421715],[-84.44325728277396,33.89813679907935],[-84.44332777627085,33.89801950339333],[-84.44339152499755,33.89786478162004],[-84.44346591084424,33.89769972393915],[-84.44353797579998,33.897543949225614],[-84.44361113523006,33.897423790103275],[-84.44370555423815,33.89726869986363],[-84.44380561931192,33.89710431814558],[-84.44389069038627,33.89696459547669],[-84.44395904456326,33.89685233804169],[-84.44405696741633,33.89669149803798],[-84.44418277010145,33.896484856225456],[-84.44430259995161,33.89628802307828],[-84.44438053634539,33.896182573674444],[-84.44450931411963,33.896008277199115],[-84.44456088748235,33.89590372925423],[-84.44463215907828,33.895775764717314],[-84.44464343200552,33.89570017793915],[-84.44465549792598,33.89560774596558],[-84.44467487746769,33.89548642900356],[-84.44469020874288,33.89538438546115],[-84.44469897780667,33.89530156601441],[-84.44469596179893,33.89527708446989],[-84.44470050464321,33.89525930573744],[-84.44468812135952,33.89521359384294],[-84.44466556551892,33.89513038344528],[-84.44456348875518,33.89492501706923],[-84.44452192027977,33.89481450299512],[-84.4445020041962,33.89472037504498],[-84.444487623412,33.89465243786774],[-84.44446464722785,33.894389126265054],[-84.44444997318062,33.89422070453484],[-84.44433981797296,33.893928501831496],[-84.44431396147735,33.89383313575764],[-84.44415766305035,33.89325642369338],[-84.44383837952047,33.89260582322353],[-84.4431424247247,33.89190796011065],[-84.44235916994423,33.89121031628109],[-84.44238630505792,33.8906795017003],[-84.44278984192955,33.89012381826589],[-84.44294693586441,33.88948452692225],[-84.44307446390108,33.88896551379486],[-84.44358554551803,33.888557281187325],[-84.4439860216536,33.888311057593135],[-84.44439704467351,33.88805838658195],[-84.44491139864644,33.88764671305831],[-84.44513853729205,33.88706323036639],[-84.44513570065462,33.886451071348645],[-84.44513297588965,33.88586367269862],[-84.4445876439861,33.88484807489982],[-84.44407126739947,33.884126111368545],[-84.44398744065062,33.88342586608125],[-84.44404007082885,33.882883646947704],[-84.44417189047566,33.882476101547375],[-84.44428148697725,33.88213731062994],[-84.44438688563754,33.881368967624404],[-84.44427702358169,33.88075911751733],[-84.44408550165294,33.8801271112982],[-84.44408323498875,33.87942668197265],[-84.44428425413538,33.87841832356862],[-84.44116559694044,33.878396467479995],[-84.44118232089632,33.878474413583056],[-84.44108244944854,33.878674220251646],[-84.44099669896241,33.878902836914186],[-84.44067986968057,33.8789956204394],[-84.44086493849169,33.87916902425662],[-84.44032390237233,33.87973567403872],[-84.44006638628282,33.87983071809327],[-84.4397202340908,33.87977306593562],[-84.43957403912236,33.87965695981364],[-84.4396207757938,33.879325331273684],[-84.4395283309726,33.879266463556554],[-84.43939102434757,33.879349567399444],[-84.43901172601511,33.87922913178254],[-84.43885081156903,33.87914086555859],[-84.43874575269335,33.87926030369044],[-84.4384314527331,33.879369890454655],[-84.43796588345086,33.87931595262502],[-84.43806718339447,33.879575420410006],[-84.43793128652788,33.879836470795844],[-84.43757837584494,33.87999354024512],[-84.43717829765647,33.88006965431258],[-84.43698946291758,33.880273080922095],[-84.43700322240869,33.87836719435041],[-84.43630718324422,33.87836597112768],[-84.43076597973928,33.87835527792961],[-84.43027033324051,33.87976273311535],[-84.43006841542733,33.88107473171794],[-84.42996385002536,33.88109386608864],[-84.4298576258226,33.881103698134226],[-84.42975055594799,33.8811042802125],[-84.42964424243124,33.881095582754824],[-84.42953874692213,33.881077604729924],[-84.42943652005067,33.881050667305985],[-84.42933841053542,33.88101515007363],[-84.42924516854814,33.880971377836005],[-84.42915852374091,33.880919346919505],[-84.42907763285262,33.88086044584898],[-84.42900494215911,33.88079464418182],[-84.42894126990807,33.880722973465105],[-84.4285305755007,33.880296516721984],[-84.4288211740326,33.87835154032764],[-84.42748015060938,33.87834924291513],[-84.4257116756578,33.87833651106187],[-84.42556043999392,33.87868296511616],[-84.42547581972384,33.87887859047931],[-84.42540384758996,33.87903865395074],[-84.42533136075635,33.879017473420376],[-84.42430369955808,33.87872113516018],[-84.42390713639632,33.87861179091302],[-84.42405369527259,33.87832458431781],[-84.41983257215517,33.87829406493775],[-84.41943388290376,33.878291100995746],[-84.41861025180249,33.87832097729929],[-84.41838605045848,33.87827025319216],[-84.41747087678108,33.87826558953258],[-84.4173110886724,33.87826452701685],[-84.4169667494477,33.87826179797719],[-84.41680529675554,33.87826041179423],[-84.41458534564026,33.87824255898456],[-84.41436458466688,33.87824093456369],[-84.41368168114327,33.878235448380316],[-84.41262648113835,33.87822691968417],[-84.41245925383166,33.878225512283194],[-84.40938835866179,33.878200688311615],[-84.40881092816514,33.87819632791441],[-84.40803084037996,33.878189968062884],[-84.40779609468368,33.878192141629086],[-84.40778765900279,33.87841750953884],[-84.40779041350689,33.878805353861594],[-84.40779201226879,33.879083598412855],[-84.40779920070791,33.88017804541449],[-84.40780170316995,33.88047623232606],[-84.407803321322,33.880761333705934],[-84.40780490756305,33.881035469437606],[-84.4078059562475,33.88110659384523],[-84.4078095694712,33.88181113143449],[-84.40780979076337,33.88188979422681],[-84.40781167185298,33.882268714745955],[-84.40598281576317,33.882227954849775],[-84.40597078177092,33.88293083492632],[-84.40594788940295,33.885061081058254],[-84.40578638738342,33.885046946767815],[-84.40570399131032,33.88504057609219],[-84.40562079931155,33.88504109089199],[-84.40553762632808,33.88504881687953],[-84.40545692097028,33.88506374840804],[-84.40524132224422,33.885141441606464],[-84.40516976047026,33.88518315635813],[-84.40510398993872,33.885230683525414],[-84.4048541591825,33.88544691365529],[-84.40461678980606,33.885698137828825],[-84.40449845071537,33.8858014097045],[-84.4041560399722,33.88619919725395],[-84.404081280592,33.886276643932284],[-84.40401224577911,33.88633584937268],[-84.40392097426175,33.886399914128795],[-84.40382227222455,33.886455775614216],[-84.40371777226088,33.88650269583762],[-84.40360750170383,33.8865399948988],[-84.40349306381498,33.88656805019092],[-84.4033810630143,33.88658097215566],[-84.40265044493859,33.88661742016148],[-84.40234920302998,33.885807606820485],[-84.40197108017395,33.885810043494736],[-84.40196806103191,33.88380697194319],[-84.40196733614427,33.88324598904765],[-84.40196605544787,33.88218518886614],[-84.40186886900725,33.882185374407115],[-84.40186777755338,33.881787596307426],[-84.40128456695724,33.881194064653364],[-84.40106374491842,33.881172825787765],[-84.40003247801958,33.88119676861316],[-84.40000770561397,33.87935898222453],[-84.3981295717153,33.87934842896874],[-84.39813224506806,33.87880392833342],[-84.39813761523178,33.87866650882707],[-84.39815843205353,33.878136067533376],[-84.39807605800057,33.8781351889707],[-84.39703980458854,33.878123389590236],[-84.39694754512472,33.87812220145872],[-84.39682807821292,33.87812103702779],[-84.39330330448759,33.87808052338145],[-84.39001573904551,33.87804288108806],[-84.38988805254566,33.87804175277644],[-84.38952397351093,33.878037268792575],[-84.38952691119361,33.87885380385089],[-84.38961090120829,33.87884815554967],[-84.38969409479668,33.87883804553047],[-84.38977642656154,33.87882244153922],[-84.38985708410605,33.87880237832478],[-84.38997396642932,33.87876298414605],[-84.39024596323537,33.879146231171866],[-84.39050404825872,33.8795607400412],[-84.3910175579844,33.87968140724553],[-84.39140552145287,33.880307288145254],[-84.3917379186724,33.880157245142485],[-84.3920853929899,33.88072959459345],[-84.39118849001429,33.88110912229529],[-84.39205236540792,33.88226314729373],[-84.39347946340429,33.88333199708019],[-84.3941586025834,33.88409232097784],[-84.39476252798238,33.884744947327356],[-84.3954781015003,33.885249614111736],[-84.39607308710141,33.88594380054808],[-84.3963152049151,33.88622573278358],[-84.3955199959624,33.88675383147182],[-84.39545057893227,33.88667222171381],[-84.39537295214595,33.88659506229908],[-84.3950584259029,33.886344880114194],[-84.39499322070623,33.88630067655443],[-84.39405080852167,33.88569025285401],[-84.39397001546612,33.885660879663476],[-84.39388756675659,33.885634556099845],[-84.39380430923752,33.8856110101081],[-84.39371939619535,33.88559056873736],[-84.3936344903994,33.885572848431224],[-84.39354796351324,33.88555858611942],[-84.39346059528101,33.88554707438266],[-84.39337326857185,33.88553899052652],[-84.39328510502837,33.88553537034276],[-84.3931335124477,33.88552947284723],[-84.39313347516543,33.88488568873721],[-84.390918867648,33.883520132387375],[-84.38967681021336,33.88201259489286],[-84.38805333071497,33.880795650591374],[-84.38806255192253,33.88022264938145],[-84.388083113481,33.87925353421235],[-84.38811865572151,33.87802227889881],[-84.38688307469607,33.87802035727934],[-84.38507584903147,33.87801807717765],[-84.3849111046698,33.87801804265861],[-84.3838048405803,33.87801654091986],[-84.38331311190416,33.878025324556134],[-84.38306431869249,33.87801991187203],[-84.38265657501705,33.87802166047993],[-84.38196632324421,33.87802493671491],[-84.38072665094288,33.87803052434882],[-84.38061957070177,33.87803860143424],[-84.37902155793803,33.87803861732485],[-84.37843836484156,33.878038260341384],[-84.37832138476807,33.87803982188455],[-84.37820691442069,33.878040371879756],[-84.37809240801245,33.878039888554305],[-84.37797789905588,33.87803837094898],[-84.37786342078884,33.87803614539942],[-84.37758083553477,33.87801910605597],[-84.37736663566906,33.878005405134296],[-84.37726858664594,33.87799800800189],[-84.37716972511625,33.87799164725883],[-84.37707086700411,33.877986673148655],[-84.37697038103066,33.87798306230773],[-84.37687068103598,33.87798081061474],[-84.37677020101205,33.87797962139797],[-84.37666969276158,33.8779801470613],[-84.37656921940263,33.877981678810436],[-84.37646871592477,33.87798459814861],[-84.3749118798684,33.87797385131429],[-84.37447038414687,33.877980419364576],[-84.37435425240996,33.87798232915312],[-84.37413759579096,33.87797790550696],[-84.37287893202132,33.87796799120133],[-84.37100000479919,33.87795291785523],[-84.37040854810616,33.87794804641678],[-84.3698947879367,33.87793915436704],[-84.36909034994935,33.87792505046318],[-84.36858849843162,33.8779162406997],[-84.36859004319341,33.878378425597845],[-84.36859137847406,33.8787791975851],[-84.36859210767949,33.87899194942287],[-84.36850985322852,33.878986560748075],[-84.36834438470038,33.87902598706458],[-84.36829018375515,33.8791030250862],[-84.3682351798505,33.87917146638403],[-84.36806340100097,33.87934387700257],[-84.36794819118352,33.87939214504242],[-84.36785682999361,33.8794125648443],[-84.36755797763996,33.879485186082995],[-84.3675054289153,33.87955775885981],[-84.36745719690431,33.87971862010443],[-84.36738490652327,33.879803224882096],[-84.36731581851383,33.87984834261333],[-84.36721220295907,33.87991618185596],[-84.36710101868839,33.87992838968792],[-84.36695683775632,33.87992037954745],[-84.36685056661648,33.87991266110164],[-84.36675910530008,33.87990489146848],[-84.36662404306404,33.87991784542486],[-84.36653514622988,33.87994683211243],[-84.3649264677965,33.879977266124605],[-84.36364400771258,33.87858253240977],[-84.36373603285149,33.878481735494276],[-84.36378531139914,33.878418801730824],[-84.36384524400165,33.87833558028749],[-84.36391014288137,33.878255777989224],[-84.36380532169059,33.87816868434589],[-84.36375901832214,33.878092488896876],[-84.3637299822902,33.8780066606738],[-84.36364163820991,33.877920573813284],[-84.36352860656527,33.87783727451959],[-84.36352588461314,33.87773181342473],[-84.36344420524392,33.877663593440374],[-84.36340285061489,33.877597022141934],[-84.36336974535735,33.87752869659931],[-84.36333416830864,33.87746383096853],[-84.3633060279821,33.877398272723994],[-84.36327784815656,33.877329612901924],[-84.36324388915624,33.877244799535596],[-84.36315470061228,33.87714532614443],[-84.36309691658475,33.87708392387239],[-84.3630292236802,33.87702599333898],[-84.36298625500153,33.876966634860786],[-84.36294328794091,33.876907957100805],[-84.36289533359941,33.876822486086645],[-84.36066578635804,33.87692633860761],[-84.36066427004535,33.87771232558607],[-84.36066395167434,33.87793182795276],[-84.35884936227616,33.87791250714289],[-84.35883259556087,33.877931075467046],[-84.35883763872515,33.87794231823668],[-84.35897484203564,33.878160404184996],[-84.35898475803599,33.8781777686759],[-84.35899444938632,33.87819521917218],[-84.35900391825466,33.87821275837534],[-84.35901316137763,33.87823037727417],[-84.35902218092318,33.87824807857028],[-84.35903097148224,33.87826586046883],[-84.35903953412145,33.878283716656775],[-84.35904772505917,33.87830116137601],[-84.35891150104324,33.878391261817725],[-84.35888760024419,33.878390804102416],[-84.35882566183378,33.878389616768985],[-84.35863904172969,33.8783852948535],[-84.35826005852505,33.878376779923066],[-84.35750486366936,33.87835911202848],[-84.357130910183,33.87835042624593],[-84.35650755141775,33.8783359223323],[-84.3564528501653,33.87833465142745],[-84.35636635253258,33.87833242953299]]]},"properties":{"OBJECTID":"7","CityName":"Sandy Springs","Effective_Date":"11/30/05, 2:00 PM","Acres":"24,833.09","UpdatedBy":"","UpdatedDate":"","Shape.STArea()":"1,081,586,974.33","Shape.STLength()":"226,240.83"},"id":7}]}